Failed to process data_test_Yuhang/midi_SymbTr\mahur--sarki--agir_aksaksemai--sen_seh-i--iii_selim.mid:
Traceback (most recent call last):
  File "E:\Master\Moonbeam\data_preprocess.py", line 100, in process_midi_file_safe_v2
    out = process_midi_file_v2(midi_file, split, onset_vocab_size, dur_vocab_size, output_folder, log_file,
  File "E:\Master\Moonbeam\data_preprocess.py", line 173, in process_midi_file_v2
    return [filter_large_ts_dur(compounds, output_file_path, split, onset_vocab_size, dur_vocab_size, log_file)]
  File "E:\Master\Moonbeam\data_preprocess.py", line 149, in filter_large_ts_dur
    'length_duration': compounds[-1][0] + compounds[-1][1],
IndexError: list index out of range

Failed to process data_test_Yuhang/midi_SymbTr\suzinak--sarki--curcuna--ne_muskulmus--osman_nihat_akin.mid:
Traceback (most recent call last):
  File "E:\Master\Moonbeam\data_preprocess.py", line 100, in process_midi_file_safe_v2
    out = process_midi_file_v2(midi_file, split, onset_vocab_size, dur_vocab_size, output_folder, log_file,
  File "E:\Master\Moonbeam\data_preprocess.py", line 173, in process_midi_file_v2
    return [filter_large_ts_dur(compounds, output_file_path, split, onset_vocab_size, dur_vocab_size, log_file)]
  File "E:\Master\Moonbeam\data_preprocess.py", line 149, in filter_large_ts_dur
    'length_duration': compounds[-1][0] + compounds[-1][1],
IndexError: list index out of range

Failed to process data_test_Yuhang/midi_SymbTr\acemasiran--sarki--duyek--bulutlar_kokunu--sadettin_kaynak.mid:
Traceback (most recent call last):
  File "E:\Master\Moonbeam\data_preprocess.py", line 100, in process_midi_file_safe_v2
    out = process_midi_file_v2(midi_file, split, onset_vocab_size, dur_vocab_size, output_folder, log_file,
  File "E:\Master\Moonbeam\data_preprocess.py", line 173, in process_midi_file_v2
    return [filter_large_ts_dur(compounds, output_file_path, split, onset_vocab_size, dur_vocab_size, log_file)]
  File "E:\Master\Moonbeam\data_preprocess.py", line 149, in filter_large_ts_dur
    'length_duration': compounds[-1][0] + compounds[-1][1],
IndexError: list index out of range

Failed to process data_test_Yuhang/midi_SymbTr\neva--murabba--zencir--piyaleler_ki--itri.mid:
Traceback (most recent call last):
  File "E:\Master\Moonbeam\data_preprocess.py", line 100, in process_midi_file_safe_v2
    out = process_midi_file_v2(midi_file, split, onset_vocab_size, dur_vocab_size, output_folder, log_file,
  File "E:\Master\Moonbeam\data_preprocess.py", line 173, in process_midi_file_v2
    return [filter_large_ts_dur(compounds, output_file_path, split, onset_vocab_size, dur_vocab_size, log_file)]
  File "E:\Master\Moonbeam\data_preprocess.py", line 149, in filter_large_ts_dur
    'length_duration': compounds[-1][0] + compounds[-1][1],
IndexError: list index out of range

Failed to process data_test_Yuhang/midi_SymbTr\huzzam--sarki--senginsemai--mahzun_durusun--ekrem_guyer.mid:
Traceback (most recent call last):
  File "E:\Master\Moonbeam\data_preprocess.py", line 100, in process_midi_file_safe_v2
    out = process_midi_file_v2(midi_file, split, onset_vocab_size, dur_vocab_size, output_folder, log_file,
  File "E:\Master\Moonbeam\data_preprocess.py", line 173, in process_midi_file_v2
    return [filter_large_ts_dur(compounds, output_file_path, split, onset_vocab_size, dur_vocab_size, log_file)]
  File "E:\Master\Moonbeam\data_preprocess.py", line 149, in filter_large_ts_dur
    'length_duration': compounds[-1][0] + compounds[-1][1],
IndexError: list index out of range

Failed to process data_test_Yuhang/midi_SymbTr\muhayyer--beste--muhammes--derd-i_hicrana--tosunzade_abdullah_efendi.mid:
Traceback (most recent call last):
  File "E:\Master\Moonbeam\data_preprocess.py", line 100, in process_midi_file_safe_v2
    out = process_midi_file_v2(midi_file, split, onset_vocab_size, dur_vocab_size, output_folder, log_file,
  File "E:\Master\Moonbeam\data_preprocess.py", line 173, in process_midi_file_v2
    return [filter_large_ts_dur(compounds, output_file_path, split, onset_vocab_size, dur_vocab_size, log_file)]
  File "E:\Master\Moonbeam\data_preprocess.py", line 149, in filter_large_ts_dur
    'length_duration': compounds[-1][0] + compounds[-1][1],
IndexError: list index out of range

Failed to process data_test_Yuhang/midi_SymbTr\buselik--sarki--aksak--eda_ile--dede_efendi.mid:
Traceback (most recent call last):
  File "E:\Master\Moonbeam\data_preprocess.py", line 100, in process_midi_file_safe_v2
    out = process_midi_file_v2(midi_file, split, onset_vocab_size, dur_vocab_size, output_folder, log_file,
  File "E:\Master\Moonbeam\data_preprocess.py", line 173, in process_midi_file_v2
    return [filter_large_ts_dur(compounds, output_file_path, split, onset_vocab_size, dur_vocab_size, log_file)]
  File "E:\Master\Moonbeam\data_preprocess.py", line 149, in filter_large_ts_dur
    'length_duration': compounds[-1][0] + compounds[-1][1],
IndexError: list index out of range

Failed to process data_test_Yuhang/midi_SymbTr\nihavent--sarki--curcuna--yine_bu--osman_nihat_akin.mid:
Traceback (most recent call last):
  File "E:\Master\Moonbeam\data_preprocess.py", line 100, in process_midi_file_safe_v2
    out = process_midi_file_v2(midi_file, split, onset_vocab_size, dur_vocab_size, output_folder, log_file,
  File "E:\Master\Moonbeam\data_preprocess.py", line 173, in process_midi_file_v2
    return [filter_large_ts_dur(compounds, output_file_path, split, onset_vocab_size, dur_vocab_size, log_file)]
  File "E:\Master\Moonbeam\data_preprocess.py", line 149, in filter_large_ts_dur
    'length_duration': compounds[-1][0] + compounds[-1][1],
IndexError: list index out of range

Failed to process data_test_Yuhang/midi_SymbTr\kurdilihicazkar--sarki--nimsofyan--artik_sevgili--gulen_ertek.mid:
Traceback (most recent call last):
  File "E:\Master\Moonbeam\data_preprocess.py", line 100, in process_midi_file_safe_v2
    out = process_midi_file_v2(midi_file, split, onset_vocab_size, dur_vocab_size, output_folder, log_file,
  File "E:\Master\Moonbeam\data_preprocess.py", line 173, in process_midi_file_v2
    return [filter_large_ts_dur(compounds, output_file_path, split, onset_vocab_size, dur_vocab_size, log_file)]
  File "E:\Master\Moonbeam\data_preprocess.py", line 149, in filter_large_ts_dur
    'length_duration': compounds[-1][0] + compounds[-1][1],
IndexError: list index out of range

Failed to process data_test_Yuhang/midi_SymbTr\hicaz_humayun--sarki--agiraksak--var_mi--sivelioglu_yorgaki.mid:
Traceback (most recent call last):
  File "E:\Master\Moonbeam\data_preprocess.py", line 100, in process_midi_file_safe_v2
    out = process_midi_file_v2(midi_file, split, onset_vocab_size, dur_vocab_size, output_folder, log_file,
  File "E:\Master\Moonbeam\data_preprocess.py", line 173, in process_midi_file_v2
    return [filter_large_ts_dur(compounds, output_file_path, split, onset_vocab_size, dur_vocab_size, log_file)]
  File "E:\Master\Moonbeam\data_preprocess.py", line 149, in filter_large_ts_dur
    'length_duration': compounds[-1][0] + compounds[-1][1],
IndexError: list index out of range

Failed to process data_test_Yuhang/midi_SymbTr\karcigar--sarki--duyek--nedir_bu--selahattin_icli.mid:
Traceback (most recent call last):
  File "E:\Master\Moonbeam\data_preprocess.py", line 100, in process_midi_file_safe_v2
    out = process_midi_file_v2(midi_file, split, onset_vocab_size, dur_vocab_size, output_folder, log_file,
  File "E:\Master\Moonbeam\data_preprocess.py", line 173, in process_midi_file_v2
    return [filter_large_ts_dur(compounds, output_file_path, split, onset_vocab_size, dur_vocab_size, log_file)]
  File "E:\Master\Moonbeam\data_preprocess.py", line 149, in filter_large_ts_dur
    'length_duration': compounds[-1][0] + compounds[-1][1],
IndexError: list index out of range

Failed to process data_test_Yuhang/midi_SymbTr\saba--pesrev--hafif----zurnazen_dagi_ahmet_celebi.mid:
Traceback (most recent call last):
  File "E:\Master\Moonbeam\data_preprocess.py", line 100, in process_midi_file_safe_v2
    out = process_midi_file_v2(midi_file, split, onset_vocab_size, dur_vocab_size, output_folder, log_file,
  File "E:\Master\Moonbeam\data_preprocess.py", line 173, in process_midi_file_v2
    return [filter_large_ts_dur(compounds, output_file_path, split, onset_vocab_size, dur_vocab_size, log_file)]
  File "E:\Master\Moonbeam\data_preprocess.py", line 149, in filter_large_ts_dur
    'length_duration': compounds[-1][0] + compounds[-1][1],
IndexError: list index out of range

Failed to process data_test_Yuhang/midi_SymbTr\mahur--kar--hafif--gul_bi-ruh-i--abdulkadir_meragi.mid:
Traceback (most recent call last):
  File "E:\Master\Moonbeam\data_preprocess.py", line 100, in process_midi_file_safe_v2
    out = process_midi_file_v2(midi_file, split, onset_vocab_size, dur_vocab_size, output_folder, log_file,
  File "E:\Master\Moonbeam\data_preprocess.py", line 173, in process_midi_file_v2
    return [filter_large_ts_dur(compounds, output_file_path, split, onset_vocab_size, dur_vocab_size, log_file)]
  File "E:\Master\Moonbeam\data_preprocess.py", line 149, in filter_large_ts_dur
    'length_duration': compounds[-1][0] + compounds[-1][1],
IndexError: list index out of range

Failed to process data_test_Yuhang/midi_SymbTr\huzzam--ilahi--muhammes--duseli_askin--tiznam_yusuf_celebi.mid:
Traceback (most recent call last):
  File "E:\Master\Moonbeam\data_preprocess.py", line 100, in process_midi_file_safe_v2
    out = process_midi_file_v2(midi_file, split, onset_vocab_size, dur_vocab_size, output_folder, log_file,
  File "E:\Master\Moonbeam\data_preprocess.py", line 173, in process_midi_file_v2
    return [filter_large_ts_dur(compounds, output_file_path, split, onset_vocab_size, dur_vocab_size, log_file)]
  File "E:\Master\Moonbeam\data_preprocess.py", line 149, in filter_large_ts_dur
    'length_duration': compounds[-1][0] + compounds[-1][1],
IndexError: list index out of range

Failed to process data_test_Yuhang/midi_SymbTr\ussak--sarki--curcuna--omrumun_gulusun--haydar_tatliyay.mid:
Traceback (most recent call last):
  File "E:\Master\Moonbeam\data_preprocess.py", line 100, in process_midi_file_safe_v2
    out = process_midi_file_v2(midi_file, split, onset_vocab_size, dur_vocab_size, output_folder, log_file,
  File "E:\Master\Moonbeam\data_preprocess.py", line 173, in process_midi_file_v2
    return [filter_large_ts_dur(compounds, output_file_path, split, onset_vocab_size, dur_vocab_size, log_file)]
  File "E:\Master\Moonbeam\data_preprocess.py", line 149, in filter_large_ts_dur
    'length_duration': compounds[-1][0] + compounds[-1][1],
IndexError: list index out of range

Failed to process data_test_Yuhang/midi_SymbTr\nihavent--fantezi--duyek--bahar_meltemidir--emin_ongan.mid:
Traceback (most recent call last):
  File "E:\Master\Moonbeam\data_preprocess.py", line 100, in process_midi_file_safe_v2
    out = process_midi_file_v2(midi_file, split, onset_vocab_size, dur_vocab_size, output_folder, log_file,
  File "E:\Master\Moonbeam\data_preprocess.py", line 173, in process_midi_file_v2
    return [filter_large_ts_dur(compounds, output_file_path, split, onset_vocab_size, dur_vocab_size, log_file)]
  File "E:\Master\Moonbeam\data_preprocess.py", line 149, in filter_large_ts_dur
    'length_duration': compounds[-1][0] + compounds[-1][1],
IndexError: list index out of range

Failed to process data_test_Yuhang/midi_SymbTr\muhayyer--pesrev--darbifetih----tanburi_isak.mid:
Traceback (most recent call last):
  File "E:\Master\Moonbeam\data_preprocess.py", line 100, in process_midi_file_safe_v2
    out = process_midi_file_v2(midi_file, split, onset_vocab_size, dur_vocab_size, output_folder, log_file,
  File "E:\Master\Moonbeam\data_preprocess.py", line 173, in process_midi_file_v2
    return [filter_large_ts_dur(compounds, output_file_path, split, onset_vocab_size, dur_vocab_size, log_file)]
  File "E:\Master\Moonbeam\data_preprocess.py", line 149, in filter_large_ts_dur
    'length_duration': compounds[-1][0] + compounds[-1][1],
IndexError: list index out of range

Failed to process data_test_Yuhang/midi_SymbTr\mahur--sarki--aksak--gor_nitti_cana--dede_efendi.mid:
Traceback (most recent call last):
  File "E:\Master\Moonbeam\data_preprocess.py", line 100, in process_midi_file_safe_v2
    out = process_midi_file_v2(midi_file, split, onset_vocab_size, dur_vocab_size, output_folder, log_file,
  File "E:\Master\Moonbeam\data_preprocess.py", line 173, in process_midi_file_v2
    return [filter_large_ts_dur(compounds, output_file_path, split, onset_vocab_size, dur_vocab_size, log_file)]
  File "E:\Master\Moonbeam\data_preprocess.py", line 149, in filter_large_ts_dur
    'length_duration': compounds[-1][0] + compounds[-1][1],
IndexError: list index out of range

Failed to process data_test_Yuhang/midi_SymbTr\nihavent--sarki--curcuna--goze_mi--osman_nihat_akin.mid:
Traceback (most recent call last):
  File "E:\Master\Moonbeam\data_preprocess.py", line 100, in process_midi_file_safe_v2
    out = process_midi_file_v2(midi_file, split, onset_vocab_size, dur_vocab_size, output_folder, log_file,
  File "E:\Master\Moonbeam\data_preprocess.py", line 173, in process_midi_file_v2
    return [filter_large_ts_dur(compounds, output_file_path, split, onset_vocab_size, dur_vocab_size, log_file)]
  File "E:\Master\Moonbeam\data_preprocess.py", line 149, in filter_large_ts_dur
    'length_duration': compounds[-1][0] + compounds[-1][1],
IndexError: list index out of range

Failed to process data_test_Yuhang/midi_SymbTr\neva--murabba--muhammes--zeyn_eden--dede_efendi.mid:
Traceback (most recent call last):
  File "E:\Master\Moonbeam\data_preprocess.py", line 100, in process_midi_file_safe_v2
    out = process_midi_file_v2(midi_file, split, onset_vocab_size, dur_vocab_size, output_folder, log_file,
  File "E:\Master\Moonbeam\data_preprocess.py", line 173, in process_midi_file_v2
    return [filter_large_ts_dur(compounds, output_file_path, split, onset_vocab_size, dur_vocab_size, log_file)]
  File "E:\Master\Moonbeam\data_preprocess.py", line 149, in filter_large_ts_dur
    'length_duration': compounds[-1][0] + compounds[-1][1],
IndexError: list index out of range

Failed to process data_test_Yuhang/midi_SymbTr\hicazkar--sarki--duyek--ciceklerin_guluyor--sadettin_kaynak.mid:
Traceback (most recent call last):
  File "E:\Master\Moonbeam\data_preprocess.py", line 100, in process_midi_file_safe_v2
    out = process_midi_file_v2(midi_file, split, onset_vocab_size, dur_vocab_size, output_folder, log_file,
  File "E:\Master\Moonbeam\data_preprocess.py", line 173, in process_midi_file_v2
    return [filter_large_ts_dur(compounds, output_file_path, split, onset_vocab_size, dur_vocab_size, log_file)]
  File "E:\Master\Moonbeam\data_preprocess.py", line 149, in filter_large_ts_dur
    'length_duration': compounds[-1][0] + compounds[-1][1],
IndexError: list index out of range

Failed to process data_test_Yuhang/midi_SymbTr\karcigar--nakis--yuruksemai--nihani_ol--dellalzade_haci_ismail_efendi.mid:
Traceback (most recent call last):
  File "E:\Master\Moonbeam\data_preprocess.py", line 100, in process_midi_file_safe_v2
    out = process_midi_file_v2(midi_file, split, onset_vocab_size, dur_vocab_size, output_folder, log_file,
  File "E:\Master\Moonbeam\data_preprocess.py", line 173, in process_midi_file_v2
    return [filter_large_ts_dur(compounds, output_file_path, split, onset_vocab_size, dur_vocab_size, log_file)]
  File "E:\Master\Moonbeam\data_preprocess.py", line 149, in filter_large_ts_dur
    'length_duration': compounds[-1][0] + compounds[-1][1],
IndexError: list index out of range

Failed to process data_test_Yuhang/midi_SymbTr\hicazkar--sirto--nimsofyan----kemani_sebuh.mid:
Traceback (most recent call last):
  File "E:\Master\Moonbeam\data_preprocess.py", line 100, in process_midi_file_safe_v2
    out = process_midi_file_v2(midi_file, split, onset_vocab_size, dur_vocab_size, output_folder, log_file,
  File "E:\Master\Moonbeam\data_preprocess.py", line 173, in process_midi_file_v2
    return [filter_large_ts_dur(compounds, output_file_path, split, onset_vocab_size, dur_vocab_size, log_file)]
  File "E:\Master\Moonbeam\data_preprocess.py", line 149, in filter_large_ts_dur
    'length_duration': compounds[-1][0] + compounds[-1][1],
IndexError: list index out of range

Failed to process data_test_Yuhang/midi_SymbTr\muhayyerkurdi--sarki--semai--yalniz_kalan--teoman_alpay.mid:
Traceback (most recent call last):
  File "E:\Master\Moonbeam\data_preprocess.py", line 100, in process_midi_file_safe_v2
    out = process_midi_file_v2(midi_file, split, onset_vocab_size, dur_vocab_size, output_folder, log_file,
  File "E:\Master\Moonbeam\data_preprocess.py", line 173, in process_midi_file_v2
    return [filter_large_ts_dur(compounds, output_file_path, split, onset_vocab_size, dur_vocab_size, log_file)]
  File "E:\Master\Moonbeam\data_preprocess.py", line 149, in filter_large_ts_dur
    'length_duration': compounds[-1][0] + compounds[-1][1],
IndexError: list index out of range

Failed to process data_test_Yuhang/midi_SymbTr\hicaz_humayun--sazsemaisi--aksaksemai----tanburi_isak.mid:
Traceback (most recent call last):
  File "E:\Master\Moonbeam\data_preprocess.py", line 100, in process_midi_file_safe_v2
    out = process_midi_file_v2(midi_file, split, onset_vocab_size, dur_vocab_size, output_folder, log_file,
  File "E:\Master\Moonbeam\data_preprocess.py", line 173, in process_midi_file_v2
    return [filter_large_ts_dur(compounds, output_file_path, split, onset_vocab_size, dur_vocab_size, log_file)]
  File "E:\Master\Moonbeam\data_preprocess.py", line 149, in filter_large_ts_dur
    'length_duration': compounds[-1][0] + compounds[-1][1],
IndexError: list index out of range

Failed to process data_test_Yuhang/midi_SymbTr\hicazkar--sarki--devrihindi--seb_ta_seher--hasim_bey.mid:
Traceback (most recent call last):
  File "E:\Master\Moonbeam\data_preprocess.py", line 100, in process_midi_file_safe_v2
    out = process_midi_file_v2(midi_file, split, onset_vocab_size, dur_vocab_size, output_folder, log_file,
  File "E:\Master\Moonbeam\data_preprocess.py", line 173, in process_midi_file_v2
    return [filter_large_ts_dur(compounds, output_file_path, split, onset_vocab_size, dur_vocab_size, log_file)]
  File "E:\Master\Moonbeam\data_preprocess.py", line 149, in filter_large_ts_dur
    'length_duration': compounds[-1][0] + compounds[-1][1],
IndexError: list index out of range

Failed to process data_test_Yuhang/midi_SymbTr\karcigar--beste--zencir--yikildi_ask_ile--dellalzade_haci_ismail_efendi.mid:
Traceback (most recent call last):
  File "E:\Master\Moonbeam\data_preprocess.py", line 100, in process_midi_file_safe_v2
    out = process_midi_file_v2(midi_file, split, onset_vocab_size, dur_vocab_size, output_folder, log_file,
  File "E:\Master\Moonbeam\data_preprocess.py", line 173, in process_midi_file_v2
    return [filter_large_ts_dur(compounds, output_file_path, split, onset_vocab_size, dur_vocab_size, log_file)]
  File "E:\Master\Moonbeam\data_preprocess.py", line 149, in filter_large_ts_dur
    'length_duration': compounds[-1][0] + compounds[-1][1],
IndexError: list index out of range

Failed to process data_test_Yuhang/midi_SymbTr\hicaz--sarki--agiraksak--omrum_artar--bimen_sen.mid:
Traceback (most recent call last):
  File "E:\Master\Moonbeam\data_preprocess.py", line 100, in process_midi_file_safe_v2
    out = process_midi_file_v2(midi_file, split, onset_vocab_size, dur_vocab_size, output_folder, log_file,
  File "E:\Master\Moonbeam\data_preprocess.py", line 173, in process_midi_file_v2
    return [filter_large_ts_dur(compounds, output_file_path, split, onset_vocab_size, dur_vocab_size, log_file)]
  File "E:\Master\Moonbeam\data_preprocess.py", line 149, in filter_large_ts_dur
    'length_duration': compounds[-1][0] + compounds[-1][1],
IndexError: list index out of range

Failed to process data_test_Yuhang/midi_SymbTr\acemasiran--sarki--duyek--bu_hal--sadettin_kaynak.mid:
Traceback (most recent call last):
  File "E:\Master\Moonbeam\data_preprocess.py", line 100, in process_midi_file_safe_v2
    out = process_midi_file_v2(midi_file, split, onset_vocab_size, dur_vocab_size, output_folder, log_file,
  File "E:\Master\Moonbeam\data_preprocess.py", line 173, in process_midi_file_v2
    return [filter_large_ts_dur(compounds, output_file_path, split, onset_vocab_size, dur_vocab_size, log_file)]
  File "E:\Master\Moonbeam\data_preprocess.py", line 149, in filter_large_ts_dur
    'length_duration': compounds[-1][0] + compounds[-1][1],
IndexError: list index out of range

Failed to process data_test_Yuhang/midi_SymbTr\hicazkar--sarki--devrihindi--gizli_sevdim--tahir_aga.mid:
Traceback (most recent call last):
  File "E:\Master\Moonbeam\data_preprocess.py", line 100, in process_midi_file_safe_v2
    out = process_midi_file_v2(midi_file, split, onset_vocab_size, dur_vocab_size, output_folder, log_file,
  File "E:\Master\Moonbeam\data_preprocess.py", line 173, in process_midi_file_v2
    return [filter_large_ts_dur(compounds, output_file_path, split, onset_vocab_size, dur_vocab_size, log_file)]
  File "E:\Master\Moonbeam\data_preprocess.py", line 149, in filter_large_ts_dur
    'length_duration': compounds[-1][0] + compounds[-1][1],
IndexError: list index out of range

Failed to process data_test_Yuhang/midi_SymbTr\ussak--ilahi--sofyan--ey_sehinsah-i--tiznam_yusuf_celebi.mid:
Traceback (most recent call last):
  File "E:\Master\Moonbeam\data_preprocess.py", line 100, in process_midi_file_safe_v2
    out = process_midi_file_v2(midi_file, split, onset_vocab_size, dur_vocab_size, output_folder, log_file,
  File "E:\Master\Moonbeam\data_preprocess.py", line 173, in process_midi_file_v2
    return [filter_large_ts_dur(compounds, output_file_path, split, onset_vocab_size, dur_vocab_size, log_file)]
  File "E:\Master\Moonbeam\data_preprocess.py", line 149, in filter_large_ts_dur
    'length_duration': compounds[-1][0] + compounds[-1][1],
IndexError: list index out of range

Failed to process data_test_Yuhang/midi_SymbTr\huzzam--beste--agircenber--asika_tan--hekimbasi_abdulaziz_efendi.mid:
Traceback (most recent call last):
  File "E:\Master\Moonbeam\data_preprocess.py", line 100, in process_midi_file_safe_v2
    out = process_midi_file_v2(midi_file, split, onset_vocab_size, dur_vocab_size, output_folder, log_file,
  File "E:\Master\Moonbeam\data_preprocess.py", line 173, in process_midi_file_v2
    return [filter_large_ts_dur(compounds, output_file_path, split, onset_vocab_size, dur_vocab_size, log_file)]
  File "E:\Master\Moonbeam\data_preprocess.py", line 149, in filter_large_ts_dur
    'length_duration': compounds[-1][0] + compounds[-1][1],
IndexError: list index out of range

Failed to process data_test_Yuhang/midi_SymbTr\nihavent--sarki--semai--bir_alev--avni_anil.mid:
Traceback (most recent call last):
  File "E:\Master\Moonbeam\data_preprocess.py", line 100, in process_midi_file_safe_v2
    out = process_midi_file_v2(midi_file, split, onset_vocab_size, dur_vocab_size, output_folder, log_file,
  File "E:\Master\Moonbeam\data_preprocess.py", line 173, in process_midi_file_v2
    return [filter_large_ts_dur(compounds, output_file_path, split, onset_vocab_size, dur_vocab_size, log_file)]
  File "E:\Master\Moonbeam\data_preprocess.py", line 149, in filter_large_ts_dur
    'length_duration': compounds[-1][0] + compounds[-1][1],
IndexError: list index out of range

Failed to process data_test_Yuhang/midi_SymbTr\beyati--sarki--duyek--dilbera_sazin--tanburi_isak.mid:
Traceback (most recent call last):
  File "E:\Master\Moonbeam\data_preprocess.py", line 100, in process_midi_file_safe_v2
    out = process_midi_file_v2(midi_file, split, onset_vocab_size, dur_vocab_size, output_folder, log_file,
  File "E:\Master\Moonbeam\data_preprocess.py", line 173, in process_midi_file_v2
    return [filter_large_ts_dur(compounds, output_file_path, split, onset_vocab_size, dur_vocab_size, log_file)]
  File "E:\Master\Moonbeam\data_preprocess.py", line 149, in filter_large_ts_dur
    'length_duration': compounds[-1][0] + compounds[-1][1],
IndexError: list index out of range

Failed to process data_test_Yuhang/midi_SymbTr\ussak--pesrev--devrikebir----iii_selim.mid:
Traceback (most recent call last):
  File "E:\Master\Moonbeam\data_preprocess.py", line 100, in process_midi_file_safe_v2
    out = process_midi_file_v2(midi_file, split, onset_vocab_size, dur_vocab_size, output_folder, log_file,
  File "E:\Master\Moonbeam\data_preprocess.py", line 173, in process_midi_file_v2
    return [filter_large_ts_dur(compounds, output_file_path, split, onset_vocab_size, dur_vocab_size, log_file)]
  File "E:\Master\Moonbeam\data_preprocess.py", line 149, in filter_large_ts_dur
    'length_duration': compounds[-1][0] + compounds[-1][1],
IndexError: list index out of range

Failed to process data_test_Yuhang/midi_SymbTr\huzzam--sarki--semai--ozledim_gel--omer_sami_gupgup.mid:
Traceback (most recent call last):
  File "E:\Master\Moonbeam\data_preprocess.py", line 100, in process_midi_file_safe_v2
    out = process_midi_file_v2(midi_file, split, onset_vocab_size, dur_vocab_size, output_folder, log_file,
  File "E:\Master\Moonbeam\data_preprocess.py", line 173, in process_midi_file_v2
    return [filter_large_ts_dur(compounds, output_file_path, split, onset_vocab_size, dur_vocab_size, log_file)]
  File "E:\Master\Moonbeam\data_preprocess.py", line 149, in filter_large_ts_dur
    'length_duration': compounds[-1][0] + compounds[-1][1],
IndexError: list index out of range

Failed to process data_test_Yuhang/midi_SymbTr\kurdilihicazkar--sarki--turkaksagi--endami_guzeldir--medeni_aziz_efendi.mid:
Traceback (most recent call last):
  File "E:\Master\Moonbeam\data_preprocess.py", line 100, in process_midi_file_safe_v2
    out = process_midi_file_v2(midi_file, split, onset_vocab_size, dur_vocab_size, output_folder, log_file,
  File "E:\Master\Moonbeam\data_preprocess.py", line 173, in process_midi_file_v2
    return [filter_large_ts_dur(compounds, output_file_path, split, onset_vocab_size, dur_vocab_size, log_file)]
  File "E:\Master\Moonbeam\data_preprocess.py", line 149, in filter_large_ts_dur
    'length_duration': compounds[-1][0] + compounds[-1][1],
IndexError: list index out of range

Failed to process data_test_Yuhang/midi_SymbTr\muhayyerkurdi--sarki--yuruksemai_ii--hani_o--yusuf_nalkesen.mid:
Traceback (most recent call last):
  File "E:\Master\Moonbeam\data_preprocess.py", line 100, in process_midi_file_safe_v2
    out = process_midi_file_v2(midi_file, split, onset_vocab_size, dur_vocab_size, output_folder, log_file,
  File "E:\Master\Moonbeam\data_preprocess.py", line 173, in process_midi_file_v2
    return [filter_large_ts_dur(compounds, output_file_path, split, onset_vocab_size, dur_vocab_size, log_file)]
  File "E:\Master\Moonbeam\data_preprocess.py", line 149, in filter_large_ts_dur
    'length_duration': compounds[-1][0] + compounds[-1][1],
IndexError: list index out of range

Failed to process data_test_Yuhang/midi_SymbTr\huzzam--sarki--aksak--guzellerde_ne--tanburi_mustafa_cavus.mid:
Traceback (most recent call last):
  File "E:\Master\Moonbeam\data_preprocess.py", line 100, in process_midi_file_safe_v2
    out = process_midi_file_v2(midi_file, split, onset_vocab_size, dur_vocab_size, output_folder, log_file,
  File "E:\Master\Moonbeam\data_preprocess.py", line 173, in process_midi_file_v2
    return [filter_large_ts_dur(compounds, output_file_path, split, onset_vocab_size, dur_vocab_size, log_file)]
  File "E:\Master\Moonbeam\data_preprocess.py", line 149, in filter_large_ts_dur
    'length_duration': compounds[-1][0] + compounds[-1][1],
IndexError: list index out of range

Failed to process data_test_Yuhang/midi_SymbTr\evic--sarki--aksak--sen_boyle--omer_sami_gupgup.mid:
Traceback (most recent call last):
  File "E:\Master\Moonbeam\data_preprocess.py", line 100, in process_midi_file_safe_v2
    out = process_midi_file_v2(midi_file, split, onset_vocab_size, dur_vocab_size, output_folder, log_file,
  File "E:\Master\Moonbeam\data_preprocess.py", line 173, in process_midi_file_v2
    return [filter_large_ts_dur(compounds, output_file_path, split, onset_vocab_size, dur_vocab_size, log_file)]
  File "E:\Master\Moonbeam\data_preprocess.py", line 149, in filter_large_ts_dur
    'length_duration': compounds[-1][0] + compounds[-1][1],
IndexError: list index out of range

Failed to process data_test_Yuhang/midi_SymbTr\ussak--sarki--aksak--aglatirlar_guldururler--dede_efendi.mid:
Traceback (most recent call last):
  File "E:\Master\Moonbeam\data_preprocess.py", line 100, in process_midi_file_safe_v2
    out = process_midi_file_v2(midi_file, split, onset_vocab_size, dur_vocab_size, output_folder, log_file,
  File "E:\Master\Moonbeam\data_preprocess.py", line 173, in process_midi_file_v2
    return [filter_large_ts_dur(compounds, output_file_path, split, onset_vocab_size, dur_vocab_size, log_file)]
  File "E:\Master\Moonbeam\data_preprocess.py", line 149, in filter_large_ts_dur
    'length_duration': compounds[-1][0] + compounds[-1][1],
IndexError: list index out of range

Failed to process data_test_Yuhang/midi_SymbTr\buselik--sarki--duyek--denizlerin_otesinden--ismail_baha_surelsan.mid:
Traceback (most recent call last):
  File "E:\Master\Moonbeam\data_preprocess.py", line 100, in process_midi_file_safe_v2
    out = process_midi_file_v2(midi_file, split, onset_vocab_size, dur_vocab_size, output_folder, log_file,
  File "E:\Master\Moonbeam\data_preprocess.py", line 173, in process_midi_file_v2
    return [filter_large_ts_dur(compounds, output_file_path, split, onset_vocab_size, dur_vocab_size, log_file)]
  File "E:\Master\Moonbeam\data_preprocess.py", line 149, in filter_large_ts_dur
    'length_duration': compounds[-1][0] + compounds[-1][1],
IndexError: list index out of range

Failed to process data_test_Yuhang/midi_SymbTr\huseyni--sarki--agiraksak--bendeni_gordukce--ismet_aga.mid:
Traceback (most recent call last):
  File "E:\Master\Moonbeam\data_preprocess.py", line 100, in process_midi_file_safe_v2
    out = process_midi_file_v2(midi_file, split, onset_vocab_size, dur_vocab_size, output_folder, log_file,
  File "E:\Master\Moonbeam\data_preprocess.py", line 173, in process_midi_file_v2
    return [filter_large_ts_dur(compounds, output_file_path, split, onset_vocab_size, dur_vocab_size, log_file)]
  File "E:\Master\Moonbeam\data_preprocess.py", line 149, in filter_large_ts_dur
    'length_duration': compounds[-1][0] + compounds[-1][1],
IndexError: list index out of range

Failed to process data_test_Yuhang/midi_SymbTr\huzzam--beste--remel--aldim_hayal-i--komurcuzade_hafiz_mehmet_efendi.mid:
Traceback (most recent call last):
  File "E:\Master\Moonbeam\data_preprocess.py", line 100, in process_midi_file_safe_v2
    out = process_midi_file_v2(midi_file, split, onset_vocab_size, dur_vocab_size, output_folder, log_file,
  File "E:\Master\Moonbeam\data_preprocess.py", line 173, in process_midi_file_v2
    return [filter_large_ts_dur(compounds, output_file_path, split, onset_vocab_size, dur_vocab_size, log_file)]
  File "E:\Master\Moonbeam\data_preprocess.py", line 149, in filter_large_ts_dur
    'length_duration': compounds[-1][0] + compounds[-1][1],
IndexError: list index out of range

Failed to process data_test_Yuhang/midi_SymbTr\karcigar--ilahi--duyek--ey_derde_derman--rakim_elkutlu.mid:
Traceback (most recent call last):
  File "E:\Master\Moonbeam\data_preprocess.py", line 100, in process_midi_file_safe_v2
    out = process_midi_file_v2(midi_file, split, onset_vocab_size, dur_vocab_size, output_folder, log_file,
  File "E:\Master\Moonbeam\data_preprocess.py", line 173, in process_midi_file_v2
    return [filter_large_ts_dur(compounds, output_file_path, split, onset_vocab_size, dur_vocab_size, log_file)]
  File "E:\Master\Moonbeam\data_preprocess.py", line 149, in filter_large_ts_dur
    'length_duration': compounds[-1][0] + compounds[-1][1],
IndexError: list index out of range

Failed to process data_test_Yuhang/midi_SymbTr\beyati--sarki--agiraksak--muptelayim--dede_efendi.mid:
Traceback (most recent call last):
  File "E:\Master\Moonbeam\data_preprocess.py", line 100, in process_midi_file_safe_v2
    out = process_midi_file_v2(midi_file, split, onset_vocab_size, dur_vocab_size, output_folder, log_file,
  File "E:\Master\Moonbeam\data_preprocess.py", line 173, in process_midi_file_v2
    return [filter_large_ts_dur(compounds, output_file_path, split, onset_vocab_size, dur_vocab_size, log_file)]
  File "E:\Master\Moonbeam\data_preprocess.py", line 149, in filter_large_ts_dur
    'length_duration': compounds[-1][0] + compounds[-1][1],
IndexError: list index out of range

Failed to process data_test_Yuhang/midi_SymbTr\hicazkar--sarki--duyek--aglatip_kustureceksen--alaattin_sensoy.mid:
Traceback (most recent call last):
  File "E:\Master\Moonbeam\data_preprocess.py", line 100, in process_midi_file_safe_v2
    out = process_midi_file_v2(midi_file, split, onset_vocab_size, dur_vocab_size, output_folder, log_file,
  File "E:\Master\Moonbeam\data_preprocess.py", line 173, in process_midi_file_v2
    return [filter_large_ts_dur(compounds, output_file_path, split, onset_vocab_size, dur_vocab_size, log_file)]
  File "E:\Master\Moonbeam\data_preprocess.py", line 149, in filter_large_ts_dur
    'length_duration': compounds[-1][0] + compounds[-1][1],
IndexError: list index out of range

Failed to process data_test_Yuhang/midi_SymbTr\nihavent--sarki--aksak--mumkun_mu--rakim_elkutlu.mid:
Traceback (most recent call last):
  File "E:\Master\Moonbeam\data_preprocess.py", line 100, in process_midi_file_safe_v2
    out = process_midi_file_v2(midi_file, split, onset_vocab_size, dur_vocab_size, output_folder, log_file,
  File "E:\Master\Moonbeam\data_preprocess.py", line 173, in process_midi_file_v2
    return [filter_large_ts_dur(compounds, output_file_path, split, onset_vocab_size, dur_vocab_size, log_file)]
  File "E:\Master\Moonbeam\data_preprocess.py", line 149, in filter_large_ts_dur
    'length_duration': compounds[-1][0] + compounds[-1][1],
IndexError: list index out of range

Failed to process data_test_Yuhang/midi_SymbTr\mahur--beste--lenkfahte--seyret_izar-i--tascizade_recep_celebi.mid:
Traceback (most recent call last):
  File "E:\Master\Moonbeam\data_preprocess.py", line 100, in process_midi_file_safe_v2
    out = process_midi_file_v2(midi_file, split, onset_vocab_size, dur_vocab_size, output_folder, log_file,
  File "E:\Master\Moonbeam\data_preprocess.py", line 173, in process_midi_file_v2
    return [filter_large_ts_dur(compounds, output_file_path, split, onset_vocab_size, dur_vocab_size, log_file)]
  File "E:\Master\Moonbeam\data_preprocess.py", line 149, in filter_large_ts_dur
    'length_duration': compounds[-1][0] + compounds[-1][1],
IndexError: list index out of range

Failed to process data_test_Yuhang/midi_SymbTr\mahur--sarki--sofyan--gordum_bugun--dede_efendi.mid:
Traceback (most recent call last):
  File "E:\Master\Moonbeam\data_preprocess.py", line 100, in process_midi_file_safe_v2
    out = process_midi_file_v2(midi_file, split, onset_vocab_size, dur_vocab_size, output_folder, log_file,
  File "E:\Master\Moonbeam\data_preprocess.py", line 173, in process_midi_file_v2
    return [filter_large_ts_dur(compounds, output_file_path, split, onset_vocab_size, dur_vocab_size, log_file)]
  File "E:\Master\Moonbeam\data_preprocess.py", line 149, in filter_large_ts_dur
    'length_duration': compounds[-1][0] + compounds[-1][1],
IndexError: list index out of range

Failed to process data_test_Yuhang/midi_SymbTr\acemasiran--sarki--devrihindi--ruy-i_alemdir--dellalzade_haci_ismail_efendi.mid:
Traceback (most recent call last):
  File "E:\Master\Moonbeam\data_preprocess.py", line 100, in process_midi_file_safe_v2
    out = process_midi_file_v2(midi_file, split, onset_vocab_size, dur_vocab_size, output_folder, log_file,
  File "E:\Master\Moonbeam\data_preprocess.py", line 173, in process_midi_file_v2
    return [filter_large_ts_dur(compounds, output_file_path, split, onset_vocab_size, dur_vocab_size, log_file)]
  File "E:\Master\Moonbeam\data_preprocess.py", line 149, in filter_large_ts_dur
    'length_duration': compounds[-1][0] + compounds[-1][1],
IndexError: list index out of range

Failed to process data_test_Yuhang/midi_SymbTr\nihavent--sarki--nimsofyan--ben_bir--sivelioglu_yorgaki.mid:
Traceback (most recent call last):
  File "E:\Master\Moonbeam\data_preprocess.py", line 100, in process_midi_file_safe_v2
    out = process_midi_file_v2(midi_file, split, onset_vocab_size, dur_vocab_size, output_folder, log_file,
  File "E:\Master\Moonbeam\data_preprocess.py", line 173, in process_midi_file_v2
    return [filter_large_ts_dur(compounds, output_file_path, split, onset_vocab_size, dur_vocab_size, log_file)]
  File "E:\Master\Moonbeam\data_preprocess.py", line 149, in filter_large_ts_dur
    'length_duration': compounds[-1][0] + compounds[-1][1],
IndexError: list index out of range

Failed to process data_test_Yuhang/midi_SymbTr\nihavent--sarki--semai--suzul_guzel--necdet_varol.mid:
Traceback (most recent call last):
  File "E:\Master\Moonbeam\data_preprocess.py", line 100, in process_midi_file_safe_v2
    out = process_midi_file_v2(midi_file, split, onset_vocab_size, dur_vocab_size, output_folder, log_file,
  File "E:\Master\Moonbeam\data_preprocess.py", line 173, in process_midi_file_v2
    return [filter_large_ts_dur(compounds, output_file_path, split, onset_vocab_size, dur_vocab_size, log_file)]
  File "E:\Master\Moonbeam\data_preprocess.py", line 149, in filter_large_ts_dur
    'length_duration': compounds[-1][0] + compounds[-1][1],
IndexError: list index out of range

Failed to process data_test_Yuhang/midi_SymbTr\hicaz_zirgule--sarki--duyek--gonlumde_acmadan--sekip_ayhan_ozisik.mid:
Traceback (most recent call last):
  File "E:\Master\Moonbeam\data_preprocess.py", line 100, in process_midi_file_safe_v2
    out = process_midi_file_v2(midi_file, split, onset_vocab_size, dur_vocab_size, output_folder, log_file,
  File "E:\Master\Moonbeam\data_preprocess.py", line 173, in process_midi_file_v2
    return [filter_large_ts_dur(compounds, output_file_path, split, onset_vocab_size, dur_vocab_size, log_file)]
  File "E:\Master\Moonbeam\data_preprocess.py", line 149, in filter_large_ts_dur
    'length_duration': compounds[-1][0] + compounds[-1][1],
IndexError: list index out of range

Failed to process data_test_Yuhang/midi_SymbTr\neva--nakis--agir_aksaksemai--ey_gonca-i--dede_efendi.mid:
Traceback (most recent call last):
  File "E:\Master\Moonbeam\data_preprocess.py", line 100, in process_midi_file_safe_v2
    out = process_midi_file_v2(midi_file, split, onset_vocab_size, dur_vocab_size, output_folder, log_file,
  File "E:\Master\Moonbeam\data_preprocess.py", line 173, in process_midi_file_v2
    return [filter_large_ts_dur(compounds, output_file_path, split, onset_vocab_size, dur_vocab_size, log_file)]
  File "E:\Master\Moonbeam\data_preprocess.py", line 149, in filter_large_ts_dur
    'length_duration': compounds[-1][0] + compounds[-1][1],
IndexError: list index out of range

Failed to process data_test_Yuhang/midi_SymbTr\nihavent--sarki--aksak--gece_sahilden--serif_icli.mid:
Traceback (most recent call last):
  File "E:\Master\Moonbeam\data_preprocess.py", line 100, in process_midi_file_safe_v2
    out = process_midi_file_v2(midi_file, split, onset_vocab_size, dur_vocab_size, output_folder, log_file,
  File "E:\Master\Moonbeam\data_preprocess.py", line 173, in process_midi_file_v2
    return [filter_large_ts_dur(compounds, output_file_path, split, onset_vocab_size, dur_vocab_size, log_file)]
  File "E:\Master\Moonbeam\data_preprocess.py", line 149, in filter_large_ts_dur
    'length_duration': compounds[-1][0] + compounds[-1][1],
IndexError: list index out of range

Failed to process data_test_Yuhang/midi_SymbTr\suzinak_zirgule--turku--semai--gokyuzunde_tuten--necmi_piskin.mid:
Traceback (most recent call last):
  File "E:\Master\Moonbeam\data_preprocess.py", line 100, in process_midi_file_safe_v2
    out = process_midi_file_v2(midi_file, split, onset_vocab_size, dur_vocab_size, output_folder, log_file,
  File "E:\Master\Moonbeam\data_preprocess.py", line 173, in process_midi_file_v2
    return [filter_large_ts_dur(compounds, output_file_path, split, onset_vocab_size, dur_vocab_size, log_file)]
  File "E:\Master\Moonbeam\data_preprocess.py", line 149, in filter_large_ts_dur
    'length_duration': compounds[-1][0] + compounds[-1][1],
IndexError: list index out of range

Failed to process data_test_Yuhang/midi_SymbTr\hicazkar--sarki--evfer--hic_esin--zeki_mehmet_aga.mid:
Traceback (most recent call last):
  File "E:\Master\Moonbeam\data_preprocess.py", line 100, in process_midi_file_safe_v2
    out = process_midi_file_v2(midi_file, split, onset_vocab_size, dur_vocab_size, output_folder, log_file,
  File "E:\Master\Moonbeam\data_preprocess.py", line 173, in process_midi_file_v2
    return [filter_large_ts_dur(compounds, output_file_path, split, onset_vocab_size, dur_vocab_size, log_file)]
  File "E:\Master\Moonbeam\data_preprocess.py", line 149, in filter_large_ts_dur
    'length_duration': compounds[-1][0] + compounds[-1][1],
IndexError: list index out of range

Failed to process data_test_Yuhang/midi_SymbTr\hicazkar--sarki--agirduyek--sen_gibi--numan_aga.mid:
Traceback (most recent call last):
  File "E:\Master\Moonbeam\data_preprocess.py", line 100, in process_midi_file_safe_v2
    out = process_midi_file_v2(midi_file, split, onset_vocab_size, dur_vocab_size, output_folder, log_file,
  File "E:\Master\Moonbeam\data_preprocess.py", line 173, in process_midi_file_v2
    return [filter_large_ts_dur(compounds, output_file_path, split, onset_vocab_size, dur_vocab_size, log_file)]
  File "E:\Master\Moonbeam\data_preprocess.py", line 149, in filter_large_ts_dur
    'length_duration': compounds[-1][0] + compounds[-1][1],
IndexError: list index out of range

Failed to process data_test_Yuhang/midi_SymbTr\hicaz--sarki--turkaksagi--gonlum_yarali--kadri_sencalar.mid:
Traceback (most recent call last):
  File "E:\Master\Moonbeam\data_preprocess.py", line 100, in process_midi_file_safe_v2
    out = process_midi_file_v2(midi_file, split, onset_vocab_size, dur_vocab_size, output_folder, log_file,
  File "E:\Master\Moonbeam\data_preprocess.py", line 173, in process_midi_file_v2
    return [filter_large_ts_dur(compounds, output_file_path, split, onset_vocab_size, dur_vocab_size, log_file)]
  File "E:\Master\Moonbeam\data_preprocess.py", line 149, in filter_large_ts_dur
    'length_duration': compounds[-1][0] + compounds[-1][1],
IndexError: list index out of range

Failed to process data_test_Yuhang/midi_SymbTr\rehavi--beste--remel--zannetme_ben--numan_aga.mid:
Traceback (most recent call last):
  File "E:\Master\Moonbeam\data_preprocess.py", line 100, in process_midi_file_safe_v2
    out = process_midi_file_v2(midi_file, split, onset_vocab_size, dur_vocab_size, output_folder, log_file,
  File "E:\Master\Moonbeam\data_preprocess.py", line 173, in process_midi_file_v2
    return [filter_large_ts_dur(compounds, output_file_path, split, onset_vocab_size, dur_vocab_size, log_file)]
  File "E:\Master\Moonbeam\data_preprocess.py", line 149, in filter_large_ts_dur
    'length_duration': compounds[-1][0] + compounds[-1][1],
IndexError: list index out of range

Failed to process data_test_Yuhang/midi_SymbTr\segah--sarki--senginsemai--kactim_birakip--kirkor_cigercioglu.mid:
Traceback (most recent call last):
  File "E:\Master\Moonbeam\data_preprocess.py", line 100, in process_midi_file_safe_v2
    out = process_midi_file_v2(midi_file, split, onset_vocab_size, dur_vocab_size, output_folder, log_file,
  File "E:\Master\Moonbeam\data_preprocess.py", line 173, in process_midi_file_v2
    return [filter_large_ts_dur(compounds, output_file_path, split, onset_vocab_size, dur_vocab_size, log_file)]
  File "E:\Master\Moonbeam\data_preprocess.py", line 149, in filter_large_ts_dur
    'length_duration': compounds[-1][0] + compounds[-1][1],
IndexError: list index out of range

Failed to process data_test_Yuhang/midi_SymbTr\huseyni--sarki--aksak--sensizlige_soylendi--ilgun_soysev.mid:
Traceback (most recent call last):
  File "E:\Master\Moonbeam\data_preprocess.py", line 100, in process_midi_file_safe_v2
    out = process_midi_file_v2(midi_file, split, onset_vocab_size, dur_vocab_size, output_folder, log_file,
  File "E:\Master\Moonbeam\data_preprocess.py", line 173, in process_midi_file_v2
    return [filter_large_ts_dur(compounds, output_file_path, split, onset_vocab_size, dur_vocab_size, log_file)]
  File "E:\Master\Moonbeam\data_preprocess.py", line 149, in filter_large_ts_dur
    'length_duration': compounds[-1][0] + compounds[-1][1],
IndexError: list index out of range

Failed to process data_test_Yuhang/midi_SymbTr\beyati--sarki--duyek--zaman_icinde--semahat_ozdenses.mid:
Traceback (most recent call last):
  File "E:\Master\Moonbeam\data_preprocess.py", line 100, in process_midi_file_safe_v2
    out = process_midi_file_v2(midi_file, split, onset_vocab_size, dur_vocab_size, output_folder, log_file,
  File "E:\Master\Moonbeam\data_preprocess.py", line 173, in process_midi_file_v2
    return [filter_large_ts_dur(compounds, output_file_path, split, onset_vocab_size, dur_vocab_size, log_file)]
  File "E:\Master\Moonbeam\data_preprocess.py", line 149, in filter_large_ts_dur
    'length_duration': compounds[-1][0] + compounds[-1][1],
IndexError: list index out of range

Failed to process data_test_Yuhang/midi_SymbTr\segah--sarki--aksak--bulbul_yetisir--haci_arif_bey.mid:
Traceback (most recent call last):
  File "E:\Master\Moonbeam\data_preprocess.py", line 100, in process_midi_file_safe_v2
    out = process_midi_file_v2(midi_file, split, onset_vocab_size, dur_vocab_size, output_folder, log_file,
  File "E:\Master\Moonbeam\data_preprocess.py", line 173, in process_midi_file_v2
    return [filter_large_ts_dur(compounds, output_file_path, split, onset_vocab_size, dur_vocab_size, log_file)]
  File "E:\Master\Moonbeam\data_preprocess.py", line 149, in filter_large_ts_dur
    'length_duration': compounds[-1][0] + compounds[-1][1],
IndexError: list index out of range

Failed to process data_test_Yuhang/midi_SymbTr\hicazkar--sarki--turkaksagi--vazgecip_naz--medeni_aziz_efendi.mid:
Traceback (most recent call last):
  File "E:\Master\Moonbeam\data_preprocess.py", line 100, in process_midi_file_safe_v2
    out = process_midi_file_v2(midi_file, split, onset_vocab_size, dur_vocab_size, output_folder, log_file,
  File "E:\Master\Moonbeam\data_preprocess.py", line 173, in process_midi_file_v2
    return [filter_large_ts_dur(compounds, output_file_path, split, onset_vocab_size, dur_vocab_size, log_file)]
  File "E:\Master\Moonbeam\data_preprocess.py", line 149, in filter_large_ts_dur
    'length_duration': compounds[-1][0] + compounds[-1][1],
IndexError: list index out of range

Failed to process data_test_Yuhang/midi_SymbTr\muhayyerkurdi--sarki--turkaksagi--bin_gulle--emin_ongan.mid:
Traceback (most recent call last):
  File "E:\Master\Moonbeam\data_preprocess.py", line 100, in process_midi_file_safe_v2
    out = process_midi_file_v2(midi_file, split, onset_vocab_size, dur_vocab_size, output_folder, log_file,
  File "E:\Master\Moonbeam\data_preprocess.py", line 173, in process_midi_file_v2
    return [filter_large_ts_dur(compounds, output_file_path, split, onset_vocab_size, dur_vocab_size, log_file)]
  File "E:\Master\Moonbeam\data_preprocess.py", line 149, in filter_large_ts_dur
    'length_duration': compounds[-1][0] + compounds[-1][1],
IndexError: list index out of range

Failed to process data_test_Yuhang/midi_SymbTr\buselik--karce--muhammes--sunbuli_sunbuli--sestari_murat_aga.mid:
Traceback (most recent call last):
  File "E:\Master\Moonbeam\data_preprocess.py", line 100, in process_midi_file_safe_v2
    out = process_midi_file_v2(midi_file, split, onset_vocab_size, dur_vocab_size, output_folder, log_file,
  File "E:\Master\Moonbeam\data_preprocess.py", line 173, in process_midi_file_v2
    return [filter_large_ts_dur(compounds, output_file_path, split, onset_vocab_size, dur_vocab_size, log_file)]
  File "E:\Master\Moonbeam\data_preprocess.py", line 149, in filter_large_ts_dur
    'length_duration': compounds[-1][0] + compounds[-1][1],
IndexError: list index out of range

Failed to process data_test_Yuhang/midi_SymbTr\hicazkar--pesrev--agirduyek----dede_salih_efendi.mid:
Traceback (most recent call last):
  File "E:\Master\Moonbeam\data_preprocess.py", line 100, in process_midi_file_safe_v2
    out = process_midi_file_v2(midi_file, split, onset_vocab_size, dur_vocab_size, output_folder, log_file,
  File "E:\Master\Moonbeam\data_preprocess.py", line 173, in process_midi_file_v2
    return [filter_large_ts_dur(compounds, output_file_path, split, onset_vocab_size, dur_vocab_size, log_file)]
  File "E:\Master\Moonbeam\data_preprocess.py", line 149, in filter_large_ts_dur
    'length_duration': compounds[-1][0] + compounds[-1][1],
IndexError: list index out of range

Failed to process data_test_Yuhang/midi_SymbTr\beyati--sarki--duyek--bende_oldum--rifat_bey.mid:
Traceback (most recent call last):
  File "E:\Master\Moonbeam\data_preprocess.py", line 100, in process_midi_file_safe_v2
    out = process_midi_file_v2(midi_file, split, onset_vocab_size, dur_vocab_size, output_folder, log_file,
  File "E:\Master\Moonbeam\data_preprocess.py", line 173, in process_midi_file_v2
    return [filter_large_ts_dur(compounds, output_file_path, split, onset_vocab_size, dur_vocab_size, log_file)]
  File "E:\Master\Moonbeam\data_preprocess.py", line 149, in filter_large_ts_dur
    'length_duration': compounds[-1][0] + compounds[-1][1],
IndexError: list index out of range

Failed to process data_test_Yuhang/midi_SymbTr\nihavent--sarki--nimsofyan--gozleri_aska--gundogdu_duran.mid:
Traceback (most recent call last):
  File "E:\Master\Moonbeam\data_preprocess.py", line 100, in process_midi_file_safe_v2
    out = process_midi_file_v2(midi_file, split, onset_vocab_size, dur_vocab_size, output_folder, log_file,
  File "E:\Master\Moonbeam\data_preprocess.py", line 173, in process_midi_file_v2
    return [filter_large_ts_dur(compounds, output_file_path, split, onset_vocab_size, dur_vocab_size, log_file)]
  File "E:\Master\Moonbeam\data_preprocess.py", line 149, in filter_large_ts_dur
    'length_duration': compounds[-1][0] + compounds[-1][1],
IndexError: list index out of range

Failed to process data_test_Yuhang/midi_SymbTr\nihavent--sarki--nimsofyan--geldi_yine--arif_sami_toker.mid:
Traceback (most recent call last):
  File "E:\Master\Moonbeam\data_preprocess.py", line 100, in process_midi_file_safe_v2
    out = process_midi_file_v2(midi_file, split, onset_vocab_size, dur_vocab_size, output_folder, log_file,
  File "E:\Master\Moonbeam\data_preprocess.py", line 173, in process_midi_file_v2
    return [filter_large_ts_dur(compounds, output_file_path, split, onset_vocab_size, dur_vocab_size, log_file)]
  File "E:\Master\Moonbeam\data_preprocess.py", line 149, in filter_large_ts_dur
    'length_duration': compounds[-1][0] + compounds[-1][1],
IndexError: list index out of range

Failed to process data_test_Yuhang/midi_SymbTr\buselik--sarki--duyek--bir_sitemin--durri_turan.mid:
Traceback (most recent call last):
  File "E:\Master\Moonbeam\data_preprocess.py", line 100, in process_midi_file_safe_v2
    out = process_midi_file_v2(midi_file, split, onset_vocab_size, dur_vocab_size, output_folder, log_file,
  File "E:\Master\Moonbeam\data_preprocess.py", line 173, in process_midi_file_v2
    return [filter_large_ts_dur(compounds, output_file_path, split, onset_vocab_size, dur_vocab_size, log_file)]
  File "E:\Master\Moonbeam\data_preprocess.py", line 149, in filter_large_ts_dur
    'length_duration': compounds[-1][0] + compounds[-1][1],
IndexError: list index out of range

Failed to process data_test_Yuhang/midi_SymbTr\karcigar--kocekce--devrihindi--gul_acil--dede_efendi.mid:
Traceback (most recent call last):
  File "E:\Master\Moonbeam\data_preprocess.py", line 100, in process_midi_file_safe_v2
    out = process_midi_file_v2(midi_file, split, onset_vocab_size, dur_vocab_size, output_folder, log_file,
  File "E:\Master\Moonbeam\data_preprocess.py", line 173, in process_midi_file_v2
    return [filter_large_ts_dur(compounds, output_file_path, split, onset_vocab_size, dur_vocab_size, log_file)]
  File "E:\Master\Moonbeam\data_preprocess.py", line 149, in filter_large_ts_dur
    'length_duration': compounds[-1][0] + compounds[-1][1],
IndexError: list index out of range

Failed to process data_test_Yuhang/midi_SymbTr\hicaz_humayun--kar--hafif--ey_ki--makbul_ibrahim_pasa.mid:
Traceback (most recent call last):
  File "E:\Master\Moonbeam\data_preprocess.py", line 100, in process_midi_file_safe_v2
    out = process_midi_file_v2(midi_file, split, onset_vocab_size, dur_vocab_size, output_folder, log_file,
  File "E:\Master\Moonbeam\data_preprocess.py", line 173, in process_midi_file_v2
    return [filter_large_ts_dur(compounds, output_file_path, split, onset_vocab_size, dur_vocab_size, log_file)]
  File "E:\Master\Moonbeam\data_preprocess.py", line 149, in filter_large_ts_dur
    'length_duration': compounds[-1][0] + compounds[-1][1],
IndexError: list index out of range

Failed to process data_test_Yuhang/midi_SymbTr\segah--sarki--aksak--kirdin_ummidimi--fehmi_tokay.mid:
Traceback (most recent call last):
  File "E:\Master\Moonbeam\data_preprocess.py", line 100, in process_midi_file_safe_v2
    out = process_midi_file_v2(midi_file, split, onset_vocab_size, dur_vocab_size, output_folder, log_file,
  File "E:\Master\Moonbeam\data_preprocess.py", line 173, in process_midi_file_v2
    return [filter_large_ts_dur(compounds, output_file_path, split, onset_vocab_size, dur_vocab_size, log_file)]
  File "E:\Master\Moonbeam\data_preprocess.py", line 149, in filter_large_ts_dur
    'length_duration': compounds[-1][0] + compounds[-1][1],
IndexError: list index out of range

Failed to process data_test_Yuhang/midi_SymbTr\nihavent--sarki--duyek--ahimi_hicranimi--selahattin_inal.mid:
Traceback (most recent call last):
  File "E:\Master\Moonbeam\data_preprocess.py", line 100, in process_midi_file_safe_v2
    out = process_midi_file_v2(midi_file, split, onset_vocab_size, dur_vocab_size, output_folder, log_file,
  File "E:\Master\Moonbeam\data_preprocess.py", line 173, in process_midi_file_v2
    return [filter_large_ts_dur(compounds, output_file_path, split, onset_vocab_size, dur_vocab_size, log_file)]
  File "E:\Master\Moonbeam\data_preprocess.py", line 149, in filter_large_ts_dur
    'length_duration': compounds[-1][0] + compounds[-1][1],
IndexError: list index out of range

Failed to process data_test_Yuhang/midi_SymbTr\hicazkar--sarki--agirduyek--can_ile_ben--sakir_aga.mid:
Traceback (most recent call last):
  File "E:\Master\Moonbeam\data_preprocess.py", line 100, in process_midi_file_safe_v2
    out = process_midi_file_v2(midi_file, split, onset_vocab_size, dur_vocab_size, output_folder, log_file,
  File "E:\Master\Moonbeam\data_preprocess.py", line 173, in process_midi_file_v2
    return [filter_large_ts_dur(compounds, output_file_path, split, onset_vocab_size, dur_vocab_size, log_file)]
  File "E:\Master\Moonbeam\data_preprocess.py", line 149, in filter_large_ts_dur
    'length_duration': compounds[-1][0] + compounds[-1][1],
IndexError: list index out of range

Failed to process data_test_Yuhang/midi_SymbTr\segah--sarki--ciftesofyan--sema-i_maksudu--dellalzade_haci_ismail_efendi.mid:
Traceback (most recent call last):
  File "E:\Master\Moonbeam\data_preprocess.py", line 100, in process_midi_file_safe_v2
    out = process_midi_file_v2(midi_file, split, onset_vocab_size, dur_vocab_size, output_folder, log_file,
  File "E:\Master\Moonbeam\data_preprocess.py", line 173, in process_midi_file_v2
    return [filter_large_ts_dur(compounds, output_file_path, split, onset_vocab_size, dur_vocab_size, log_file)]
  File "E:\Master\Moonbeam\data_preprocess.py", line 149, in filter_large_ts_dur
    'length_duration': compounds[-1][0] + compounds[-1][1],
IndexError: list index out of range

Failed to process data_test_Yuhang/midi_SymbTr\hicazkar--sarki--duyek--beyhude_askina--nikogos_aga.mid:
Traceback (most recent call last):
  File "E:\Master\Moonbeam\data_preprocess.py", line 100, in process_midi_file_safe_v2
    out = process_midi_file_v2(midi_file, split, onset_vocab_size, dur_vocab_size, output_folder, log_file,
  File "E:\Master\Moonbeam\data_preprocess.py", line 173, in process_midi_file_v2
    return [filter_large_ts_dur(compounds, output_file_path, split, onset_vocab_size, dur_vocab_size, log_file)]
  File "E:\Master\Moonbeam\data_preprocess.py", line 149, in filter_large_ts_dur
    'length_duration': compounds[-1][0] + compounds[-1][1],
IndexError: list index out of range

Failed to process data_test_Yuhang/midi_SymbTr\ussak--sarki--semai--imza_attim--gulen_ertek.mid:
Traceback (most recent call last):
  File "E:\Master\Moonbeam\data_preprocess.py", line 100, in process_midi_file_safe_v2
    out = process_midi_file_v2(midi_file, split, onset_vocab_size, dur_vocab_size, output_folder, log_file,
  File "E:\Master\Moonbeam\data_preprocess.py", line 173, in process_midi_file_v2
    return [filter_large_ts_dur(compounds, output_file_path, split, onset_vocab_size, dur_vocab_size, log_file)]
  File "E:\Master\Moonbeam\data_preprocess.py", line 149, in filter_large_ts_dur
    'length_duration': compounds[-1][0] + compounds[-1][1],
IndexError: list index out of range

Failed to process data_test_Yuhang/midi_SymbTr\rast--nefes--bektasidevrirevani--al_dokeyim--.mid:
Traceback (most recent call last):
  File "E:\Master\Moonbeam\data_preprocess.py", line 100, in process_midi_file_safe_v2
    out = process_midi_file_v2(midi_file, split, onset_vocab_size, dur_vocab_size, output_folder, log_file,
  File "E:\Master\Moonbeam\data_preprocess.py", line 173, in process_midi_file_v2
    return [filter_large_ts_dur(compounds, output_file_path, split, onset_vocab_size, dur_vocab_size, log_file)]
  File "E:\Master\Moonbeam\data_preprocess.py", line 149, in filter_large_ts_dur
    'length_duration': compounds[-1][0] + compounds[-1][1],
IndexError: list index out of range

Failed to process data_test_Yuhang/midi_SymbTr\nihavent--sarki--semai--kanatlari_gumus--mesut_cemil.mid:
Traceback (most recent call last):
  File "E:\Master\Moonbeam\data_preprocess.py", line 100, in process_midi_file_safe_v2
    out = process_midi_file_v2(midi_file, split, onset_vocab_size, dur_vocab_size, output_folder, log_file,
  File "E:\Master\Moonbeam\data_preprocess.py", line 173, in process_midi_file_v2
    return [filter_large_ts_dur(compounds, output_file_path, split, onset_vocab_size, dur_vocab_size, log_file)]
  File "E:\Master\Moonbeam\data_preprocess.py", line 149, in filter_large_ts_dur
    'length_duration': compounds[-1][0] + compounds[-1][1],
IndexError: list index out of range

Failed to process data_test_Yuhang/midi_SymbTr\nihavent--sazeseri--nimsofyan--seytanin_ruyasi--muhammet_yildirir.mid:
Traceback (most recent call last):
  File "E:\Master\Moonbeam\data_preprocess.py", line 100, in process_midi_file_safe_v2
    out = process_midi_file_v2(midi_file, split, onset_vocab_size, dur_vocab_size, output_folder, log_file,
  File "E:\Master\Moonbeam\data_preprocess.py", line 173, in process_midi_file_v2
    return [filter_large_ts_dur(compounds, output_file_path, split, onset_vocab_size, dur_vocab_size, log_file)]
  File "E:\Master\Moonbeam\data_preprocess.py", line 149, in filter_large_ts_dur
    'length_duration': compounds[-1][0] + compounds[-1][1],
IndexError: list index out of range

Failed to process data_test_Yuhang/midi_SymbTr\buselik--murabba--zencir--gonul_o_turra--yahya_nazim_celebi.mid:
Traceback (most recent call last):
  File "E:\Master\Moonbeam\data_preprocess.py", line 100, in process_midi_file_safe_v2
    out = process_midi_file_v2(midi_file, split, onset_vocab_size, dur_vocab_size, output_folder, log_file,
  File "E:\Master\Moonbeam\data_preprocess.py", line 173, in process_midi_file_v2
    return [filter_large_ts_dur(compounds, output_file_path, split, onset_vocab_size, dur_vocab_size, log_file)]
  File "E:\Master\Moonbeam\data_preprocess.py", line 149, in filter_large_ts_dur
    'length_duration': compounds[-1][0] + compounds[-1][1],
IndexError: list index out of range

Failed to process data_test_Yuhang/midi_SymbTr\huzzam--pesrev--fahte----gazi_giray_han.mid:
Traceback (most recent call last):
  File "E:\Master\Moonbeam\data_preprocess.py", line 100, in process_midi_file_safe_v2
    out = process_midi_file_v2(midi_file, split, onset_vocab_size, dur_vocab_size, output_folder, log_file,
  File "E:\Master\Moonbeam\data_preprocess.py", line 173, in process_midi_file_v2
    return [filter_large_ts_dur(compounds, output_file_path, split, onset_vocab_size, dur_vocab_size, log_file)]
  File "E:\Master\Moonbeam\data_preprocess.py", line 149, in filter_large_ts_dur
    'length_duration': compounds[-1][0] + compounds[-1][1],
IndexError: list index out of range

Failed to process data_test_Yuhang/midi_SymbTr\buselik--sarki--duyek--askin_once--amir_ates.mid:
Traceback (most recent call last):
  File "E:\Master\Moonbeam\data_preprocess.py", line 100, in process_midi_file_safe_v2
    out = process_midi_file_v2(midi_file, split, onset_vocab_size, dur_vocab_size, output_folder, log_file,
  File "E:\Master\Moonbeam\data_preprocess.py", line 173, in process_midi_file_v2
    return [filter_large_ts_dur(compounds, output_file_path, split, onset_vocab_size, dur_vocab_size, log_file)]
  File "E:\Master\Moonbeam\data_preprocess.py", line 149, in filter_large_ts_dur
    'length_duration': compounds[-1][0] + compounds[-1][1],
IndexError: list index out of range

Failed to process data_test_Yuhang/midi_SymbTr\acemasiran--pesrev--muhammes----gazi_giray_han.mid:
Traceback (most recent call last):
  File "E:\Master\Moonbeam\data_preprocess.py", line 100, in process_midi_file_safe_v2
    out = process_midi_file_v2(midi_file, split, onset_vocab_size, dur_vocab_size, output_folder, log_file,
  File "E:\Master\Moonbeam\data_preprocess.py", line 173, in process_midi_file_v2
    return [filter_large_ts_dur(compounds, output_file_path, split, onset_vocab_size, dur_vocab_size, log_file)]
  File "E:\Master\Moonbeam\data_preprocess.py", line 149, in filter_large_ts_dur
    'length_duration': compounds[-1][0] + compounds[-1][1],
IndexError: list index out of range

Failed to process data_test_Yuhang/midi_SymbTr\saba--sarki--agiraksak--degilsem_de--numan_aga.mid:
Traceback (most recent call last):
  File "E:\Master\Moonbeam\data_preprocess.py", line 100, in process_midi_file_safe_v2
    out = process_midi_file_v2(midi_file, split, onset_vocab_size, dur_vocab_size, output_folder, log_file,
  File "E:\Master\Moonbeam\data_preprocess.py", line 173, in process_midi_file_v2
    return [filter_large_ts_dur(compounds, output_file_path, split, onset_vocab_size, dur_vocab_size, log_file)]
  File "E:\Master\Moonbeam\data_preprocess.py", line 149, in filter_large_ts_dur
    'length_duration': compounds[-1][0] + compounds[-1][1],
IndexError: list index out of range

Failed to process data_test_Yuhang/midi_SymbTr\acemasiran--sarki--duyek--pence-i_gamdan--misirli_udi_ibrahim_efendi.mid:
Traceback (most recent call last):
  File "E:\Master\Moonbeam\data_preprocess.py", line 100, in process_midi_file_safe_v2
    out = process_midi_file_v2(midi_file, split, onset_vocab_size, dur_vocab_size, output_folder, log_file,
  File "E:\Master\Moonbeam\data_preprocess.py", line 173, in process_midi_file_v2
    return [filter_large_ts_dur(compounds, output_file_path, split, onset_vocab_size, dur_vocab_size, log_file)]
  File "E:\Master\Moonbeam\data_preprocess.py", line 149, in filter_large_ts_dur
    'length_duration': compounds[-1][0] + compounds[-1][1],
IndexError: list index out of range

Failed to process data_test_Yuhang/midi_SymbTr\buselik--sarki--aksak--inanmaz_vad_i--latif_aga.mid:
Traceback (most recent call last):
  File "E:\Master\Moonbeam\data_preprocess.py", line 100, in process_midi_file_safe_v2
    out = process_midi_file_v2(midi_file, split, onset_vocab_size, dur_vocab_size, output_folder, log_file,
  File "E:\Master\Moonbeam\data_preprocess.py", line 173, in process_midi_file_v2
    return [filter_large_ts_dur(compounds, output_file_path, split, onset_vocab_size, dur_vocab_size, log_file)]
  File "E:\Master\Moonbeam\data_preprocess.py", line 149, in filter_large_ts_dur
    'length_duration': compounds[-1][0] + compounds[-1][1],
IndexError: list index out of range

Failed to process data_test_Yuhang/midi_SymbTr\mahur--sarki--duyek--ipek_saclarin--sadettin_kaynak.mid:
Traceback (most recent call last):
  File "E:\Master\Moonbeam\data_preprocess.py", line 100, in process_midi_file_safe_v2
    out = process_midi_file_v2(midi_file, split, onset_vocab_size, dur_vocab_size, output_folder, log_file,
  File "E:\Master\Moonbeam\data_preprocess.py", line 173, in process_midi_file_v2
    return [filter_large_ts_dur(compounds, output_file_path, split, onset_vocab_size, dur_vocab_size, log_file)]
  File "E:\Master\Moonbeam\data_preprocess.py", line 149, in filter_large_ts_dur
    'length_duration': compounds[-1][0] + compounds[-1][1],
IndexError: list index out of range

Failed to process data_test_Yuhang/midi_SymbTr\nikriz--sarki--turkaksagi--bir_destan--selahattin_icli.mid:
Traceback (most recent call last):
  File "E:\Master\Moonbeam\data_preprocess.py", line 100, in process_midi_file_safe_v2
    out = process_midi_file_v2(midi_file, split, onset_vocab_size, dur_vocab_size, output_folder, log_file,
  File "E:\Master\Moonbeam\data_preprocess.py", line 173, in process_midi_file_v2
    return [filter_large_ts_dur(compounds, output_file_path, split, onset_vocab_size, dur_vocab_size, log_file)]
  File "E:\Master\Moonbeam\data_preprocess.py", line 149, in filter_large_ts_dur
    'length_duration': compounds[-1][0] + compounds[-1][1],
IndexError: list index out of range

Failed to process data_test_Yuhang/midi_SymbTr\buselik--sarki--agiraksak--dun_gece--serif_icli.mid:
Traceback (most recent call last):
  File "E:\Master\Moonbeam\data_preprocess.py", line 100, in process_midi_file_safe_v2
    out = process_midi_file_v2(midi_file, split, onset_vocab_size, dur_vocab_size, output_folder, log_file,
  File "E:\Master\Moonbeam\data_preprocess.py", line 173, in process_midi_file_v2
    return [filter_large_ts_dur(compounds, output_file_path, split, onset_vocab_size, dur_vocab_size, log_file)]
  File "E:\Master\Moonbeam\data_preprocess.py", line 149, in filter_large_ts_dur
    'length_duration': compounds[-1][0] + compounds[-1][1],
IndexError: list index out of range

Failed to process data_test_Yuhang/midi_SymbTr\kurdilihicazkar--sarki--nimsofyan--cicek_nedir--selahattin_icli.mid:
Traceback (most recent call last):
  File "E:\Master\Moonbeam\data_preprocess.py", line 100, in process_midi_file_safe_v2
    out = process_midi_file_v2(midi_file, split, onset_vocab_size, dur_vocab_size, output_folder, log_file,
  File "E:\Master\Moonbeam\data_preprocess.py", line 173, in process_midi_file_v2
    return [filter_large_ts_dur(compounds, output_file_path, split, onset_vocab_size, dur_vocab_size, log_file)]
  File "E:\Master\Moonbeam\data_preprocess.py", line 149, in filter_large_ts_dur
    'length_duration': compounds[-1][0] + compounds[-1][1],
IndexError: list index out of range

Failed to process data_test_Yuhang/midi_SymbTr\sultaniyegah--sarki--aksak--sacinin_telleri--munir_nurettin_selcuk.mid:
Traceback (most recent call last):
  File "E:\Master\Moonbeam\data_preprocess.py", line 100, in process_midi_file_safe_v2
    out = process_midi_file_v2(midi_file, split, onset_vocab_size, dur_vocab_size, output_folder, log_file,
  File "E:\Master\Moonbeam\data_preprocess.py", line 173, in process_midi_file_v2
    return [filter_large_ts_dur(compounds, output_file_path, split, onset_vocab_size, dur_vocab_size, log_file)]
  File "E:\Master\Moonbeam\data_preprocess.py", line 149, in filter_large_ts_dur
    'length_duration': compounds[-1][0] + compounds[-1][1],
IndexError: list index out of range

Failed to process data_test_Yuhang/midi_SymbTr\rast--sarki--yuruksemai_ii--erdi_bahar--munir_nurettin_selcuk.mid:
Traceback (most recent call last):
  File "E:\Master\Moonbeam\data_preprocess.py", line 100, in process_midi_file_safe_v2
    out = process_midi_file_v2(midi_file, split, onset_vocab_size, dur_vocab_size, output_folder, log_file,
  File "E:\Master\Moonbeam\data_preprocess.py", line 173, in process_midi_file_v2
    return [filter_large_ts_dur(compounds, output_file_path, split, onset_vocab_size, dur_vocab_size, log_file)]
  File "E:\Master\Moonbeam\data_preprocess.py", line 149, in filter_large_ts_dur
    'length_duration': compounds[-1][0] + compounds[-1][1],
IndexError: list index out of range

Failed to process data_test_Yuhang/midi_SymbTr\acemasiran--sarki--devrihindi--neseyab_ol--ahmet_mukerrem_akinci.mid:
Traceback (most recent call last):
  File "E:\Master\Moonbeam\data_preprocess.py", line 100, in process_midi_file_safe_v2
    out = process_midi_file_v2(midi_file, split, onset_vocab_size, dur_vocab_size, output_folder, log_file,
  File "E:\Master\Moonbeam\data_preprocess.py", line 173, in process_midi_file_v2
    return [filter_large_ts_dur(compounds, output_file_path, split, onset_vocab_size, dur_vocab_size, log_file)]
  File "E:\Master\Moonbeam\data_preprocess.py", line 149, in filter_large_ts_dur
    'length_duration': compounds[-1][0] + compounds[-1][1],
IndexError: list index out of range

Failed to process data_test_Yuhang/midi_SymbTr\buselik--sarki--duyek--yalandir_dogustan--munir_nurettin_selcuk.mid:
Traceback (most recent call last):
  File "E:\Master\Moonbeam\data_preprocess.py", line 100, in process_midi_file_safe_v2
    out = process_midi_file_v2(midi_file, split, onset_vocab_size, dur_vocab_size, output_folder, log_file,
  File "E:\Master\Moonbeam\data_preprocess.py", line 173, in process_midi_file_v2
    return [filter_large_ts_dur(compounds, output_file_path, split, onset_vocab_size, dur_vocab_size, log_file)]
  File "E:\Master\Moonbeam\data_preprocess.py", line 149, in filter_large_ts_dur
    'length_duration': compounds[-1][0] + compounds[-1][1],
IndexError: list index out of range

Failed to process data_test_Yuhang/midi_SymbTr\hicazkar--beste--devrikebir--ey_sehensah-i--sadullah_aga.mid:
Traceback (most recent call last):
  File "E:\Master\Moonbeam\data_preprocess.py", line 100, in process_midi_file_safe_v2
    out = process_midi_file_v2(midi_file, split, onset_vocab_size, dur_vocab_size, output_folder, log_file,
  File "E:\Master\Moonbeam\data_preprocess.py", line 173, in process_midi_file_v2
    return [filter_large_ts_dur(compounds, output_file_path, split, onset_vocab_size, dur_vocab_size, log_file)]
  File "E:\Master\Moonbeam\data_preprocess.py", line 149, in filter_large_ts_dur
    'length_duration': compounds[-1][0] + compounds[-1][1],
IndexError: list index out of range

Failed to process data_test_Yuhang/midi_SymbTr\buselik--sarki--duyek--zaman_olur--selahattin_icli.mid:
Traceback (most recent call last):
  File "E:\Master\Moonbeam\data_preprocess.py", line 100, in process_midi_file_safe_v2
    out = process_midi_file_v2(midi_file, split, onset_vocab_size, dur_vocab_size, output_folder, log_file,
  File "E:\Master\Moonbeam\data_preprocess.py", line 173, in process_midi_file_v2
    return [filter_large_ts_dur(compounds, output_file_path, split, onset_vocab_size, dur_vocab_size, log_file)]
  File "E:\Master\Moonbeam\data_preprocess.py", line 149, in filter_large_ts_dur
    'length_duration': compounds[-1][0] + compounds[-1][1],
IndexError: list index out of range

Failed to process data_test_Yuhang/midi_SymbTr\acemasiran--sarki--aksak--dustum_bir--ali_riza_avni_tinaz.mid:
Traceback (most recent call last):
  File "E:\Master\Moonbeam\data_preprocess.py", line 100, in process_midi_file_safe_v2
    out = process_midi_file_v2(midi_file, split, onset_vocab_size, dur_vocab_size, output_folder, log_file,
  File "E:\Master\Moonbeam\data_preprocess.py", line 173, in process_midi_file_v2
    return [filter_large_ts_dur(compounds, output_file_path, split, onset_vocab_size, dur_vocab_size, log_file)]
  File "E:\Master\Moonbeam\data_preprocess.py", line 149, in filter_large_ts_dur
    'length_duration': compounds[-1][0] + compounds[-1][1],
IndexError: list index out of range

Failed to process data_test_Yuhang/midi_SymbTr\buselik--mehter--yuruksemai_ii----zurnazen_ibrahim_aga.mid:
Traceback (most recent call last):
  File "E:\Master\Moonbeam\data_preprocess.py", line 100, in process_midi_file_safe_v2
    out = process_midi_file_v2(midi_file, split, onset_vocab_size, dur_vocab_size, output_folder, log_file,
  File "E:\Master\Moonbeam\data_preprocess.py", line 173, in process_midi_file_v2
    return [filter_large_ts_dur(compounds, output_file_path, split, onset_vocab_size, dur_vocab_size, log_file)]
  File "E:\Master\Moonbeam\data_preprocess.py", line 149, in filter_large_ts_dur
    'length_duration': compounds[-1][0] + compounds[-1][1],
IndexError: list index out of range

Failed to process data_test_Yuhang/midi_SymbTr\kurdilihicazkar--sazsemaisi--aksaksemai----haydar_tatliyay.mid:
Traceback (most recent call last):
  File "E:\Master\Moonbeam\data_preprocess.py", line 100, in process_midi_file_safe_v2
    out = process_midi_file_v2(midi_file, split, onset_vocab_size, dur_vocab_size, output_folder, log_file,
  File "E:\Master\Moonbeam\data_preprocess.py", line 173, in process_midi_file_v2
    return [filter_large_ts_dur(compounds, output_file_path, split, onset_vocab_size, dur_vocab_size, log_file)]
  File "E:\Master\Moonbeam\data_preprocess.py", line 149, in filter_large_ts_dur
    'length_duration': compounds[-1][0] + compounds[-1][1],
IndexError: list index out of range

Failed to process data_test_Yuhang/midi_SymbTr\segah--sarki--agir_aksaksemai--cok_kildi--dellalzade_haci_ismail_efendi.mid:
Traceback (most recent call last):
  File "E:\Master\Moonbeam\data_preprocess.py", line 100, in process_midi_file_safe_v2
    out = process_midi_file_v2(midi_file, split, onset_vocab_size, dur_vocab_size, output_folder, log_file,
  File "E:\Master\Moonbeam\data_preprocess.py", line 173, in process_midi_file_v2
    return [filter_large_ts_dur(compounds, output_file_path, split, onset_vocab_size, dur_vocab_size, log_file)]
  File "E:\Master\Moonbeam\data_preprocess.py", line 149, in filter_large_ts_dur
    'length_duration': compounds[-1][0] + compounds[-1][1],
IndexError: list index out of range

Failed to process data_test_Yuhang/midi_SymbTr\muhayyerkurdi--sarki--aksak--sevgi_deli--alaeddin_yavasca.mid:
Traceback (most recent call last):
  File "E:\Master\Moonbeam\data_preprocess.py", line 100, in process_midi_file_safe_v2
    out = process_midi_file_v2(midi_file, split, onset_vocab_size, dur_vocab_size, output_folder, log_file,
  File "E:\Master\Moonbeam\data_preprocess.py", line 173, in process_midi_file_v2
    return [filter_large_ts_dur(compounds, output_file_path, split, onset_vocab_size, dur_vocab_size, log_file)]
  File "E:\Master\Moonbeam\data_preprocess.py", line 149, in filter_large_ts_dur
    'length_duration': compounds[-1][0] + compounds[-1][1],
IndexError: list index out of range

Failed to process data_test_Yuhang/midi_SymbTr\huzzam--sarki--devrihindi--ey_cefacu--sakir_aga.mid:
Traceback (most recent call last):
  File "E:\Master\Moonbeam\data_preprocess.py", line 100, in process_midi_file_safe_v2
    out = process_midi_file_v2(midi_file, split, onset_vocab_size, dur_vocab_size, output_folder, log_file,
  File "E:\Master\Moonbeam\data_preprocess.py", line 173, in process_midi_file_v2
    return [filter_large_ts_dur(compounds, output_file_path, split, onset_vocab_size, dur_vocab_size, log_file)]
  File "E:\Master\Moonbeam\data_preprocess.py", line 149, in filter_large_ts_dur
    'length_duration': compounds[-1][0] + compounds[-1][1],
IndexError: list index out of range

Failed to process data_test_Yuhang/midi_SymbTr\huseyni--agirsemai--aksaksemai--acildi_gonce-i--komurcuzade_hafiz_mehmet_efendi.mid:
Traceback (most recent call last):
  File "E:\Master\Moonbeam\data_preprocess.py", line 100, in process_midi_file_safe_v2
    out = process_midi_file_v2(midi_file, split, onset_vocab_size, dur_vocab_size, output_folder, log_file,
  File "E:\Master\Moonbeam\data_preprocess.py", line 173, in process_midi_file_v2
    return [filter_large_ts_dur(compounds, output_file_path, split, onset_vocab_size, dur_vocab_size, log_file)]
  File "E:\Master\Moonbeam\data_preprocess.py", line 149, in filter_large_ts_dur
    'length_duration': compounds[-1][0] + compounds[-1][1],
IndexError: list index out of range

Failed to process data_test_Yuhang/midi_SymbTr\mahur--sarki--duyek--seb-i_vuslat--nasibin_mehmet_yuru.mid:
Traceback (most recent call last):
  File "E:\Master\Moonbeam\data_preprocess.py", line 100, in process_midi_file_safe_v2
    out = process_midi_file_v2(midi_file, split, onset_vocab_size, dur_vocab_size, output_folder, log_file,
  File "E:\Master\Moonbeam\data_preprocess.py", line 173, in process_midi_file_v2
    return [filter_large_ts_dur(compounds, output_file_path, split, onset_vocab_size, dur_vocab_size, log_file)]
  File "E:\Master\Moonbeam\data_preprocess.py", line 149, in filter_large_ts_dur
    'length_duration': compounds[-1][0] + compounds[-1][1],
IndexError: list index out of range

Failed to process data_test_Yuhang/midi_SymbTr\muhayyer--ilahi--sofyan--duseli_bu_askin--dede_efendi.mid:
Traceback (most recent call last):
  File "E:\Master\Moonbeam\data_preprocess.py", line 100, in process_midi_file_safe_v2
    out = process_midi_file_v2(midi_file, split, onset_vocab_size, dur_vocab_size, output_folder, log_file,
  File "E:\Master\Moonbeam\data_preprocess.py", line 173, in process_midi_file_v2
    return [filter_large_ts_dur(compounds, output_file_path, split, onset_vocab_size, dur_vocab_size, log_file)]
  File "E:\Master\Moonbeam\data_preprocess.py", line 149, in filter_large_ts_dur
    'length_duration': compounds[-1][0] + compounds[-1][1],
IndexError: list index out of range

Failed to process data_test_Yuhang/midi_SymbTr\buselik--sarki--aksak--bir_misli--sakir_aga.mid:
Traceback (most recent call last):
  File "E:\Master\Moonbeam\data_preprocess.py", line 100, in process_midi_file_safe_v2
    out = process_midi_file_v2(midi_file, split, onset_vocab_size, dur_vocab_size, output_folder, log_file,
  File "E:\Master\Moonbeam\data_preprocess.py", line 173, in process_midi_file_v2
    return [filter_large_ts_dur(compounds, output_file_path, split, onset_vocab_size, dur_vocab_size, log_file)]
  File "E:\Master\Moonbeam\data_preprocess.py", line 149, in filter_large_ts_dur
    'length_duration': compounds[-1][0] + compounds[-1][1],
IndexError: list index out of range

Failed to process data_test_Yuhang/midi_SymbTr\rast--kar_i_natik--cenber--rast_geldim--hatibzade_osman_efendi.mid:
Traceback (most recent call last):
  File "E:\Master\Moonbeam\data_preprocess.py", line 100, in process_midi_file_safe_v2
    out = process_midi_file_v2(midi_file, split, onset_vocab_size, dur_vocab_size, output_folder, log_file,
  File "E:\Master\Moonbeam\data_preprocess.py", line 173, in process_midi_file_v2
    return [filter_large_ts_dur(compounds, output_file_path, split, onset_vocab_size, dur_vocab_size, log_file)]
  File "E:\Master\Moonbeam\data_preprocess.py", line 149, in filter_large_ts_dur
    'length_duration': compounds[-1][0] + compounds[-1][1],
IndexError: list index out of range

Failed to process data_test_Yuhang/midi_SymbTr\hicaz_humayun--murabba--agircenber--hasret-i_ruyinle--gevrekzade_mustafa_aga.mid:
Traceback (most recent call last):
  File "E:\Master\Moonbeam\data_preprocess.py", line 100, in process_midi_file_safe_v2
    out = process_midi_file_v2(midi_file, split, onset_vocab_size, dur_vocab_size, output_folder, log_file,
  File "E:\Master\Moonbeam\data_preprocess.py", line 173, in process_midi_file_v2
    return [filter_large_ts_dur(compounds, output_file_path, split, onset_vocab_size, dur_vocab_size, log_file)]
  File "E:\Master\Moonbeam\data_preprocess.py", line 149, in filter_large_ts_dur
    'length_duration': compounds[-1][0] + compounds[-1][1],
IndexError: list index out of range

Failed to process data_test_Yuhang/midi_SymbTr\huseyni--pesrev--devrikebir----iii_selim.mid:
Traceback (most recent call last):
  File "E:\Master\Moonbeam\data_preprocess.py", line 100, in process_midi_file_safe_v2
    out = process_midi_file_v2(midi_file, split, onset_vocab_size, dur_vocab_size, output_folder, log_file,
  File "E:\Master\Moonbeam\data_preprocess.py", line 173, in process_midi_file_v2
    return [filter_large_ts_dur(compounds, output_file_path, split, onset_vocab_size, dur_vocab_size, log_file)]
  File "E:\Master\Moonbeam\data_preprocess.py", line 149, in filter_large_ts_dur
    'length_duration': compounds[-1][0] + compounds[-1][1],
IndexError: list index out of range

Failed to process data_test_Yuhang/midi_SymbTr\nihavent--sarki--duyek--ellerim_boyle--sekip_ayhan_ozisik.mid:
Traceback (most recent call last):
  File "E:\Master\Moonbeam\data_preprocess.py", line 100, in process_midi_file_safe_v2
    out = process_midi_file_v2(midi_file, split, onset_vocab_size, dur_vocab_size, output_folder, log_file,
  File "E:\Master\Moonbeam\data_preprocess.py", line 173, in process_midi_file_v2
    return [filter_large_ts_dur(compounds, output_file_path, split, onset_vocab_size, dur_vocab_size, log_file)]
  File "E:\Master\Moonbeam\data_preprocess.py", line 149, in filter_large_ts_dur
    'length_duration': compounds[-1][0] + compounds[-1][1],
IndexError: list index out of range

Failed to process data_test_Yuhang/midi_SymbTr\muhayyerkurdi--sarki--nimsofyan--kadehinde_zehir--erol_sayan.mid:
Traceback (most recent call last):
  File "E:\Master\Moonbeam\data_preprocess.py", line 100, in process_midi_file_safe_v2
    out = process_midi_file_v2(midi_file, split, onset_vocab_size, dur_vocab_size, output_folder, log_file,
  File "E:\Master\Moonbeam\data_preprocess.py", line 173, in process_midi_file_v2
    return [filter_large_ts_dur(compounds, output_file_path, split, onset_vocab_size, dur_vocab_size, log_file)]
  File "E:\Master\Moonbeam\data_preprocess.py", line 149, in filter_large_ts_dur
    'length_duration': compounds[-1][0] + compounds[-1][1],
IndexError: list index out of range

Failed to process data_test_Yuhang/midi_SymbTr\huzzam--sarki--duyek--yalniz_aksamlarimda--omer_sami_gupgup.mid:
Traceback (most recent call last):
  File "E:\Master\Moonbeam\data_preprocess.py", line 100, in process_midi_file_safe_v2
    out = process_midi_file_v2(midi_file, split, onset_vocab_size, dur_vocab_size, output_folder, log_file,
  File "E:\Master\Moonbeam\data_preprocess.py", line 173, in process_midi_file_v2
    return [filter_large_ts_dur(compounds, output_file_path, split, onset_vocab_size, dur_vocab_size, log_file)]
  File "E:\Master\Moonbeam\data_preprocess.py", line 149, in filter_large_ts_dur
    'length_duration': compounds[-1][0] + compounds[-1][1],
IndexError: list index out of range

Failed to process data_test_Yuhang/midi_SymbTr\buselik--sarki--yuruksemai_ii--gule_sor--ismail_baha_surelsan.mid:
Traceback (most recent call last):
  File "E:\Master\Moonbeam\data_preprocess.py", line 100, in process_midi_file_safe_v2
    out = process_midi_file_v2(midi_file, split, onset_vocab_size, dur_vocab_size, output_folder, log_file,
  File "E:\Master\Moonbeam\data_preprocess.py", line 173, in process_midi_file_v2
    return [filter_large_ts_dur(compounds, output_file_path, split, onset_vocab_size, dur_vocab_size, log_file)]
  File "E:\Master\Moonbeam\data_preprocess.py", line 149, in filter_large_ts_dur
    'length_duration': compounds[-1][0] + compounds[-1][1],
IndexError: list index out of range

Failed to process data_test_Yuhang/midi_SymbTr\muhayyerkurdi--sarki--semai--duydum_ki--selahattin_altinbas.mid:
Traceback (most recent call last):
  File "E:\Master\Moonbeam\data_preprocess.py", line 100, in process_midi_file_safe_v2
    out = process_midi_file_v2(midi_file, split, onset_vocab_size, dur_vocab_size, output_folder, log_file,
  File "E:\Master\Moonbeam\data_preprocess.py", line 173, in process_midi_file_v2
    return [filter_large_ts_dur(compounds, output_file_path, split, onset_vocab_size, dur_vocab_size, log_file)]
  File "E:\Master\Moonbeam\data_preprocess.py", line 149, in filter_large_ts_dur
    'length_duration': compounds[-1][0] + compounds[-1][1],
IndexError: list index out of range

Failed to process data_test_Yuhang/midi_SymbTr\nikriz--longa--nimsofyan----haydar_tatliyay.mid:
Traceback (most recent call last):
  File "E:\Master\Moonbeam\data_preprocess.py", line 100, in process_midi_file_safe_v2
    out = process_midi_file_v2(midi_file, split, onset_vocab_size, dur_vocab_size, output_folder, log_file,
  File "E:\Master\Moonbeam\data_preprocess.py", line 173, in process_midi_file_v2
    return [filter_large_ts_dur(compounds, output_file_path, split, onset_vocab_size, dur_vocab_size, log_file)]
  File "E:\Master\Moonbeam\data_preprocess.py", line 149, in filter_large_ts_dur
    'length_duration': compounds[-1][0] + compounds[-1][1],
IndexError: list index out of range

Failed to process data_test_Yuhang/midi_SymbTr\hicaz--sarki--duyek--istanbulda_bogazicinde--sekip_ayhan_ozisik.mid:
Traceback (most recent call last):
  File "E:\Master\Moonbeam\data_preprocess.py", line 100, in process_midi_file_safe_v2
    out = process_midi_file_v2(midi_file, split, onset_vocab_size, dur_vocab_size, output_folder, log_file,
  File "E:\Master\Moonbeam\data_preprocess.py", line 173, in process_midi_file_v2
    return [filter_large_ts_dur(compounds, output_file_path, split, onset_vocab_size, dur_vocab_size, log_file)]
  File "E:\Master\Moonbeam\data_preprocess.py", line 149, in filter_large_ts_dur
    'length_duration': compounds[-1][0] + compounds[-1][1],
IndexError: list index out of range

Failed to process data_test_Yuhang/midi_SymbTr\huseyni--beste--agircenber--cemalin_ates-i--zaharya.mid:
Traceback (most recent call last):
  File "E:\Master\Moonbeam\data_preprocess.py", line 100, in process_midi_file_safe_v2
    out = process_midi_file_v2(midi_file, split, onset_vocab_size, dur_vocab_size, output_folder, log_file,
  File "E:\Master\Moonbeam\data_preprocess.py", line 173, in process_midi_file_v2
    return [filter_large_ts_dur(compounds, output_file_path, split, onset_vocab_size, dur_vocab_size, log_file)]
  File "E:\Master\Moonbeam\data_preprocess.py", line 149, in filter_large_ts_dur
    'length_duration': compounds[-1][0] + compounds[-1][1],
IndexError: list index out of range

Failed to process data_test_Yuhang/midi_SymbTr\huzzam--sarki--curcuna--bir_gun--omer_sami_gupgup.mid:
Traceback (most recent call last):
  File "E:\Master\Moonbeam\data_preprocess.py", line 100, in process_midi_file_safe_v2
    out = process_midi_file_v2(midi_file, split, onset_vocab_size, dur_vocab_size, output_folder, log_file,
  File "E:\Master\Moonbeam\data_preprocess.py", line 173, in process_midi_file_v2
    return [filter_large_ts_dur(compounds, output_file_path, split, onset_vocab_size, dur_vocab_size, log_file)]
  File "E:\Master\Moonbeam\data_preprocess.py", line 149, in filter_large_ts_dur
    'length_duration': compounds[-1][0] + compounds[-1][1],
IndexError: list index out of range

Failed to process data_test_Yuhang/midi_SymbTr\mahur--sarki--aksak--muptelayim_hayli--kemenceci_usta_yani.mid:
Traceback (most recent call last):
  File "E:\Master\Moonbeam\data_preprocess.py", line 100, in process_midi_file_safe_v2
    out = process_midi_file_v2(midi_file, split, onset_vocab_size, dur_vocab_size, output_folder, log_file,
  File "E:\Master\Moonbeam\data_preprocess.py", line 173, in process_midi_file_v2
    return [filter_large_ts_dur(compounds, output_file_path, split, onset_vocab_size, dur_vocab_size, log_file)]
  File "E:\Master\Moonbeam\data_preprocess.py", line 149, in filter_large_ts_dur
    'length_duration': compounds[-1][0] + compounds[-1][1],
IndexError: list index out of range

Failed to process data_test_Yuhang/midi_SymbTr\kurdilihicazkar--sarki--semai--uzun_yillar--zeki_muren.mid:
Traceback (most recent call last):
  File "E:\Master\Moonbeam\data_preprocess.py", line 100, in process_midi_file_safe_v2
    out = process_midi_file_v2(midi_file, split, onset_vocab_size, dur_vocab_size, output_folder, log_file,
  File "E:\Master\Moonbeam\data_preprocess.py", line 173, in process_midi_file_v2
    return [filter_large_ts_dur(compounds, output_file_path, split, onset_vocab_size, dur_vocab_size, log_file)]
  File "E:\Master\Moonbeam\data_preprocess.py", line 149, in filter_large_ts_dur
    'length_duration': compounds[-1][0] + compounds[-1][1],
IndexError: list index out of range

Failed to process data_test_Yuhang/midi_SymbTr\hicaz--sarki--yuruksemai_ii--beyaz_ten--.mid:
Traceback (most recent call last):
  File "E:\Master\Moonbeam\data_preprocess.py", line 100, in process_midi_file_safe_v2
    out = process_midi_file_v2(midi_file, split, onset_vocab_size, dur_vocab_size, output_folder, log_file,
  File "E:\Master\Moonbeam\data_preprocess.py", line 173, in process_midi_file_v2
    return [filter_large_ts_dur(compounds, output_file_path, split, onset_vocab_size, dur_vocab_size, log_file)]
  File "E:\Master\Moonbeam\data_preprocess.py", line 149, in filter_large_ts_dur
    'length_duration': compounds[-1][0] + compounds[-1][1],
IndexError: list index out of range

Failed to process data_test_Yuhang/midi_SymbTr\muhayyer--murabba--agircenber--vakt-i_subh--hafiz_post.mid:
Traceback (most recent call last):
  File "E:\Master\Moonbeam\data_preprocess.py", line 100, in process_midi_file_safe_v2
    out = process_midi_file_v2(midi_file, split, onset_vocab_size, dur_vocab_size, output_folder, log_file,
  File "E:\Master\Moonbeam\data_preprocess.py", line 173, in process_midi_file_v2
    return [filter_large_ts_dur(compounds, output_file_path, split, onset_vocab_size, dur_vocab_size, log_file)]
  File "E:\Master\Moonbeam\data_preprocess.py", line 149, in filter_large_ts_dur
    'length_duration': compounds[-1][0] + compounds[-1][1],
IndexError: list index out of range

Failed to process data_test_Yuhang/midi_SymbTr\mahur--sarki--aksak--olmusum_divane--komurcuzade_hafiz_mehmet_efendi.mid:
Traceback (most recent call last):
  File "E:\Master\Moonbeam\data_preprocess.py", line 100, in process_midi_file_safe_v2
    out = process_midi_file_v2(midi_file, split, onset_vocab_size, dur_vocab_size, output_folder, log_file,
  File "E:\Master\Moonbeam\data_preprocess.py", line 173, in process_midi_file_v2
    return [filter_large_ts_dur(compounds, output_file_path, split, onset_vocab_size, dur_vocab_size, log_file)]
  File "E:\Master\Moonbeam\data_preprocess.py", line 149, in filter_large_ts_dur
    'length_duration': compounds[-1][0] + compounds[-1][1],
IndexError: list index out of range

Failed to process data_test_Yuhang/midi_SymbTr\hicazkar--sarki--duyek--yaziktir_etme--erol_sayan.mid:
Traceback (most recent call last):
  File "E:\Master\Moonbeam\data_preprocess.py", line 100, in process_midi_file_safe_v2
    out = process_midi_file_v2(midi_file, split, onset_vocab_size, dur_vocab_size, output_folder, log_file,
  File "E:\Master\Moonbeam\data_preprocess.py", line 173, in process_midi_file_v2
    return [filter_large_ts_dur(compounds, output_file_path, split, onset_vocab_size, dur_vocab_size, log_file)]
  File "E:\Master\Moonbeam\data_preprocess.py", line 149, in filter_large_ts_dur
    'length_duration': compounds[-1][0] + compounds[-1][1],
IndexError: list index out of range

Failed to process data_test_Yuhang/midi_SymbTr\acemasiran--ilahi--muhammes--ta_dil--calakzade_mustafa_efendi.mid:
Traceback (most recent call last):
  File "E:\Master\Moonbeam\data_preprocess.py", line 100, in process_midi_file_safe_v2
    out = process_midi_file_v2(midi_file, split, onset_vocab_size, dur_vocab_size, output_folder, log_file,
  File "E:\Master\Moonbeam\data_preprocess.py", line 173, in process_midi_file_v2
    return [filter_large_ts_dur(compounds, output_file_path, split, onset_vocab_size, dur_vocab_size, log_file)]
  File "E:\Master\Moonbeam\data_preprocess.py", line 149, in filter_large_ts_dur
    'length_duration': compounds[-1][0] + compounds[-1][1],
IndexError: list index out of range

Failed to process data_test_Yuhang/midi_SymbTr\karcigar--sarki--agirevfer--hezar_zar--suyolcuzade_salih_efendi.mid:
Traceback (most recent call last):
  File "E:\Master\Moonbeam\data_preprocess.py", line 100, in process_midi_file_safe_v2
    out = process_midi_file_v2(midi_file, split, onset_vocab_size, dur_vocab_size, output_folder, log_file,
  File "E:\Master\Moonbeam\data_preprocess.py", line 173, in process_midi_file_v2
    return [filter_large_ts_dur(compounds, output_file_path, split, onset_vocab_size, dur_vocab_size, log_file)]
  File "E:\Master\Moonbeam\data_preprocess.py", line 149, in filter_large_ts_dur
    'length_duration': compounds[-1][0] + compounds[-1][1],
IndexError: list index out of range

Failed to process data_test_Yuhang/midi_SymbTr\buselik--sarki--senginsemai--bir_tek--ali_ulvi_baradan.mid:
Traceback (most recent call last):
  File "E:\Master\Moonbeam\data_preprocess.py", line 100, in process_midi_file_safe_v2
    out = process_midi_file_v2(midi_file, split, onset_vocab_size, dur_vocab_size, output_folder, log_file,
  File "E:\Master\Moonbeam\data_preprocess.py", line 173, in process_midi_file_v2
    return [filter_large_ts_dur(compounds, output_file_path, split, onset_vocab_size, dur_vocab_size, log_file)]
  File "E:\Master\Moonbeam\data_preprocess.py", line 149, in filter_large_ts_dur
    'length_duration': compounds[-1][0] + compounds[-1][1],
IndexError: list index out of range

Failed to process data_test_Yuhang/midi_SymbTr\nihavent--sarki--duyek--bugun_yine--emin_ongan.mid:
Traceback (most recent call last):
  File "E:\Master\Moonbeam\data_preprocess.py", line 100, in process_midi_file_safe_v2
    out = process_midi_file_v2(midi_file, split, onset_vocab_size, dur_vocab_size, output_folder, log_file,
  File "E:\Master\Moonbeam\data_preprocess.py", line 173, in process_midi_file_v2
    return [filter_large_ts_dur(compounds, output_file_path, split, onset_vocab_size, dur_vocab_size, log_file)]
  File "E:\Master\Moonbeam\data_preprocess.py", line 149, in filter_large_ts_dur
    'length_duration': compounds[-1][0] + compounds[-1][1],
IndexError: list index out of range

Failed to process data_test_Yuhang/midi_SymbTr\kurdilihicazkar--sarki--musemmen--gecti_omrun--sadi_hosses.mid:
Traceback (most recent call last):
  File "E:\Master\Moonbeam\data_preprocess.py", line 100, in process_midi_file_safe_v2
    out = process_midi_file_v2(midi_file, split, onset_vocab_size, dur_vocab_size, output_folder, log_file,
  File "E:\Master\Moonbeam\data_preprocess.py", line 173, in process_midi_file_v2
    return [filter_large_ts_dur(compounds, output_file_path, split, onset_vocab_size, dur_vocab_size, log_file)]
  File "E:\Master\Moonbeam\data_preprocess.py", line 149, in filter_large_ts_dur
    'length_duration': compounds[-1][0] + compounds[-1][1],
IndexError: list index out of range

Failed to process data_test_Yuhang/midi_SymbTr\karcigar--agirsemai--aksaksemai--ne_dane--dellalzade_haci_ismail_efendi.mid:
Traceback (most recent call last):
  File "E:\Master\Moonbeam\data_preprocess.py", line 100, in process_midi_file_safe_v2
    out = process_midi_file_v2(midi_file, split, onset_vocab_size, dur_vocab_size, output_folder, log_file,
  File "E:\Master\Moonbeam\data_preprocess.py", line 173, in process_midi_file_v2
    return [filter_large_ts_dur(compounds, output_file_path, split, onset_vocab_size, dur_vocab_size, log_file)]
  File "E:\Master\Moonbeam\data_preprocess.py", line 149, in filter_large_ts_dur
    'length_duration': compounds[-1][0] + compounds[-1][1],
IndexError: list index out of range

Failed to process data_test_Yuhang/midi_SymbTr\sultaniyegah--sarki--nimsofyan--sen_sarki--munir_nurettin_selcuk.mid:
Traceback (most recent call last):
  File "E:\Master\Moonbeam\data_preprocess.py", line 100, in process_midi_file_safe_v2
    out = process_midi_file_v2(midi_file, split, onset_vocab_size, dur_vocab_size, output_folder, log_file,
  File "E:\Master\Moonbeam\data_preprocess.py", line 173, in process_midi_file_v2
    return [filter_large_ts_dur(compounds, output_file_path, split, onset_vocab_size, dur_vocab_size, log_file)]
  File "E:\Master\Moonbeam\data_preprocess.py", line 149, in filter_large_ts_dur
    'length_duration': compounds[-1][0] + compounds[-1][1],
IndexError: list index out of range

Failed to process data_test_Yuhang/midi_SymbTr\hicaz--popsarkisi--sofyan--basin_one--kerem_guney.mid:
Traceback (most recent call last):
  File "E:\Master\Moonbeam\data_preprocess.py", line 100, in process_midi_file_safe_v2
    out = process_midi_file_v2(midi_file, split, onset_vocab_size, dur_vocab_size, output_folder, log_file,
  File "E:\Master\Moonbeam\data_preprocess.py", line 173, in process_midi_file_v2
    return [filter_large_ts_dur(compounds, output_file_path, split, onset_vocab_size, dur_vocab_size, log_file)]
  File "E:\Master\Moonbeam\data_preprocess.py", line 149, in filter_large_ts_dur
    'length_duration': compounds[-1][0] + compounds[-1][1],
IndexError: list index out of range

Failed to process data_test_Yuhang/midi_SymbTr\buselik--pesrev--devrikebir----bolahenk_nuri_bey.mid:
Traceback (most recent call last):
  File "E:\Master\Moonbeam\data_preprocess.py", line 100, in process_midi_file_safe_v2
    out = process_midi_file_v2(midi_file, split, onset_vocab_size, dur_vocab_size, output_folder, log_file,
  File "E:\Master\Moonbeam\data_preprocess.py", line 173, in process_midi_file_v2
    return [filter_large_ts_dur(compounds, output_file_path, split, onset_vocab_size, dur_vocab_size, log_file)]
  File "E:\Master\Moonbeam\data_preprocess.py", line 149, in filter_large_ts_dur
    'length_duration': compounds[-1][0] + compounds[-1][1],
IndexError: list index out of range

Failed to process data_test_Yuhang/midi_SymbTr\huseyni--ilahi--yuruksemai--nur-i_fahr-i--dede_efendi.mid:
Traceback (most recent call last):
  File "E:\Master\Moonbeam\data_preprocess.py", line 100, in process_midi_file_safe_v2
    out = process_midi_file_v2(midi_file, split, onset_vocab_size, dur_vocab_size, output_folder, log_file,
  File "E:\Master\Moonbeam\data_preprocess.py", line 173, in process_midi_file_v2
    return [filter_large_ts_dur(compounds, output_file_path, split, onset_vocab_size, dur_vocab_size, log_file)]
  File "E:\Master\Moonbeam\data_preprocess.py", line 149, in filter_large_ts_dur
    'length_duration': compounds[-1][0] + compounds[-1][1],
IndexError: list index out of range

Failed to process data_test_Yuhang/midi_SymbTr\nihavent--sarki--nimsofyan--istanbulda_yasanan--baki_callioglu.mid:
Traceback (most recent call last):
  File "E:\Master\Moonbeam\data_preprocess.py", line 100, in process_midi_file_safe_v2
    out = process_midi_file_v2(midi_file, split, onset_vocab_size, dur_vocab_size, output_folder, log_file,
  File "E:\Master\Moonbeam\data_preprocess.py", line 173, in process_midi_file_v2
    return [filter_large_ts_dur(compounds, output_file_path, split, onset_vocab_size, dur_vocab_size, log_file)]
  File "E:\Master\Moonbeam\data_preprocess.py", line 149, in filter_large_ts_dur
    'length_duration': compounds[-1][0] + compounds[-1][1],
IndexError: list index out of range

Failed to process data_test_Yuhang/midi_SymbTr\ussak--sarki--musemmen--gonlumun_bir--emin_ongan.mid:
Traceback (most recent call last):
  File "E:\Master\Moonbeam\data_preprocess.py", line 100, in process_midi_file_safe_v2
    out = process_midi_file_v2(midi_file, split, onset_vocab_size, dur_vocab_size, output_folder, log_file,
  File "E:\Master\Moonbeam\data_preprocess.py", line 173, in process_midi_file_v2
    return [filter_large_ts_dur(compounds, output_file_path, split, onset_vocab_size, dur_vocab_size, log_file)]
  File "E:\Master\Moonbeam\data_preprocess.py", line 149, in filter_large_ts_dur
    'length_duration': compounds[-1][0] + compounds[-1][1],
IndexError: list index out of range

Failed to process data_test_Yuhang/midi_SymbTr\huzzam--sarki--curcuna--gokyuzune_ciksan--omer_sami_gupgup.mid:
Traceback (most recent call last):
  File "E:\Master\Moonbeam\data_preprocess.py", line 100, in process_midi_file_safe_v2
    out = process_midi_file_v2(midi_file, split, onset_vocab_size, dur_vocab_size, output_folder, log_file,
  File "E:\Master\Moonbeam\data_preprocess.py", line 173, in process_midi_file_v2
    return [filter_large_ts_dur(compounds, output_file_path, split, onset_vocab_size, dur_vocab_size, log_file)]
  File "E:\Master\Moonbeam\data_preprocess.py", line 149, in filter_large_ts_dur
    'length_duration': compounds[-1][0] + compounds[-1][1],
IndexError: list index out of range

Failed to process data_test_Yuhang/midi_SymbTr\sultaniyegah--sarki--curcuna--sevildim_sanma--arif_sami_toker.mid:
Traceback (most recent call last):
  File "E:\Master\Moonbeam\data_preprocess.py", line 100, in process_midi_file_safe_v2
    out = process_midi_file_v2(midi_file, split, onset_vocab_size, dur_vocab_size, output_folder, log_file,
  File "E:\Master\Moonbeam\data_preprocess.py", line 173, in process_midi_file_v2
    return [filter_large_ts_dur(compounds, output_file_path, split, onset_vocab_size, dur_vocab_size, log_file)]
  File "E:\Master\Moonbeam\data_preprocess.py", line 149, in filter_large_ts_dur
    'length_duration': compounds[-1][0] + compounds[-1][1],
IndexError: list index out of range

Failed to process data_test_Yuhang/midi_SymbTr\mahur--sarki--curcuna--sakiz_hanim--bahadir_akkuzu.mid:
Traceback (most recent call last):
  File "E:\Master\Moonbeam\data_preprocess.py", line 100, in process_midi_file_safe_v2
    out = process_midi_file_v2(midi_file, split, onset_vocab_size, dur_vocab_size, output_folder, log_file,
  File "E:\Master\Moonbeam\data_preprocess.py", line 173, in process_midi_file_v2
    return [filter_large_ts_dur(compounds, output_file_path, split, onset_vocab_size, dur_vocab_size, log_file)]
  File "E:\Master\Moonbeam\data_preprocess.py", line 149, in filter_large_ts_dur
    'length_duration': compounds[-1][0] + compounds[-1][1],
IndexError: list index out of range

Failed to process data_test_Yuhang/midi_SymbTr\mahur--sarki--aksak--cektikce_sineye--selahattin_icli.mid:
Traceback (most recent call last):
  File "E:\Master\Moonbeam\data_preprocess.py", line 100, in process_midi_file_safe_v2
    out = process_midi_file_v2(midi_file, split, onset_vocab_size, dur_vocab_size, output_folder, log_file,
  File "E:\Master\Moonbeam\data_preprocess.py", line 173, in process_midi_file_v2
    return [filter_large_ts_dur(compounds, output_file_path, split, onset_vocab_size, dur_vocab_size, log_file)]
  File "E:\Master\Moonbeam\data_preprocess.py", line 149, in filter_large_ts_dur
    'length_duration': compounds[-1][0] + compounds[-1][1],
IndexError: list index out of range

Failed to process data_test_Yuhang/midi_SymbTr\ussak--kalenderi--yuruksemai--ey_nur-i--numan_aga.mid:
Traceback (most recent call last):
  File "E:\Master\Moonbeam\data_preprocess.py", line 100, in process_midi_file_safe_v2
    out = process_midi_file_v2(midi_file, split, onset_vocab_size, dur_vocab_size, output_folder, log_file,
  File "E:\Master\Moonbeam\data_preprocess.py", line 173, in process_midi_file_v2
    return [filter_large_ts_dur(compounds, output_file_path, split, onset_vocab_size, dur_vocab_size, log_file)]
  File "E:\Master\Moonbeam\data_preprocess.py", line 149, in filter_large_ts_dur
    'length_duration': compounds[-1][0] + compounds[-1][1],
IndexError: list index out of range

Failed to process data_test_Yuhang/midi_SymbTr\hicazkar--sarki--duyek--serpil_yagmur--cevdet_cagla.mid:
Traceback (most recent call last):
  File "E:\Master\Moonbeam\data_preprocess.py", line 100, in process_midi_file_safe_v2
    out = process_midi_file_v2(midi_file, split, onset_vocab_size, dur_vocab_size, output_folder, log_file,
  File "E:\Master\Moonbeam\data_preprocess.py", line 173, in process_midi_file_v2
    return [filter_large_ts_dur(compounds, output_file_path, split, onset_vocab_size, dur_vocab_size, log_file)]
  File "E:\Master\Moonbeam\data_preprocess.py", line 149, in filter_large_ts_dur
    'length_duration': compounds[-1][0] + compounds[-1][1],
IndexError: list index out of range

Failed to process data_test_Yuhang/midi_SymbTr\segah--sarki--sofyan--dayanilmaz_hasretin--omer_sami_gupgup.mid:
Traceback (most recent call last):
  File "E:\Master\Moonbeam\data_preprocess.py", line 100, in process_midi_file_safe_v2
    out = process_midi_file_v2(midi_file, split, onset_vocab_size, dur_vocab_size, output_folder, log_file,
  File "E:\Master\Moonbeam\data_preprocess.py", line 173, in process_midi_file_v2
    return [filter_large_ts_dur(compounds, output_file_path, split, onset_vocab_size, dur_vocab_size, log_file)]
  File "E:\Master\Moonbeam\data_preprocess.py", line 149, in filter_large_ts_dur
    'length_duration': compounds[-1][0] + compounds[-1][1],
IndexError: list index out of range

Failed to process data_test_Yuhang/midi_SymbTr\huzzam--sarki--devrihindi--umidim_kalmadi--medeni_aziz_efendi.mid:
Traceback (most recent call last):
  File "E:\Master\Moonbeam\data_preprocess.py", line 100, in process_midi_file_safe_v2
    out = process_midi_file_v2(midi_file, split, onset_vocab_size, dur_vocab_size, output_folder, log_file,
  File "E:\Master\Moonbeam\data_preprocess.py", line 173, in process_midi_file_v2
    return [filter_large_ts_dur(compounds, output_file_path, split, onset_vocab_size, dur_vocab_size, log_file)]
  File "E:\Master\Moonbeam\data_preprocess.py", line 149, in filter_large_ts_dur
    'length_duration': compounds[-1][0] + compounds[-1][1],
IndexError: list index out of range

Failed to process data_test_Yuhang/midi_SymbTr\segah--kar--hafif--ses-agaz_kar--abdulkadir_meragi.mid:
Traceback (most recent call last):
  File "E:\Master\Moonbeam\data_preprocess.py", line 100, in process_midi_file_safe_v2
    out = process_midi_file_v2(midi_file, split, onset_vocab_size, dur_vocab_size, output_folder, log_file,
  File "E:\Master\Moonbeam\data_preprocess.py", line 173, in process_midi_file_v2
    return [filter_large_ts_dur(compounds, output_file_path, split, onset_vocab_size, dur_vocab_size, log_file)]
  File "E:\Master\Moonbeam\data_preprocess.py", line 149, in filter_large_ts_dur
    'length_duration': compounds[-1][0] + compounds[-1][1],
IndexError: list index out of range

Failed to process data_test_Yuhang/midi_SymbTr\hicaz_humayun--nakis--agirsenginsemai--seb_cunun--seyyid_nuh.mid:
Traceback (most recent call last):
  File "E:\Master\Moonbeam\data_preprocess.py", line 100, in process_midi_file_safe_v2
    out = process_midi_file_v2(midi_file, split, onset_vocab_size, dur_vocab_size, output_folder, log_file,
  File "E:\Master\Moonbeam\data_preprocess.py", line 173, in process_midi_file_v2
    return [filter_large_ts_dur(compounds, output_file_path, split, onset_vocab_size, dur_vocab_size, log_file)]
  File "E:\Master\Moonbeam\data_preprocess.py", line 149, in filter_large_ts_dur
    'length_duration': compounds[-1][0] + compounds[-1][1],
IndexError: list index out of range

Failed to process data_test_Yuhang/midi_SymbTr\mahur--yuruksemai--yuruksemai--beni_cun--ebubekir_aga.mid:
Traceback (most recent call last):
  File "E:\Master\Moonbeam\data_preprocess.py", line 100, in process_midi_file_safe_v2
    out = process_midi_file_v2(midi_file, split, onset_vocab_size, dur_vocab_size, output_folder, log_file,
  File "E:\Master\Moonbeam\data_preprocess.py", line 173, in process_midi_file_v2
    return [filter_large_ts_dur(compounds, output_file_path, split, onset_vocab_size, dur_vocab_size, log_file)]
  File "E:\Master\Moonbeam\data_preprocess.py", line 149, in filter_large_ts_dur
    'length_duration': compounds[-1][0] + compounds[-1][1],
IndexError: list index out of range

Failed to process data_test_Yuhang/midi_SymbTr\mahur--sarki--semai--sarkimi_senin--irfan_ozbakir.mid:
Traceback (most recent call last):
  File "E:\Master\Moonbeam\data_preprocess.py", line 100, in process_midi_file_safe_v2
    out = process_midi_file_v2(midi_file, split, onset_vocab_size, dur_vocab_size, output_folder, log_file,
  File "E:\Master\Moonbeam\data_preprocess.py", line 173, in process_midi_file_v2
    return [filter_large_ts_dur(compounds, output_file_path, split, onset_vocab_size, dur_vocab_size, log_file)]
  File "E:\Master\Moonbeam\data_preprocess.py", line 149, in filter_large_ts_dur
    'length_duration': compounds[-1][0] + compounds[-1][1],
IndexError: list index out of range

Failed to process data_test_Yuhang/midi_SymbTr\nisaburek--agirsemai--agir_aksaksemai--bilmem_ki--necmi_piskin.mid:
Traceback (most recent call last):
  File "E:\Master\Moonbeam\data_preprocess.py", line 100, in process_midi_file_safe_v2
    out = process_midi_file_v2(midi_file, split, onset_vocab_size, dur_vocab_size, output_folder, log_file,
  File "E:\Master\Moonbeam\data_preprocess.py", line 173, in process_midi_file_v2
    return [filter_large_ts_dur(compounds, output_file_path, split, onset_vocab_size, dur_vocab_size, log_file)]
  File "E:\Master\Moonbeam\data_preprocess.py", line 149, in filter_large_ts_dur
    'length_duration': compounds[-1][0] + compounds[-1][1],
IndexError: list index out of range

Failed to process data_test_Yuhang/midi_SymbTr\muhayyerkurdi--sarki--nimsofyan--gonlumu_gonlune--omer_sami_gupgup.mid:
Traceback (most recent call last):
  File "E:\Master\Moonbeam\data_preprocess.py", line 100, in process_midi_file_safe_v2
    out = process_midi_file_v2(midi_file, split, onset_vocab_size, dur_vocab_size, output_folder, log_file,
  File "E:\Master\Moonbeam\data_preprocess.py", line 173, in process_midi_file_v2
    return [filter_large_ts_dur(compounds, output_file_path, split, onset_vocab_size, dur_vocab_size, log_file)]
  File "E:\Master\Moonbeam\data_preprocess.py", line 149, in filter_large_ts_dur
    'length_duration': compounds[-1][0] + compounds[-1][1],
IndexError: list index out of range

Failed to process data_test_Yuhang/midi_SymbTr\karcigar--sarki--kapali_curcuna--mest_oldu--serif_icli.mid:
Traceback (most recent call last):
  File "E:\Master\Moonbeam\data_preprocess.py", line 100, in process_midi_file_safe_v2
    out = process_midi_file_v2(midi_file, split, onset_vocab_size, dur_vocab_size, output_folder, log_file,
  File "E:\Master\Moonbeam\data_preprocess.py", line 173, in process_midi_file_v2
    return [filter_large_ts_dur(compounds, output_file_path, split, onset_vocab_size, dur_vocab_size, log_file)]
  File "E:\Master\Moonbeam\data_preprocess.py", line 149, in filter_large_ts_dur
    'length_duration': compounds[-1][0] + compounds[-1][1],
IndexError: list index out of range

Failed to process data_test_Yuhang/midi_SymbTr\buselik--sarki--devrihindi--bahara_indi--selahattin_icli.mid:
Traceback (most recent call last):
  File "E:\Master\Moonbeam\data_preprocess.py", line 100, in process_midi_file_safe_v2
    out = process_midi_file_v2(midi_file, split, onset_vocab_size, dur_vocab_size, output_folder, log_file,
  File "E:\Master\Moonbeam\data_preprocess.py", line 173, in process_midi_file_v2
    return [filter_large_ts_dur(compounds, output_file_path, split, onset_vocab_size, dur_vocab_size, log_file)]
  File "E:\Master\Moonbeam\data_preprocess.py", line 149, in filter_large_ts_dur
    'length_duration': compounds[-1][0] + compounds[-1][1],
IndexError: list index out of range

Failed to process data_test_Yuhang/midi_SymbTr\hicaz--sarki--duyek--hicbir_seyde--fethi_karamahmutoglu.mid:
Traceback (most recent call last):
  File "E:\Master\Moonbeam\data_preprocess.py", line 100, in process_midi_file_safe_v2
    out = process_midi_file_v2(midi_file, split, onset_vocab_size, dur_vocab_size, output_folder, log_file,
  File "E:\Master\Moonbeam\data_preprocess.py", line 173, in process_midi_file_v2
    return [filter_large_ts_dur(compounds, output_file_path, split, onset_vocab_size, dur_vocab_size, log_file)]
  File "E:\Master\Moonbeam\data_preprocess.py", line 149, in filter_large_ts_dur
    'length_duration': compounds[-1][0] + compounds[-1][1],
IndexError: list index out of range

Failed to process data_test_Yuhang/midi_SymbTr\huseyni--pesrev--cifteduyek----tanburi_isak.mid:
Traceback (most recent call last):
  File "E:\Master\Moonbeam\data_preprocess.py", line 100, in process_midi_file_safe_v2
    out = process_midi_file_v2(midi_file, split, onset_vocab_size, dur_vocab_size, output_folder, log_file,
  File "E:\Master\Moonbeam\data_preprocess.py", line 173, in process_midi_file_v2
    return [filter_large_ts_dur(compounds, output_file_path, split, onset_vocab_size, dur_vocab_size, log_file)]
  File "E:\Master\Moonbeam\data_preprocess.py", line 149, in filter_large_ts_dur
    'length_duration': compounds[-1][0] + compounds[-1][1],
IndexError: list index out of range

Failed to process data_test_Yuhang/midi_SymbTr\huseyni--beste--cenber--nigaha_ruhsat--zaharya.mid:
Traceback (most recent call last):
  File "E:\Master\Moonbeam\data_preprocess.py", line 100, in process_midi_file_safe_v2
    out = process_midi_file_v2(midi_file, split, onset_vocab_size, dur_vocab_size, output_folder, log_file,
  File "E:\Master\Moonbeam\data_preprocess.py", line 173, in process_midi_file_v2
    return [filter_large_ts_dur(compounds, output_file_path, split, onset_vocab_size, dur_vocab_size, log_file)]
  File "E:\Master\Moonbeam\data_preprocess.py", line 149, in filter_large_ts_dur
    'length_duration': compounds[-1][0] + compounds[-1][1],
IndexError: list index out of range

Failed to process data_test_Yuhang/midi_SymbTr\ussak--sarki--semai--gonlume_gir--yilmaz_yuksel.mid:
Traceback (most recent call last):
  File "E:\Master\Moonbeam\data_preprocess.py", line 100, in process_midi_file_safe_v2
    out = process_midi_file_v2(midi_file, split, onset_vocab_size, dur_vocab_size, output_folder, log_file,
  File "E:\Master\Moonbeam\data_preprocess.py", line 173, in process_midi_file_v2
    return [filter_large_ts_dur(compounds, output_file_path, split, onset_vocab_size, dur_vocab_size, log_file)]
  File "E:\Master\Moonbeam\data_preprocess.py", line 149, in filter_large_ts_dur
    'length_duration': compounds[-1][0] + compounds[-1][1],
IndexError: list index out of range

Failed to process data_test_Yuhang/midi_SymbTr\segah--sarki--duyek--gonul_bahcemizde--omer_sami_gupgup.mid:
Traceback (most recent call last):
  File "E:\Master\Moonbeam\data_preprocess.py", line 100, in process_midi_file_safe_v2
    out = process_midi_file_v2(midi_file, split, onset_vocab_size, dur_vocab_size, output_folder, log_file,
  File "E:\Master\Moonbeam\data_preprocess.py", line 173, in process_midi_file_v2
    return [filter_large_ts_dur(compounds, output_file_path, split, onset_vocab_size, dur_vocab_size, log_file)]
  File "E:\Master\Moonbeam\data_preprocess.py", line 149, in filter_large_ts_dur
    'length_duration': compounds[-1][0] + compounds[-1][1],
IndexError: list index out of range

Failed to process data_test_Yuhang/midi_SymbTr\karcigar--sazeseri--sofyan----mutlu_torun.mid:
Traceback (most recent call last):
  File "E:\Master\Moonbeam\data_preprocess.py", line 100, in process_midi_file_safe_v2
    out = process_midi_file_v2(midi_file, split, onset_vocab_size, dur_vocab_size, output_folder, log_file,
  File "E:\Master\Moonbeam\data_preprocess.py", line 173, in process_midi_file_v2
    return [filter_large_ts_dur(compounds, output_file_path, split, onset_vocab_size, dur_vocab_size, log_file)]
  File "E:\Master\Moonbeam\data_preprocess.py", line 149, in filter_large_ts_dur
    'length_duration': compounds[-1][0] + compounds[-1][1],
IndexError: list index out of range

Failed to process data_test_Yuhang/midi_SymbTr\huseyni--beste--berefsan--sebnem_gibi--zaharya.mid:
Traceback (most recent call last):
  File "E:\Master\Moonbeam\data_preprocess.py", line 100, in process_midi_file_safe_v2
    out = process_midi_file_v2(midi_file, split, onset_vocab_size, dur_vocab_size, output_folder, log_file,
  File "E:\Master\Moonbeam\data_preprocess.py", line 173, in process_midi_file_v2
    return [filter_large_ts_dur(compounds, output_file_path, split, onset_vocab_size, dur_vocab_size, log_file)]
  File "E:\Master\Moonbeam\data_preprocess.py", line 149, in filter_large_ts_dur
    'length_duration': compounds[-1][0] + compounds[-1][1],
IndexError: list index out of range

Failed to process data_test_Yuhang/midi_SymbTr\buselik--sarki--duyek--sunbulistan_etmis--sakir_aga.mid:
Traceback (most recent call last):
  File "E:\Master\Moonbeam\data_preprocess.py", line 100, in process_midi_file_safe_v2
    out = process_midi_file_v2(midi_file, split, onset_vocab_size, dur_vocab_size, output_folder, log_file,
  File "E:\Master\Moonbeam\data_preprocess.py", line 173, in process_midi_file_v2
    return [filter_large_ts_dur(compounds, output_file_path, split, onset_vocab_size, dur_vocab_size, log_file)]
  File "E:\Master\Moonbeam\data_preprocess.py", line 149, in filter_large_ts_dur
    'length_duration': compounds[-1][0] + compounds[-1][1],
IndexError: list index out of range

Failed to process data_test_Yuhang/midi_SymbTr\hicaz--sarki--semai--nasil_gecti--teoman_alpay.mid:
Traceback (most recent call last):
  File "E:\Master\Moonbeam\data_preprocess.py", line 100, in process_midi_file_safe_v2
    out = process_midi_file_v2(midi_file, split, onset_vocab_size, dur_vocab_size, output_folder, log_file,
  File "E:\Master\Moonbeam\data_preprocess.py", line 173, in process_midi_file_v2
    return [filter_large_ts_dur(compounds, output_file_path, split, onset_vocab_size, dur_vocab_size, log_file)]
  File "E:\Master\Moonbeam\data_preprocess.py", line 149, in filter_large_ts_dur
    'length_duration': compounds[-1][0] + compounds[-1][1],
IndexError: list index out of range

Failed to process data_test_Yuhang/midi_SymbTr\nihavent--fantezi--nimsofyan--gel_gonlumu--erdinc_celikkol.mid:
Traceback (most recent call last):
  File "E:\Master\Moonbeam\data_preprocess.py", line 100, in process_midi_file_safe_v2
    out = process_midi_file_v2(midi_file, split, onset_vocab_size, dur_vocab_size, output_folder, log_file,
  File "E:\Master\Moonbeam\data_preprocess.py", line 173, in process_midi_file_v2
    return [filter_large_ts_dur(compounds, output_file_path, split, onset_vocab_size, dur_vocab_size, log_file)]
  File "E:\Master\Moonbeam\data_preprocess.py", line 149, in filter_large_ts_dur
    'length_duration': compounds[-1][0] + compounds[-1][1],
IndexError: list index out of range

Failed to process data_test_Yuhang/midi_SymbTr\karcigar--sarki--yuruksemai--bir_suh--selahattin_icli.mid:
Traceback (most recent call last):
  File "E:\Master\Moonbeam\data_preprocess.py", line 100, in process_midi_file_safe_v2
    out = process_midi_file_v2(midi_file, split, onset_vocab_size, dur_vocab_size, output_folder, log_file,
  File "E:\Master\Moonbeam\data_preprocess.py", line 173, in process_midi_file_v2
    return [filter_large_ts_dur(compounds, output_file_path, split, onset_vocab_size, dur_vocab_size, log_file)]
  File "E:\Master\Moonbeam\data_preprocess.py", line 149, in filter_large_ts_dur
    'length_duration': compounds[-1][0] + compounds[-1][1],
IndexError: list index out of range

Failed to process data_test_Yuhang/midi_SymbTr\hicaz--sarki--agiraksak--soylemez_miydim--ii_mahmud.mid:
Traceback (most recent call last):
  File "E:\Master\Moonbeam\data_preprocess.py", line 100, in process_midi_file_safe_v2
    out = process_midi_file_v2(midi_file, split, onset_vocab_size, dur_vocab_size, output_folder, log_file,
  File "E:\Master\Moonbeam\data_preprocess.py", line 173, in process_midi_file_v2
    return [filter_large_ts_dur(compounds, output_file_path, split, onset_vocab_size, dur_vocab_size, log_file)]
  File "E:\Master\Moonbeam\data_preprocess.py", line 149, in filter_large_ts_dur
    'length_duration': compounds[-1][0] + compounds[-1][1],
IndexError: list index out of range

Failed to process data_test_Yuhang/midi_SymbTr\acemasiran--yuruksemai--yuruksemai--bileydi_dil--itri.mid:
Traceback (most recent call last):
  File "E:\Master\Moonbeam\data_preprocess.py", line 100, in process_midi_file_safe_v2
    out = process_midi_file_v2(midi_file, split, onset_vocab_size, dur_vocab_size, output_folder, log_file,
  File "E:\Master\Moonbeam\data_preprocess.py", line 173, in process_midi_file_v2
    return [filter_large_ts_dur(compounds, output_file_path, split, onset_vocab_size, dur_vocab_size, log_file)]
  File "E:\Master\Moonbeam\data_preprocess.py", line 149, in filter_large_ts_dur
    'length_duration': compounds[-1][0] + compounds[-1][1],
IndexError: list index out of range

Failed to process data_test_Yuhang/midi_SymbTr\hicazkar--sarki--duyek--harap_oldu--arif_sami_toker.mid:
Traceback (most recent call last):
  File "E:\Master\Moonbeam\data_preprocess.py", line 100, in process_midi_file_safe_v2
    out = process_midi_file_v2(midi_file, split, onset_vocab_size, dur_vocab_size, output_folder, log_file,
  File "E:\Master\Moonbeam\data_preprocess.py", line 173, in process_midi_file_v2
    return [filter_large_ts_dur(compounds, output_file_path, split, onset_vocab_size, dur_vocab_size, log_file)]
  File "E:\Master\Moonbeam\data_preprocess.py", line 149, in filter_large_ts_dur
    'length_duration': compounds[-1][0] + compounds[-1][1],
IndexError: list index out of range

Failed to process data_test_Yuhang/midi_SymbTr\neva--agirsemai--aksaksemai--sevdi_bu_gonul--ama_kadri_efendi.mid:
Traceback (most recent call last):
  File "E:\Master\Moonbeam\data_preprocess.py", line 100, in process_midi_file_safe_v2
    out = process_midi_file_v2(midi_file, split, onset_vocab_size, dur_vocab_size, output_folder, log_file,
  File "E:\Master\Moonbeam\data_preprocess.py", line 173, in process_midi_file_v2
    return [filter_large_ts_dur(compounds, output_file_path, split, onset_vocab_size, dur_vocab_size, log_file)]
  File "E:\Master\Moonbeam\data_preprocess.py", line 149, in filter_large_ts_dur
    'length_duration': compounds[-1][0] + compounds[-1][1],
IndexError: list index out of range

Failed to process data_test_Yuhang/midi_SymbTr\buselik--beste--hafif--her_gordugu--itri.mid:
Traceback (most recent call last):
  File "E:\Master\Moonbeam\data_preprocess.py", line 100, in process_midi_file_safe_v2
    out = process_midi_file_v2(midi_file, split, onset_vocab_size, dur_vocab_size, output_folder, log_file,
  File "E:\Master\Moonbeam\data_preprocess.py", line 173, in process_midi_file_v2
    return [filter_large_ts_dur(compounds, output_file_path, split, onset_vocab_size, dur_vocab_size, log_file)]
  File "E:\Master\Moonbeam\data_preprocess.py", line 149, in filter_large_ts_dur
    'length_duration': compounds[-1][0] + compounds[-1][1],
IndexError: list index out of range

Failed to process data_test_Yuhang/midi_SymbTr\mahur--tavsanca--duyek--ne_ararsam--iii_selim.mid:
Traceback (most recent call last):
  File "E:\Master\Moonbeam\data_preprocess.py", line 100, in process_midi_file_safe_v2
    out = process_midi_file_v2(midi_file, split, onset_vocab_size, dur_vocab_size, output_folder, log_file,
  File "E:\Master\Moonbeam\data_preprocess.py", line 173, in process_midi_file_v2
    return [filter_large_ts_dur(compounds, output_file_path, split, onset_vocab_size, dur_vocab_size, log_file)]
  File "E:\Master\Moonbeam\data_preprocess.py", line 149, in filter_large_ts_dur
    'length_duration': compounds[-1][0] + compounds[-1][1],
IndexError: list index out of range

Failed to process data_test_Yuhang/midi_SymbTr\buselik--sazsemaisi--aksaksemai----nefiri_behram_aga.mid:
Traceback (most recent call last):
  File "E:\Master\Moonbeam\data_preprocess.py", line 100, in process_midi_file_safe_v2
    out = process_midi_file_v2(midi_file, split, onset_vocab_size, dur_vocab_size, output_folder, log_file,
  File "E:\Master\Moonbeam\data_preprocess.py", line 173, in process_midi_file_v2
    return [filter_large_ts_dur(compounds, output_file_path, split, onset_vocab_size, dur_vocab_size, log_file)]
  File "E:\Master\Moonbeam\data_preprocess.py", line 149, in filter_large_ts_dur
    'length_duration': compounds[-1][0] + compounds[-1][1],
IndexError: list index out of range

Failed to process data_test_Yuhang/midi_SymbTr\buselik--agirsemai--agir_aksaksemai--soyle_ey_nalem--ahmed_irsoy.mid:
Traceback (most recent call last):
  File "E:\Master\Moonbeam\data_preprocess.py", line 100, in process_midi_file_safe_v2
    out = process_midi_file_v2(midi_file, split, onset_vocab_size, dur_vocab_size, output_folder, log_file,
  File "E:\Master\Moonbeam\data_preprocess.py", line 173, in process_midi_file_v2
    return [filter_large_ts_dur(compounds, output_file_path, split, onset_vocab_size, dur_vocab_size, log_file)]
  File "E:\Master\Moonbeam\data_preprocess.py", line 149, in filter_large_ts_dur
    'length_duration': compounds[-1][0] + compounds[-1][1],
IndexError: list index out of range

Failed to process data_test_Yuhang/midi_SymbTr\buselik--sarki--agiraksak--bir_peri-ruyin--hamparsum.mid:
Traceback (most recent call last):
  File "E:\Master\Moonbeam\data_preprocess.py", line 100, in process_midi_file_safe_v2
    out = process_midi_file_v2(midi_file, split, onset_vocab_size, dur_vocab_size, output_folder, log_file,
  File "E:\Master\Moonbeam\data_preprocess.py", line 173, in process_midi_file_v2
    return [filter_large_ts_dur(compounds, output_file_path, split, onset_vocab_size, dur_vocab_size, log_file)]
  File "E:\Master\Moonbeam\data_preprocess.py", line 149, in filter_large_ts_dur
    'length_duration': compounds[-1][0] + compounds[-1][1],
IndexError: list index out of range

Failed to process data_test_Yuhang/midi_SymbTr\mahur--sarki--agir_aksaksemai--sen_seh-i--iii_selim.mid:
Traceback (most recent call last):
  File "E:\Master\Moonbeam\data_preprocess.py", line 100, in process_midi_file_safe_v2
    out = process_midi_file_v2(midi_file, split, onset_vocab_size, dur_vocab_size, output_folder, log_file,
  File "E:\Master\Moonbeam\data_preprocess.py", line 173, in process_midi_file_v2
    return [filter_large_ts_dur(compounds, output_file_path, split, onset_vocab_size, dur_vocab_size, log_file)]
  File "E:\Master\Moonbeam\data_preprocess.py", line 149, in filter_large_ts_dur
    'length_duration': compounds[-1][0] + compounds[-1][1],
IndexError: list index out of range

Failed to process data_test_Yuhang/midi_SymbTr\suzinak--sarki--curcuna--ne_muskulmus--osman_nihat_akin.mid:
Traceback (most recent call last):
  File "E:\Master\Moonbeam\data_preprocess.py", line 100, in process_midi_file_safe_v2
    out = process_midi_file_v2(midi_file, split, onset_vocab_size, dur_vocab_size, output_folder, log_file,
  File "E:\Master\Moonbeam\data_preprocess.py", line 173, in process_midi_file_v2
    return [filter_large_ts_dur(compounds, output_file_path, split, onset_vocab_size, dur_vocab_size, log_file)]
  File "E:\Master\Moonbeam\data_preprocess.py", line 149, in filter_large_ts_dur
    'length_duration': compounds[-1][0] + compounds[-1][1],
IndexError: list index out of range

Failed to process data_test_Yuhang/midi_SymbTr\acemasiran--sarki--duyek--bulutlar_kokunu--sadettin_kaynak.mid:
Traceback (most recent call last):
  File "E:\Master\Moonbeam\data_preprocess.py", line 100, in process_midi_file_safe_v2
    out = process_midi_file_v2(midi_file, split, onset_vocab_size, dur_vocab_size, output_folder, log_file,
  File "E:\Master\Moonbeam\data_preprocess.py", line 173, in process_midi_file_v2
    return [filter_large_ts_dur(compounds, output_file_path, split, onset_vocab_size, dur_vocab_size, log_file)]
  File "E:\Master\Moonbeam\data_preprocess.py", line 149, in filter_large_ts_dur
    'length_duration': compounds[-1][0] + compounds[-1][1],
IndexError: list index out of range

Failed to process data_test_Yuhang/midi_SymbTr\neva--murabba--zencir--piyaleler_ki--itri.mid:
Traceback (most recent call last):
  File "E:\Master\Moonbeam\data_preprocess.py", line 100, in process_midi_file_safe_v2
    out = process_midi_file_v2(midi_file, split, onset_vocab_size, dur_vocab_size, output_folder, log_file,
  File "E:\Master\Moonbeam\data_preprocess.py", line 173, in process_midi_file_v2
    return [filter_large_ts_dur(compounds, output_file_path, split, onset_vocab_size, dur_vocab_size, log_file)]
  File "E:\Master\Moonbeam\data_preprocess.py", line 149, in filter_large_ts_dur
    'length_duration': compounds[-1][0] + compounds[-1][1],
IndexError: list index out of range

Failed to process data_test_Yuhang/midi_SymbTr\huzzam--sarki--senginsemai--mahzun_durusun--ekrem_guyer.mid:
Traceback (most recent call last):
  File "E:\Master\Moonbeam\data_preprocess.py", line 100, in process_midi_file_safe_v2
    out = process_midi_file_v2(midi_file, split, onset_vocab_size, dur_vocab_size, output_folder, log_file,
  File "E:\Master\Moonbeam\data_preprocess.py", line 173, in process_midi_file_v2
    return [filter_large_ts_dur(compounds, output_file_path, split, onset_vocab_size, dur_vocab_size, log_file)]
  File "E:\Master\Moonbeam\data_preprocess.py", line 149, in filter_large_ts_dur
    'length_duration': compounds[-1][0] + compounds[-1][1],
IndexError: list index out of range

Failed to process data_test_Yuhang/midi_SymbTr\muhayyer--beste--muhammes--derd-i_hicrana--tosunzade_abdullah_efendi.mid:
Traceback (most recent call last):
  File "E:\Master\Moonbeam\data_preprocess.py", line 100, in process_midi_file_safe_v2
    out = process_midi_file_v2(midi_file, split, onset_vocab_size, dur_vocab_size, output_folder, log_file,
  File "E:\Master\Moonbeam\data_preprocess.py", line 173, in process_midi_file_v2
    return [filter_large_ts_dur(compounds, output_file_path, split, onset_vocab_size, dur_vocab_size, log_file)]
  File "E:\Master\Moonbeam\data_preprocess.py", line 149, in filter_large_ts_dur
    'length_duration': compounds[-1][0] + compounds[-1][1],
IndexError: list index out of range

Failed to process data_test_Yuhang/midi_SymbTr\buselik--sarki--aksak--eda_ile--dede_efendi.mid:
Traceback (most recent call last):
  File "E:\Master\Moonbeam\data_preprocess.py", line 100, in process_midi_file_safe_v2
    out = process_midi_file_v2(midi_file, split, onset_vocab_size, dur_vocab_size, output_folder, log_file,
  File "E:\Master\Moonbeam\data_preprocess.py", line 173, in process_midi_file_v2
    return [filter_large_ts_dur(compounds, output_file_path, split, onset_vocab_size, dur_vocab_size, log_file)]
  File "E:\Master\Moonbeam\data_preprocess.py", line 149, in filter_large_ts_dur
    'length_duration': compounds[-1][0] + compounds[-1][1],
IndexError: list index out of range

Failed to process data_test_Yuhang/midi_SymbTr\nihavent--sarki--curcuna--yine_bu--osman_nihat_akin.mid:
Traceback (most recent call last):
  File "E:\Master\Moonbeam\data_preprocess.py", line 100, in process_midi_file_safe_v2
    out = process_midi_file_v2(midi_file, split, onset_vocab_size, dur_vocab_size, output_folder, log_file,
  File "E:\Master\Moonbeam\data_preprocess.py", line 173, in process_midi_file_v2
    return [filter_large_ts_dur(compounds, output_file_path, split, onset_vocab_size, dur_vocab_size, log_file)]
  File "E:\Master\Moonbeam\data_preprocess.py", line 149, in filter_large_ts_dur
    'length_duration': compounds[-1][0] + compounds[-1][1],
IndexError: list index out of range

Failed to process data_test_Yuhang/midi_SymbTr\kurdilihicazkar--sarki--nimsofyan--artik_sevgili--gulen_ertek.mid:
Traceback (most recent call last):
  File "E:\Master\Moonbeam\data_preprocess.py", line 100, in process_midi_file_safe_v2
    out = process_midi_file_v2(midi_file, split, onset_vocab_size, dur_vocab_size, output_folder, log_file,
  File "E:\Master\Moonbeam\data_preprocess.py", line 173, in process_midi_file_v2
    return [filter_large_ts_dur(compounds, output_file_path, split, onset_vocab_size, dur_vocab_size, log_file)]
  File "E:\Master\Moonbeam\data_preprocess.py", line 149, in filter_large_ts_dur
    'length_duration': compounds[-1][0] + compounds[-1][1],
IndexError: list index out of range

Failed to process data_test_Yuhang/midi_SymbTr\hicaz_humayun--sarki--agiraksak--var_mi--sivelioglu_yorgaki.mid:
Traceback (most recent call last):
  File "E:\Master\Moonbeam\data_preprocess.py", line 100, in process_midi_file_safe_v2
    out = process_midi_file_v2(midi_file, split, onset_vocab_size, dur_vocab_size, output_folder, log_file,
  File "E:\Master\Moonbeam\data_preprocess.py", line 173, in process_midi_file_v2
    return [filter_large_ts_dur(compounds, output_file_path, split, onset_vocab_size, dur_vocab_size, log_file)]
  File "E:\Master\Moonbeam\data_preprocess.py", line 149, in filter_large_ts_dur
    'length_duration': compounds[-1][0] + compounds[-1][1],
IndexError: list index out of range

Failed to process data_test_Yuhang/midi_SymbTr\karcigar--sarki--duyek--nedir_bu--selahattin_icli.mid:
Traceback (most recent call last):
  File "E:\Master\Moonbeam\data_preprocess.py", line 100, in process_midi_file_safe_v2
    out = process_midi_file_v2(midi_file, split, onset_vocab_size, dur_vocab_size, output_folder, log_file,
  File "E:\Master\Moonbeam\data_preprocess.py", line 173, in process_midi_file_v2
    return [filter_large_ts_dur(compounds, output_file_path, split, onset_vocab_size, dur_vocab_size, log_file)]
  File "E:\Master\Moonbeam\data_preprocess.py", line 149, in filter_large_ts_dur
    'length_duration': compounds[-1][0] + compounds[-1][1],
IndexError: list index out of range

Failed to process data_test_Yuhang/midi_SymbTr\saba--pesrev--hafif----zurnazen_dagi_ahmet_celebi.mid:
Traceback (most recent call last):
  File "E:\Master\Moonbeam\data_preprocess.py", line 100, in process_midi_file_safe_v2
    out = process_midi_file_v2(midi_file, split, onset_vocab_size, dur_vocab_size, output_folder, log_file,
  File "E:\Master\Moonbeam\data_preprocess.py", line 173, in process_midi_file_v2
    return [filter_large_ts_dur(compounds, output_file_path, split, onset_vocab_size, dur_vocab_size, log_file)]
  File "E:\Master\Moonbeam\data_preprocess.py", line 149, in filter_large_ts_dur
    'length_duration': compounds[-1][0] + compounds[-1][1],
IndexError: list index out of range

Failed to process data_test_Yuhang/midi_SymbTr\mahur--kar--hafif--gul_bi-ruh-i--abdulkadir_meragi.mid:
Traceback (most recent call last):
  File "E:\Master\Moonbeam\data_preprocess.py", line 100, in process_midi_file_safe_v2
    out = process_midi_file_v2(midi_file, split, onset_vocab_size, dur_vocab_size, output_folder, log_file,
  File "E:\Master\Moonbeam\data_preprocess.py", line 173, in process_midi_file_v2
    return [filter_large_ts_dur(compounds, output_file_path, split, onset_vocab_size, dur_vocab_size, log_file)]
  File "E:\Master\Moonbeam\data_preprocess.py", line 149, in filter_large_ts_dur
    'length_duration': compounds[-1][0] + compounds[-1][1],
IndexError: list index out of range

Failed to process data_test_Yuhang/midi_SymbTr\huzzam--ilahi--muhammes--duseli_askin--tiznam_yusuf_celebi.mid:
Traceback (most recent call last):
  File "E:\Master\Moonbeam\data_preprocess.py", line 100, in process_midi_file_safe_v2
    out = process_midi_file_v2(midi_file, split, onset_vocab_size, dur_vocab_size, output_folder, log_file,
  File "E:\Master\Moonbeam\data_preprocess.py", line 173, in process_midi_file_v2
    return [filter_large_ts_dur(compounds, output_file_path, split, onset_vocab_size, dur_vocab_size, log_file)]
  File "E:\Master\Moonbeam\data_preprocess.py", line 149, in filter_large_ts_dur
    'length_duration': compounds[-1][0] + compounds[-1][1],
IndexError: list index out of range

Failed to process data_test_Yuhang/midi_SymbTr\ussak--sarki--curcuna--omrumun_gulusun--haydar_tatliyay.mid:
Traceback (most recent call last):
  File "E:\Master\Moonbeam\data_preprocess.py", line 100, in process_midi_file_safe_v2
    out = process_midi_file_v2(midi_file, split, onset_vocab_size, dur_vocab_size, output_folder, log_file,
  File "E:\Master\Moonbeam\data_preprocess.py", line 173, in process_midi_file_v2
    return [filter_large_ts_dur(compounds, output_file_path, split, onset_vocab_size, dur_vocab_size, log_file)]
  File "E:\Master\Moonbeam\data_preprocess.py", line 149, in filter_large_ts_dur
    'length_duration': compounds[-1][0] + compounds[-1][1],
IndexError: list index out of range

Failed to process data_test_Yuhang/midi_SymbTr\nihavent--fantezi--duyek--bahar_meltemidir--emin_ongan.mid:
Traceback (most recent call last):
  File "E:\Master\Moonbeam\data_preprocess.py", line 100, in process_midi_file_safe_v2
    out = process_midi_file_v2(midi_file, split, onset_vocab_size, dur_vocab_size, output_folder, log_file,
  File "E:\Master\Moonbeam\data_preprocess.py", line 173, in process_midi_file_v2
    return [filter_large_ts_dur(compounds, output_file_path, split, onset_vocab_size, dur_vocab_size, log_file)]
  File "E:\Master\Moonbeam\data_preprocess.py", line 149, in filter_large_ts_dur
    'length_duration': compounds[-1][0] + compounds[-1][1],
IndexError: list index out of range

Failed to process data_test_Yuhang/midi_SymbTr\muhayyer--pesrev--darbifetih----tanburi_isak.mid:
Traceback (most recent call last):
  File "E:\Master\Moonbeam\data_preprocess.py", line 100, in process_midi_file_safe_v2
    out = process_midi_file_v2(midi_file, split, onset_vocab_size, dur_vocab_size, output_folder, log_file,
  File "E:\Master\Moonbeam\data_preprocess.py", line 173, in process_midi_file_v2
    return [filter_large_ts_dur(compounds, output_file_path, split, onset_vocab_size, dur_vocab_size, log_file)]
  File "E:\Master\Moonbeam\data_preprocess.py", line 149, in filter_large_ts_dur
    'length_duration': compounds[-1][0] + compounds[-1][1],
IndexError: list index out of range

Failed to process data_test_Yuhang/midi_SymbTr\mahur--sarki--aksak--gor_nitti_cana--dede_efendi.mid:
Traceback (most recent call last):
  File "E:\Master\Moonbeam\data_preprocess.py", line 100, in process_midi_file_safe_v2
    out = process_midi_file_v2(midi_file, split, onset_vocab_size, dur_vocab_size, output_folder, log_file,
  File "E:\Master\Moonbeam\data_preprocess.py", line 173, in process_midi_file_v2
    return [filter_large_ts_dur(compounds, output_file_path, split, onset_vocab_size, dur_vocab_size, log_file)]
  File "E:\Master\Moonbeam\data_preprocess.py", line 149, in filter_large_ts_dur
    'length_duration': compounds[-1][0] + compounds[-1][1],
IndexError: list index out of range

Failed to process data_test_Yuhang/midi_SymbTr\nihavent--sarki--curcuna--goze_mi--osman_nihat_akin.mid:
Traceback (most recent call last):
  File "E:\Master\Moonbeam\data_preprocess.py", line 100, in process_midi_file_safe_v2
    out = process_midi_file_v2(midi_file, split, onset_vocab_size, dur_vocab_size, output_folder, log_file,
  File "E:\Master\Moonbeam\data_preprocess.py", line 173, in process_midi_file_v2
    return [filter_large_ts_dur(compounds, output_file_path, split, onset_vocab_size, dur_vocab_size, log_file)]
  File "E:\Master\Moonbeam\data_preprocess.py", line 149, in filter_large_ts_dur
    'length_duration': compounds[-1][0] + compounds[-1][1],
IndexError: list index out of range

Failed to process data_test_Yuhang/midi_SymbTr\neva--murabba--muhammes--zeyn_eden--dede_efendi.mid:
Traceback (most recent call last):
  File "E:\Master\Moonbeam\data_preprocess.py", line 100, in process_midi_file_safe_v2
    out = process_midi_file_v2(midi_file, split, onset_vocab_size, dur_vocab_size, output_folder, log_file,
  File "E:\Master\Moonbeam\data_preprocess.py", line 173, in process_midi_file_v2
    return [filter_large_ts_dur(compounds, output_file_path, split, onset_vocab_size, dur_vocab_size, log_file)]
  File "E:\Master\Moonbeam\data_preprocess.py", line 149, in filter_large_ts_dur
    'length_duration': compounds[-1][0] + compounds[-1][1],
IndexError: list index out of range

Failed to process data_test_Yuhang/midi_SymbTr\hicazkar--sarki--duyek--ciceklerin_guluyor--sadettin_kaynak.mid:
Traceback (most recent call last):
  File "E:\Master\Moonbeam\data_preprocess.py", line 100, in process_midi_file_safe_v2
    out = process_midi_file_v2(midi_file, split, onset_vocab_size, dur_vocab_size, output_folder, log_file,
  File "E:\Master\Moonbeam\data_preprocess.py", line 173, in process_midi_file_v2
    return [filter_large_ts_dur(compounds, output_file_path, split, onset_vocab_size, dur_vocab_size, log_file)]
  File "E:\Master\Moonbeam\data_preprocess.py", line 149, in filter_large_ts_dur
    'length_duration': compounds[-1][0] + compounds[-1][1],
IndexError: list index out of range

Failed to process data_test_Yuhang/midi_SymbTr\karcigar--nakis--yuruksemai--nihani_ol--dellalzade_haci_ismail_efendi.mid:
Traceback (most recent call last):
  File "E:\Master\Moonbeam\data_preprocess.py", line 100, in process_midi_file_safe_v2
    out = process_midi_file_v2(midi_file, split, onset_vocab_size, dur_vocab_size, output_folder, log_file,
  File "E:\Master\Moonbeam\data_preprocess.py", line 173, in process_midi_file_v2
    return [filter_large_ts_dur(compounds, output_file_path, split, onset_vocab_size, dur_vocab_size, log_file)]
  File "E:\Master\Moonbeam\data_preprocess.py", line 149, in filter_large_ts_dur
    'length_duration': compounds[-1][0] + compounds[-1][1],
IndexError: list index out of range

Failed to process data_test_Yuhang/midi_SymbTr\hicazkar--sirto--nimsofyan----kemani_sebuh.mid:
Traceback (most recent call last):
  File "E:\Master\Moonbeam\data_preprocess.py", line 100, in process_midi_file_safe_v2
    out = process_midi_file_v2(midi_file, split, onset_vocab_size, dur_vocab_size, output_folder, log_file,
  File "E:\Master\Moonbeam\data_preprocess.py", line 173, in process_midi_file_v2
    return [filter_large_ts_dur(compounds, output_file_path, split, onset_vocab_size, dur_vocab_size, log_file)]
  File "E:\Master\Moonbeam\data_preprocess.py", line 149, in filter_large_ts_dur
    'length_duration': compounds[-1][0] + compounds[-1][1],
IndexError: list index out of range

Failed to process data_test_Yuhang/midi_SymbTr\muhayyerkurdi--sarki--semai--yalniz_kalan--teoman_alpay.mid:
Traceback (most recent call last):
  File "E:\Master\Moonbeam\data_preprocess.py", line 100, in process_midi_file_safe_v2
    out = process_midi_file_v2(midi_file, split, onset_vocab_size, dur_vocab_size, output_folder, log_file,
  File "E:\Master\Moonbeam\data_preprocess.py", line 173, in process_midi_file_v2
    return [filter_large_ts_dur(compounds, output_file_path, split, onset_vocab_size, dur_vocab_size, log_file)]
  File "E:\Master\Moonbeam\data_preprocess.py", line 149, in filter_large_ts_dur
    'length_duration': compounds[-1][0] + compounds[-1][1],
IndexError: list index out of range

Failed to process data_test_Yuhang/midi_SymbTr\hicaz_humayun--sazsemaisi--aksaksemai----tanburi_isak.mid:
Traceback (most recent call last):
  File "E:\Master\Moonbeam\data_preprocess.py", line 100, in process_midi_file_safe_v2
    out = process_midi_file_v2(midi_file, split, onset_vocab_size, dur_vocab_size, output_folder, log_file,
  File "E:\Master\Moonbeam\data_preprocess.py", line 173, in process_midi_file_v2
    return [filter_large_ts_dur(compounds, output_file_path, split, onset_vocab_size, dur_vocab_size, log_file)]
  File "E:\Master\Moonbeam\data_preprocess.py", line 149, in filter_large_ts_dur
    'length_duration': compounds[-1][0] + compounds[-1][1],
IndexError: list index out of range

Failed to process data_test_Yuhang/midi_SymbTr\hicazkar--sarki--devrihindi--seb_ta_seher--hasim_bey.mid:
Traceback (most recent call last):
  File "E:\Master\Moonbeam\data_preprocess.py", line 100, in process_midi_file_safe_v2
    out = process_midi_file_v2(midi_file, split, onset_vocab_size, dur_vocab_size, output_folder, log_file,
  File "E:\Master\Moonbeam\data_preprocess.py", line 173, in process_midi_file_v2
    return [filter_large_ts_dur(compounds, output_file_path, split, onset_vocab_size, dur_vocab_size, log_file)]
  File "E:\Master\Moonbeam\data_preprocess.py", line 149, in filter_large_ts_dur
    'length_duration': compounds[-1][0] + compounds[-1][1],
IndexError: list index out of range

Failed to process data_test_Yuhang/midi_SymbTr\karcigar--beste--zencir--yikildi_ask_ile--dellalzade_haci_ismail_efendi.mid:
Traceback (most recent call last):
  File "E:\Master\Moonbeam\data_preprocess.py", line 100, in process_midi_file_safe_v2
    out = process_midi_file_v2(midi_file, split, onset_vocab_size, dur_vocab_size, output_folder, log_file,
  File "E:\Master\Moonbeam\data_preprocess.py", line 173, in process_midi_file_v2
    return [filter_large_ts_dur(compounds, output_file_path, split, onset_vocab_size, dur_vocab_size, log_file)]
  File "E:\Master\Moonbeam\data_preprocess.py", line 149, in filter_large_ts_dur
    'length_duration': compounds[-1][0] + compounds[-1][1],
IndexError: list index out of range

Failed to process data_test_Yuhang/midi_SymbTr\hicaz--sarki--agiraksak--omrum_artar--bimen_sen.mid:
Traceback (most recent call last):
  File "E:\Master\Moonbeam\data_preprocess.py", line 100, in process_midi_file_safe_v2
    out = process_midi_file_v2(midi_file, split, onset_vocab_size, dur_vocab_size, output_folder, log_file,
  File "E:\Master\Moonbeam\data_preprocess.py", line 173, in process_midi_file_v2
    return [filter_large_ts_dur(compounds, output_file_path, split, onset_vocab_size, dur_vocab_size, log_file)]
  File "E:\Master\Moonbeam\data_preprocess.py", line 149, in filter_large_ts_dur
    'length_duration': compounds[-1][0] + compounds[-1][1],
IndexError: list index out of range

Failed to process data_test_Yuhang/midi_SymbTr\acemasiran--sarki--duyek--bu_hal--sadettin_kaynak.mid:
Traceback (most recent call last):
  File "E:\Master\Moonbeam\data_preprocess.py", line 100, in process_midi_file_safe_v2
    out = process_midi_file_v2(midi_file, split, onset_vocab_size, dur_vocab_size, output_folder, log_file,
  File "E:\Master\Moonbeam\data_preprocess.py", line 173, in process_midi_file_v2
    return [filter_large_ts_dur(compounds, output_file_path, split, onset_vocab_size, dur_vocab_size, log_file)]
  File "E:\Master\Moonbeam\data_preprocess.py", line 149, in filter_large_ts_dur
    'length_duration': compounds[-1][0] + compounds[-1][1],
IndexError: list index out of range

Failed to process data_test_Yuhang/midi_SymbTr\hicazkar--sarki--devrihindi--gizli_sevdim--tahir_aga.mid:
Traceback (most recent call last):
  File "E:\Master\Moonbeam\data_preprocess.py", line 100, in process_midi_file_safe_v2
    out = process_midi_file_v2(midi_file, split, onset_vocab_size, dur_vocab_size, output_folder, log_file,
  File "E:\Master\Moonbeam\data_preprocess.py", line 173, in process_midi_file_v2
    return [filter_large_ts_dur(compounds, output_file_path, split, onset_vocab_size, dur_vocab_size, log_file)]
  File "E:\Master\Moonbeam\data_preprocess.py", line 149, in filter_large_ts_dur
    'length_duration': compounds[-1][0] + compounds[-1][1],
IndexError: list index out of range

Failed to process data_test_Yuhang/midi_SymbTr\ussak--ilahi--sofyan--ey_sehinsah-i--tiznam_yusuf_celebi.mid:
Traceback (most recent call last):
  File "E:\Master\Moonbeam\data_preprocess.py", line 100, in process_midi_file_safe_v2
    out = process_midi_file_v2(midi_file, split, onset_vocab_size, dur_vocab_size, output_folder, log_file,
  File "E:\Master\Moonbeam\data_preprocess.py", line 173, in process_midi_file_v2
    return [filter_large_ts_dur(compounds, output_file_path, split, onset_vocab_size, dur_vocab_size, log_file)]
  File "E:\Master\Moonbeam\data_preprocess.py", line 149, in filter_large_ts_dur
    'length_duration': compounds[-1][0] + compounds[-1][1],
IndexError: list index out of range

Failed to process data_test_Yuhang/midi_SymbTr\huzzam--beste--agircenber--asika_tan--hekimbasi_abdulaziz_efendi.mid:
Traceback (most recent call last):
  File "E:\Master\Moonbeam\data_preprocess.py", line 100, in process_midi_file_safe_v2
    out = process_midi_file_v2(midi_file, split, onset_vocab_size, dur_vocab_size, output_folder, log_file,
  File "E:\Master\Moonbeam\data_preprocess.py", line 173, in process_midi_file_v2
    return [filter_large_ts_dur(compounds, output_file_path, split, onset_vocab_size, dur_vocab_size, log_file)]
  File "E:\Master\Moonbeam\data_preprocess.py", line 149, in filter_large_ts_dur
    'length_duration': compounds[-1][0] + compounds[-1][1],
IndexError: list index out of range

Failed to process data_test_Yuhang/midi_SymbTr\nihavent--sarki--semai--bir_alev--avni_anil.mid:
Traceback (most recent call last):
  File "E:\Master\Moonbeam\data_preprocess.py", line 100, in process_midi_file_safe_v2
    out = process_midi_file_v2(midi_file, split, onset_vocab_size, dur_vocab_size, output_folder, log_file,
  File "E:\Master\Moonbeam\data_preprocess.py", line 173, in process_midi_file_v2
    return [filter_large_ts_dur(compounds, output_file_path, split, onset_vocab_size, dur_vocab_size, log_file)]
  File "E:\Master\Moonbeam\data_preprocess.py", line 149, in filter_large_ts_dur
    'length_duration': compounds[-1][0] + compounds[-1][1],
IndexError: list index out of range

Failed to process data_test_Yuhang/midi_SymbTr\beyati--sarki--duyek--dilbera_sazin--tanburi_isak.mid:
Traceback (most recent call last):
  File "E:\Master\Moonbeam\data_preprocess.py", line 100, in process_midi_file_safe_v2
    out = process_midi_file_v2(midi_file, split, onset_vocab_size, dur_vocab_size, output_folder, log_file,
  File "E:\Master\Moonbeam\data_preprocess.py", line 173, in process_midi_file_v2
    return [filter_large_ts_dur(compounds, output_file_path, split, onset_vocab_size, dur_vocab_size, log_file)]
  File "E:\Master\Moonbeam\data_preprocess.py", line 149, in filter_large_ts_dur
    'length_duration': compounds[-1][0] + compounds[-1][1],
IndexError: list index out of range

Failed to process data_test_Yuhang/midi_SymbTr\ussak--pesrev--devrikebir----iii_selim.mid:
Traceback (most recent call last):
  File "E:\Master\Moonbeam\data_preprocess.py", line 100, in process_midi_file_safe_v2
    out = process_midi_file_v2(midi_file, split, onset_vocab_size, dur_vocab_size, output_folder, log_file,
  File "E:\Master\Moonbeam\data_preprocess.py", line 173, in process_midi_file_v2
    return [filter_large_ts_dur(compounds, output_file_path, split, onset_vocab_size, dur_vocab_size, log_file)]
  File "E:\Master\Moonbeam\data_preprocess.py", line 149, in filter_large_ts_dur
    'length_duration': compounds[-1][0] + compounds[-1][1],
IndexError: list index out of range

Failed to process data_test_Yuhang/midi_SymbTr\huzzam--sarki--semai--ozledim_gel--omer_sami_gupgup.mid:
Traceback (most recent call last):
  File "E:\Master\Moonbeam\data_preprocess.py", line 100, in process_midi_file_safe_v2
    out = process_midi_file_v2(midi_file, split, onset_vocab_size, dur_vocab_size, output_folder, log_file,
  File "E:\Master\Moonbeam\data_preprocess.py", line 173, in process_midi_file_v2
    return [filter_large_ts_dur(compounds, output_file_path, split, onset_vocab_size, dur_vocab_size, log_file)]
  File "E:\Master\Moonbeam\data_preprocess.py", line 149, in filter_large_ts_dur
    'length_duration': compounds[-1][0] + compounds[-1][1],
IndexError: list index out of range

Failed to process data_test_Yuhang/midi_SymbTr\kurdilihicazkar--sarki--turkaksagi--endami_guzeldir--medeni_aziz_efendi.mid:
Traceback (most recent call last):
  File "E:\Master\Moonbeam\data_preprocess.py", line 100, in process_midi_file_safe_v2
    out = process_midi_file_v2(midi_file, split, onset_vocab_size, dur_vocab_size, output_folder, log_file,
  File "E:\Master\Moonbeam\data_preprocess.py", line 173, in process_midi_file_v2
    return [filter_large_ts_dur(compounds, output_file_path, split, onset_vocab_size, dur_vocab_size, log_file)]
  File "E:\Master\Moonbeam\data_preprocess.py", line 149, in filter_large_ts_dur
    'length_duration': compounds[-1][0] + compounds[-1][1],
IndexError: list index out of range

Failed to process data_test_Yuhang/midi_SymbTr\muhayyerkurdi--sarki--yuruksemai_ii--hani_o--yusuf_nalkesen.mid:
Traceback (most recent call last):
  File "E:\Master\Moonbeam\data_preprocess.py", line 100, in process_midi_file_safe_v2
    out = process_midi_file_v2(midi_file, split, onset_vocab_size, dur_vocab_size, output_folder, log_file,
  File "E:\Master\Moonbeam\data_preprocess.py", line 173, in process_midi_file_v2
    return [filter_large_ts_dur(compounds, output_file_path, split, onset_vocab_size, dur_vocab_size, log_file)]
  File "E:\Master\Moonbeam\data_preprocess.py", line 149, in filter_large_ts_dur
    'length_duration': compounds[-1][0] + compounds[-1][1],
IndexError: list index out of range

Failed to process data_test_Yuhang/midi_SymbTr\huzzam--sarki--aksak--guzellerde_ne--tanburi_mustafa_cavus.mid:
Traceback (most recent call last):
  File "E:\Master\Moonbeam\data_preprocess.py", line 100, in process_midi_file_safe_v2
    out = process_midi_file_v2(midi_file, split, onset_vocab_size, dur_vocab_size, output_folder, log_file,
  File "E:\Master\Moonbeam\data_preprocess.py", line 173, in process_midi_file_v2
    return [filter_large_ts_dur(compounds, output_file_path, split, onset_vocab_size, dur_vocab_size, log_file)]
  File "E:\Master\Moonbeam\data_preprocess.py", line 149, in filter_large_ts_dur
    'length_duration': compounds[-1][0] + compounds[-1][1],
IndexError: list index out of range

Failed to process data_test_Yuhang/midi_SymbTr\evic--sarki--aksak--sen_boyle--omer_sami_gupgup.mid:
Traceback (most recent call last):
  File "E:\Master\Moonbeam\data_preprocess.py", line 100, in process_midi_file_safe_v2
    out = process_midi_file_v2(midi_file, split, onset_vocab_size, dur_vocab_size, output_folder, log_file,
  File "E:\Master\Moonbeam\data_preprocess.py", line 173, in process_midi_file_v2
    return [filter_large_ts_dur(compounds, output_file_path, split, onset_vocab_size, dur_vocab_size, log_file)]
  File "E:\Master\Moonbeam\data_preprocess.py", line 149, in filter_large_ts_dur
    'length_duration': compounds[-1][0] + compounds[-1][1],
IndexError: list index out of range

Failed to process data_test_Yuhang/midi_SymbTr\ussak--sarki--aksak--aglatirlar_guldururler--dede_efendi.mid:
Traceback (most recent call last):
  File "E:\Master\Moonbeam\data_preprocess.py", line 100, in process_midi_file_safe_v2
    out = process_midi_file_v2(midi_file, split, onset_vocab_size, dur_vocab_size, output_folder, log_file,
  File "E:\Master\Moonbeam\data_preprocess.py", line 173, in process_midi_file_v2
    return [filter_large_ts_dur(compounds, output_file_path, split, onset_vocab_size, dur_vocab_size, log_file)]
  File "E:\Master\Moonbeam\data_preprocess.py", line 149, in filter_large_ts_dur
    'length_duration': compounds[-1][0] + compounds[-1][1],
IndexError: list index out of range

Failed to process data_test_Yuhang/midi_SymbTr\buselik--sarki--duyek--denizlerin_otesinden--ismail_baha_surelsan.mid:
Traceback (most recent call last):
  File "E:\Master\Moonbeam\data_preprocess.py", line 100, in process_midi_file_safe_v2
    out = process_midi_file_v2(midi_file, split, onset_vocab_size, dur_vocab_size, output_folder, log_file,
  File "E:\Master\Moonbeam\data_preprocess.py", line 173, in process_midi_file_v2
    return [filter_large_ts_dur(compounds, output_file_path, split, onset_vocab_size, dur_vocab_size, log_file)]
  File "E:\Master\Moonbeam\data_preprocess.py", line 149, in filter_large_ts_dur
    'length_duration': compounds[-1][0] + compounds[-1][1],
IndexError: list index out of range

Failed to process data_test_Yuhang/midi_SymbTr\huseyni--sarki--agiraksak--bendeni_gordukce--ismet_aga.mid:
Traceback (most recent call last):
  File "E:\Master\Moonbeam\data_preprocess.py", line 100, in process_midi_file_safe_v2
    out = process_midi_file_v2(midi_file, split, onset_vocab_size, dur_vocab_size, output_folder, log_file,
  File "E:\Master\Moonbeam\data_preprocess.py", line 173, in process_midi_file_v2
    return [filter_large_ts_dur(compounds, output_file_path, split, onset_vocab_size, dur_vocab_size, log_file)]
  File "E:\Master\Moonbeam\data_preprocess.py", line 149, in filter_large_ts_dur
    'length_duration': compounds[-1][0] + compounds[-1][1],
IndexError: list index out of range

Failed to process data_test_Yuhang/midi_SymbTr\huzzam--beste--remel--aldim_hayal-i--komurcuzade_hafiz_mehmet_efendi.mid:
Traceback (most recent call last):
  File "E:\Master\Moonbeam\data_preprocess.py", line 100, in process_midi_file_safe_v2
    out = process_midi_file_v2(midi_file, split, onset_vocab_size, dur_vocab_size, output_folder, log_file,
  File "E:\Master\Moonbeam\data_preprocess.py", line 173, in process_midi_file_v2
    return [filter_large_ts_dur(compounds, output_file_path, split, onset_vocab_size, dur_vocab_size, log_file)]
  File "E:\Master\Moonbeam\data_preprocess.py", line 149, in filter_large_ts_dur
    'length_duration': compounds[-1][0] + compounds[-1][1],
IndexError: list index out of range

Failed to process data_test_Yuhang/midi_SymbTr\karcigar--ilahi--duyek--ey_derde_derman--rakim_elkutlu.mid:
Traceback (most recent call last):
  File "E:\Master\Moonbeam\data_preprocess.py", line 100, in process_midi_file_safe_v2
    out = process_midi_file_v2(midi_file, split, onset_vocab_size, dur_vocab_size, output_folder, log_file,
  File "E:\Master\Moonbeam\data_preprocess.py", line 173, in process_midi_file_v2
    return [filter_large_ts_dur(compounds, output_file_path, split, onset_vocab_size, dur_vocab_size, log_file)]
  File "E:\Master\Moonbeam\data_preprocess.py", line 149, in filter_large_ts_dur
    'length_duration': compounds[-1][0] + compounds[-1][1],
IndexError: list index out of range

Failed to process data_test_Yuhang/midi_SymbTr\beyati--sarki--agiraksak--muptelayim--dede_efendi.mid:
Traceback (most recent call last):
  File "E:\Master\Moonbeam\data_preprocess.py", line 100, in process_midi_file_safe_v2
    out = process_midi_file_v2(midi_file, split, onset_vocab_size, dur_vocab_size, output_folder, log_file,
  File "E:\Master\Moonbeam\data_preprocess.py", line 173, in process_midi_file_v2
    return [filter_large_ts_dur(compounds, output_file_path, split, onset_vocab_size, dur_vocab_size, log_file)]
  File "E:\Master\Moonbeam\data_preprocess.py", line 149, in filter_large_ts_dur
    'length_duration': compounds[-1][0] + compounds[-1][1],
IndexError: list index out of range

Failed to process data_test_Yuhang/midi_SymbTr\hicazkar--sarki--duyek--aglatip_kustureceksen--alaattin_sensoy.mid:
Traceback (most recent call last):
  File "E:\Master\Moonbeam\data_preprocess.py", line 100, in process_midi_file_safe_v2
    out = process_midi_file_v2(midi_file, split, onset_vocab_size, dur_vocab_size, output_folder, log_file,
  File "E:\Master\Moonbeam\data_preprocess.py", line 173, in process_midi_file_v2
    return [filter_large_ts_dur(compounds, output_file_path, split, onset_vocab_size, dur_vocab_size, log_file)]
  File "E:\Master\Moonbeam\data_preprocess.py", line 149, in filter_large_ts_dur
    'length_duration': compounds[-1][0] + compounds[-1][1],
IndexError: list index out of range

Failed to process data_test_Yuhang/midi_SymbTr\nihavent--sarki--aksak--mumkun_mu--rakim_elkutlu.mid:
Traceback (most recent call last):
  File "E:\Master\Moonbeam\data_preprocess.py", line 100, in process_midi_file_safe_v2
    out = process_midi_file_v2(midi_file, split, onset_vocab_size, dur_vocab_size, output_folder, log_file,
  File "E:\Master\Moonbeam\data_preprocess.py", line 173, in process_midi_file_v2
    return [filter_large_ts_dur(compounds, output_file_path, split, onset_vocab_size, dur_vocab_size, log_file)]
  File "E:\Master\Moonbeam\data_preprocess.py", line 149, in filter_large_ts_dur
    'length_duration': compounds[-1][0] + compounds[-1][1],
IndexError: list index out of range

Failed to process data_test_Yuhang/midi_SymbTr\mahur--beste--lenkfahte--seyret_izar-i--tascizade_recep_celebi.mid:
Traceback (most recent call last):
  File "E:\Master\Moonbeam\data_preprocess.py", line 100, in process_midi_file_safe_v2
    out = process_midi_file_v2(midi_file, split, onset_vocab_size, dur_vocab_size, output_folder, log_file,
  File "E:\Master\Moonbeam\data_preprocess.py", line 173, in process_midi_file_v2
    return [filter_large_ts_dur(compounds, output_file_path, split, onset_vocab_size, dur_vocab_size, log_file)]
  File "E:\Master\Moonbeam\data_preprocess.py", line 149, in filter_large_ts_dur
    'length_duration': compounds[-1][0] + compounds[-1][1],
IndexError: list index out of range

Failed to process data_test_Yuhang/midi_SymbTr\mahur--sarki--sofyan--gordum_bugun--dede_efendi.mid:
Traceback (most recent call last):
  File "E:\Master\Moonbeam\data_preprocess.py", line 100, in process_midi_file_safe_v2
    out = process_midi_file_v2(midi_file, split, onset_vocab_size, dur_vocab_size, output_folder, log_file,
  File "E:\Master\Moonbeam\data_preprocess.py", line 173, in process_midi_file_v2
    return [filter_large_ts_dur(compounds, output_file_path, split, onset_vocab_size, dur_vocab_size, log_file)]
  File "E:\Master\Moonbeam\data_preprocess.py", line 149, in filter_large_ts_dur
    'length_duration': compounds[-1][0] + compounds[-1][1],
IndexError: list index out of range

Failed to process data_test_Yuhang/midi_SymbTr\acemasiran--sarki--devrihindi--ruy-i_alemdir--dellalzade_haci_ismail_efendi.mid:
Traceback (most recent call last):
  File "E:\Master\Moonbeam\data_preprocess.py", line 100, in process_midi_file_safe_v2
    out = process_midi_file_v2(midi_file, split, onset_vocab_size, dur_vocab_size, output_folder, log_file,
  File "E:\Master\Moonbeam\data_preprocess.py", line 173, in process_midi_file_v2
    return [filter_large_ts_dur(compounds, output_file_path, split, onset_vocab_size, dur_vocab_size, log_file)]
  File "E:\Master\Moonbeam\data_preprocess.py", line 149, in filter_large_ts_dur
    'length_duration': compounds[-1][0] + compounds[-1][1],
IndexError: list index out of range

Failed to process data_test_Yuhang/midi_SymbTr\nihavent--sarki--nimsofyan--ben_bir--sivelioglu_yorgaki.mid:
Traceback (most recent call last):
  File "E:\Master\Moonbeam\data_preprocess.py", line 100, in process_midi_file_safe_v2
    out = process_midi_file_v2(midi_file, split, onset_vocab_size, dur_vocab_size, output_folder, log_file,
  File "E:\Master\Moonbeam\data_preprocess.py", line 173, in process_midi_file_v2
    return [filter_large_ts_dur(compounds, output_file_path, split, onset_vocab_size, dur_vocab_size, log_file)]
  File "E:\Master\Moonbeam\data_preprocess.py", line 149, in filter_large_ts_dur
    'length_duration': compounds[-1][0] + compounds[-1][1],
IndexError: list index out of range

Failed to process data_test_Yuhang/midi_SymbTr\nihavent--sarki--semai--suzul_guzel--necdet_varol.mid:
Traceback (most recent call last):
  File "E:\Master\Moonbeam\data_preprocess.py", line 100, in process_midi_file_safe_v2
    out = process_midi_file_v2(midi_file, split, onset_vocab_size, dur_vocab_size, output_folder, log_file,
  File "E:\Master\Moonbeam\data_preprocess.py", line 173, in process_midi_file_v2
    return [filter_large_ts_dur(compounds, output_file_path, split, onset_vocab_size, dur_vocab_size, log_file)]
  File "E:\Master\Moonbeam\data_preprocess.py", line 149, in filter_large_ts_dur
    'length_duration': compounds[-1][0] + compounds[-1][1],
IndexError: list index out of range

Failed to process data_test_Yuhang/midi_SymbTr\hicaz_zirgule--sarki--duyek--gonlumde_acmadan--sekip_ayhan_ozisik.mid:
Traceback (most recent call last):
  File "E:\Master\Moonbeam\data_preprocess.py", line 100, in process_midi_file_safe_v2
    out = process_midi_file_v2(midi_file, split, onset_vocab_size, dur_vocab_size, output_folder, log_file,
  File "E:\Master\Moonbeam\data_preprocess.py", line 173, in process_midi_file_v2
    return [filter_large_ts_dur(compounds, output_file_path, split, onset_vocab_size, dur_vocab_size, log_file)]
  File "E:\Master\Moonbeam\data_preprocess.py", line 149, in filter_large_ts_dur
    'length_duration': compounds[-1][0] + compounds[-1][1],
IndexError: list index out of range

Failed to process data_test_Yuhang/midi_SymbTr\neva--nakis--agir_aksaksemai--ey_gonca-i--dede_efendi.mid:
Traceback (most recent call last):
  File "E:\Master\Moonbeam\data_preprocess.py", line 100, in process_midi_file_safe_v2
    out = process_midi_file_v2(midi_file, split, onset_vocab_size, dur_vocab_size, output_folder, log_file,
  File "E:\Master\Moonbeam\data_preprocess.py", line 173, in process_midi_file_v2
    return [filter_large_ts_dur(compounds, output_file_path, split, onset_vocab_size, dur_vocab_size, log_file)]
  File "E:\Master\Moonbeam\data_preprocess.py", line 149, in filter_large_ts_dur
    'length_duration': compounds[-1][0] + compounds[-1][1],
IndexError: list index out of range

Failed to process data_test_Yuhang/midi_SymbTr\suzinak_zirgule--turku--semai--gokyuzunde_tuten--necmi_piskin.mid:
Traceback (most recent call last):
  File "E:\Master\Moonbeam\data_preprocess.py", line 100, in process_midi_file_safe_v2
    out = process_midi_file_v2(midi_file, split, onset_vocab_size, dur_vocab_size, output_folder, log_file,
  File "E:\Master\Moonbeam\data_preprocess.py", line 173, in process_midi_file_v2
    return [filter_large_ts_dur(compounds, output_file_path, split, onset_vocab_size, dur_vocab_size, log_file)]
  File "E:\Master\Moonbeam\data_preprocess.py", line 149, in filter_large_ts_dur
    'length_duration': compounds[-1][0] + compounds[-1][1],
IndexError: list index out of range

Failed to process data_test_Yuhang/midi_SymbTr\nihavent--sarki--aksak--gece_sahilden--serif_icli.mid:
Traceback (most recent call last):
  File "E:\Master\Moonbeam\data_preprocess.py", line 100, in process_midi_file_safe_v2
    out = process_midi_file_v2(midi_file, split, onset_vocab_size, dur_vocab_size, output_folder, log_file,
  File "E:\Master\Moonbeam\data_preprocess.py", line 173, in process_midi_file_v2
    return [filter_large_ts_dur(compounds, output_file_path, split, onset_vocab_size, dur_vocab_size, log_file)]
  File "E:\Master\Moonbeam\data_preprocess.py", line 149, in filter_large_ts_dur
    'length_duration': compounds[-1][0] + compounds[-1][1],
IndexError: list index out of range

Failed to process data_test_Yuhang/midi_SymbTr\hicazkar--sarki--evfer--hic_esin--zeki_mehmet_aga.mid:
Traceback (most recent call last):
  File "E:\Master\Moonbeam\data_preprocess.py", line 100, in process_midi_file_safe_v2
    out = process_midi_file_v2(midi_file, split, onset_vocab_size, dur_vocab_size, output_folder, log_file,
  File "E:\Master\Moonbeam\data_preprocess.py", line 173, in process_midi_file_v2
    return [filter_large_ts_dur(compounds, output_file_path, split, onset_vocab_size, dur_vocab_size, log_file)]
  File "E:\Master\Moonbeam\data_preprocess.py", line 149, in filter_large_ts_dur
    'length_duration': compounds[-1][0] + compounds[-1][1],
IndexError: list index out of range

Failed to process data_test_Yuhang/midi_SymbTr\hicazkar--sarki--agirduyek--sen_gibi--numan_aga.mid:
Traceback (most recent call last):
  File "E:\Master\Moonbeam\data_preprocess.py", line 100, in process_midi_file_safe_v2
    out = process_midi_file_v2(midi_file, split, onset_vocab_size, dur_vocab_size, output_folder, log_file,
  File "E:\Master\Moonbeam\data_preprocess.py", line 173, in process_midi_file_v2
    return [filter_large_ts_dur(compounds, output_file_path, split, onset_vocab_size, dur_vocab_size, log_file)]
  File "E:\Master\Moonbeam\data_preprocess.py", line 149, in filter_large_ts_dur
    'length_duration': compounds[-1][0] + compounds[-1][1],
IndexError: list index out of range

Failed to process data_test_Yuhang/midi_SymbTr\hicaz--sarki--turkaksagi--gonlum_yarali--kadri_sencalar.mid:
Traceback (most recent call last):
  File "E:\Master\Moonbeam\data_preprocess.py", line 100, in process_midi_file_safe_v2
    out = process_midi_file_v2(midi_file, split, onset_vocab_size, dur_vocab_size, output_folder, log_file,
  File "E:\Master\Moonbeam\data_preprocess.py", line 173, in process_midi_file_v2
    return [filter_large_ts_dur(compounds, output_file_path, split, onset_vocab_size, dur_vocab_size, log_file)]
  File "E:\Master\Moonbeam\data_preprocess.py", line 149, in filter_large_ts_dur
    'length_duration': compounds[-1][0] + compounds[-1][1],
IndexError: list index out of range

Failed to process data_test_Yuhang/midi_SymbTr\rehavi--beste--remel--zannetme_ben--numan_aga.mid:
Traceback (most recent call last):
  File "E:\Master\Moonbeam\data_preprocess.py", line 100, in process_midi_file_safe_v2
    out = process_midi_file_v2(midi_file, split, onset_vocab_size, dur_vocab_size, output_folder, log_file,
  File "E:\Master\Moonbeam\data_preprocess.py", line 173, in process_midi_file_v2
    return [filter_large_ts_dur(compounds, output_file_path, split, onset_vocab_size, dur_vocab_size, log_file)]
  File "E:\Master\Moonbeam\data_preprocess.py", line 149, in filter_large_ts_dur
    'length_duration': compounds[-1][0] + compounds[-1][1],
IndexError: list index out of range

Failed to process data_test_Yuhang/midi_SymbTr\segah--sarki--senginsemai--kactim_birakip--kirkor_cigercioglu.mid:
Traceback (most recent call last):
  File "E:\Master\Moonbeam\data_preprocess.py", line 100, in process_midi_file_safe_v2
    out = process_midi_file_v2(midi_file, split, onset_vocab_size, dur_vocab_size, output_folder, log_file,
  File "E:\Master\Moonbeam\data_preprocess.py", line 173, in process_midi_file_v2
    return [filter_large_ts_dur(compounds, output_file_path, split, onset_vocab_size, dur_vocab_size, log_file)]
  File "E:\Master\Moonbeam\data_preprocess.py", line 149, in filter_large_ts_dur
    'length_duration': compounds[-1][0] + compounds[-1][1],
IndexError: list index out of range

Failed to process data_test_Yuhang/midi_SymbTr\huseyni--sarki--aksak--sensizlige_soylendi--ilgun_soysev.mid:
Traceback (most recent call last):
  File "E:\Master\Moonbeam\data_preprocess.py", line 100, in process_midi_file_safe_v2
    out = process_midi_file_v2(midi_file, split, onset_vocab_size, dur_vocab_size, output_folder, log_file,
  File "E:\Master\Moonbeam\data_preprocess.py", line 173, in process_midi_file_v2
    return [filter_large_ts_dur(compounds, output_file_path, split, onset_vocab_size, dur_vocab_size, log_file)]
  File "E:\Master\Moonbeam\data_preprocess.py", line 149, in filter_large_ts_dur
    'length_duration': compounds[-1][0] + compounds[-1][1],
IndexError: list index out of range

Failed to process data_test_Yuhang/midi_SymbTr\beyati--sarki--duyek--zaman_icinde--semahat_ozdenses.mid:
Traceback (most recent call last):
  File "E:\Master\Moonbeam\data_preprocess.py", line 100, in process_midi_file_safe_v2
    out = process_midi_file_v2(midi_file, split, onset_vocab_size, dur_vocab_size, output_folder, log_file,
  File "E:\Master\Moonbeam\data_preprocess.py", line 173, in process_midi_file_v2
    return [filter_large_ts_dur(compounds, output_file_path, split, onset_vocab_size, dur_vocab_size, log_file)]
  File "E:\Master\Moonbeam\data_preprocess.py", line 149, in filter_large_ts_dur
    'length_duration': compounds[-1][0] + compounds[-1][1],
IndexError: list index out of range

Failed to process data_test_Yuhang/midi_SymbTr\segah--sarki--aksak--bulbul_yetisir--haci_arif_bey.mid:
Traceback (most recent call last):
  File "E:\Master\Moonbeam\data_preprocess.py", line 100, in process_midi_file_safe_v2
    out = process_midi_file_v2(midi_file, split, onset_vocab_size, dur_vocab_size, output_folder, log_file,
  File "E:\Master\Moonbeam\data_preprocess.py", line 173, in process_midi_file_v2
    return [filter_large_ts_dur(compounds, output_file_path, split, onset_vocab_size, dur_vocab_size, log_file)]
  File "E:\Master\Moonbeam\data_preprocess.py", line 149, in filter_large_ts_dur
    'length_duration': compounds[-1][0] + compounds[-1][1],
IndexError: list index out of range

Failed to process data_test_Yuhang/midi_SymbTr\hicazkar--sarki--turkaksagi--vazgecip_naz--medeni_aziz_efendi.mid:
Traceback (most recent call last):
  File "E:\Master\Moonbeam\data_preprocess.py", line 100, in process_midi_file_safe_v2
    out = process_midi_file_v2(midi_file, split, onset_vocab_size, dur_vocab_size, output_folder, log_file,
  File "E:\Master\Moonbeam\data_preprocess.py", line 173, in process_midi_file_v2
    return [filter_large_ts_dur(compounds, output_file_path, split, onset_vocab_size, dur_vocab_size, log_file)]
  File "E:\Master\Moonbeam\data_preprocess.py", line 149, in filter_large_ts_dur
    'length_duration': compounds[-1][0] + compounds[-1][1],
IndexError: list index out of range

Failed to process data_test_Yuhang/midi_SymbTr\muhayyerkurdi--sarki--turkaksagi--bin_gulle--emin_ongan.mid:
Traceback (most recent call last):
  File "E:\Master\Moonbeam\data_preprocess.py", line 100, in process_midi_file_safe_v2
    out = process_midi_file_v2(midi_file, split, onset_vocab_size, dur_vocab_size, output_folder, log_file,
  File "E:\Master\Moonbeam\data_preprocess.py", line 173, in process_midi_file_v2
    return [filter_large_ts_dur(compounds, output_file_path, split, onset_vocab_size, dur_vocab_size, log_file)]
  File "E:\Master\Moonbeam\data_preprocess.py", line 149, in filter_large_ts_dur
    'length_duration': compounds[-1][0] + compounds[-1][1],
IndexError: list index out of range

Failed to process data_test_Yuhang/midi_SymbTr\buselik--karce--muhammes--sunbuli_sunbuli--sestari_murat_aga.mid:
Traceback (most recent call last):
  File "E:\Master\Moonbeam\data_preprocess.py", line 100, in process_midi_file_safe_v2
    out = process_midi_file_v2(midi_file, split, onset_vocab_size, dur_vocab_size, output_folder, log_file,
  File "E:\Master\Moonbeam\data_preprocess.py", line 173, in process_midi_file_v2
    return [filter_large_ts_dur(compounds, output_file_path, split, onset_vocab_size, dur_vocab_size, log_file)]
  File "E:\Master\Moonbeam\data_preprocess.py", line 149, in filter_large_ts_dur
    'length_duration': compounds[-1][0] + compounds[-1][1],
IndexError: list index out of range

Failed to process data_test_Yuhang/midi_SymbTr\beyati--sarki--duyek--bende_oldum--rifat_bey.mid:
Traceback (most recent call last):
  File "E:\Master\Moonbeam\data_preprocess.py", line 100, in process_midi_file_safe_v2
    out = process_midi_file_v2(midi_file, split, onset_vocab_size, dur_vocab_size, output_folder, log_file,
  File "E:\Master\Moonbeam\data_preprocess.py", line 173, in process_midi_file_v2
    return [filter_large_ts_dur(compounds, output_file_path, split, onset_vocab_size, dur_vocab_size, log_file)]
  File "E:\Master\Moonbeam\data_preprocess.py", line 149, in filter_large_ts_dur
    'length_duration': compounds[-1][0] + compounds[-1][1],
IndexError: list index out of range

Failed to process data_test_Yuhang/midi_SymbTr\hicazkar--pesrev--agirduyek----dede_salih_efendi.mid:
Traceback (most recent call last):
  File "E:\Master\Moonbeam\data_preprocess.py", line 100, in process_midi_file_safe_v2
    out = process_midi_file_v2(midi_file, split, onset_vocab_size, dur_vocab_size, output_folder, log_file,
  File "E:\Master\Moonbeam\data_preprocess.py", line 173, in process_midi_file_v2
    return [filter_large_ts_dur(compounds, output_file_path, split, onset_vocab_size, dur_vocab_size, log_file)]
  File "E:\Master\Moonbeam\data_preprocess.py", line 149, in filter_large_ts_dur
    'length_duration': compounds[-1][0] + compounds[-1][1],
IndexError: list index out of range

Failed to process data_test_Yuhang/midi_SymbTr\nihavent--sarki--nimsofyan--gozleri_aska--gundogdu_duran.mid:
Traceback (most recent call last):
  File "E:\Master\Moonbeam\data_preprocess.py", line 100, in process_midi_file_safe_v2
    out = process_midi_file_v2(midi_file, split, onset_vocab_size, dur_vocab_size, output_folder, log_file,
  File "E:\Master\Moonbeam\data_preprocess.py", line 173, in process_midi_file_v2
    return [filter_large_ts_dur(compounds, output_file_path, split, onset_vocab_size, dur_vocab_size, log_file)]
  File "E:\Master\Moonbeam\data_preprocess.py", line 149, in filter_large_ts_dur
    'length_duration': compounds[-1][0] + compounds[-1][1],
IndexError: list index out of range

Failed to process data_test_Yuhang/midi_SymbTr\nihavent--sarki--nimsofyan--geldi_yine--arif_sami_toker.mid:
Traceback (most recent call last):
  File "E:\Master\Moonbeam\data_preprocess.py", line 100, in process_midi_file_safe_v2
    out = process_midi_file_v2(midi_file, split, onset_vocab_size, dur_vocab_size, output_folder, log_file,
  File "E:\Master\Moonbeam\data_preprocess.py", line 173, in process_midi_file_v2
    return [filter_large_ts_dur(compounds, output_file_path, split, onset_vocab_size, dur_vocab_size, log_file)]
  File "E:\Master\Moonbeam\data_preprocess.py", line 149, in filter_large_ts_dur
    'length_duration': compounds[-1][0] + compounds[-1][1],
IndexError: list index out of range

Failed to process data_test_Yuhang/midi_SymbTr\buselik--sarki--duyek--bir_sitemin--durri_turan.mid:
Traceback (most recent call last):
  File "E:\Master\Moonbeam\data_preprocess.py", line 100, in process_midi_file_safe_v2
    out = process_midi_file_v2(midi_file, split, onset_vocab_size, dur_vocab_size, output_folder, log_file,
  File "E:\Master\Moonbeam\data_preprocess.py", line 173, in process_midi_file_v2
    return [filter_large_ts_dur(compounds, output_file_path, split, onset_vocab_size, dur_vocab_size, log_file)]
  File "E:\Master\Moonbeam\data_preprocess.py", line 149, in filter_large_ts_dur
    'length_duration': compounds[-1][0] + compounds[-1][1],
IndexError: list index out of range

Failed to process data_test_Yuhang/midi_SymbTr\karcigar--kocekce--devrihindi--gul_acil--dede_efendi.mid:
Traceback (most recent call last):
  File "E:\Master\Moonbeam\data_preprocess.py", line 100, in process_midi_file_safe_v2
    out = process_midi_file_v2(midi_file, split, onset_vocab_size, dur_vocab_size, output_folder, log_file,
  File "E:\Master\Moonbeam\data_preprocess.py", line 173, in process_midi_file_v2
    return [filter_large_ts_dur(compounds, output_file_path, split, onset_vocab_size, dur_vocab_size, log_file)]
  File "E:\Master\Moonbeam\data_preprocess.py", line 149, in filter_large_ts_dur
    'length_duration': compounds[-1][0] + compounds[-1][1],
IndexError: list index out of range

Failed to process data_test_Yuhang/midi_SymbTr\hicaz_humayun--kar--hafif--ey_ki--makbul_ibrahim_pasa.mid:
Traceback (most recent call last):
  File "E:\Master\Moonbeam\data_preprocess.py", line 100, in process_midi_file_safe_v2
    out = process_midi_file_v2(midi_file, split, onset_vocab_size, dur_vocab_size, output_folder, log_file,
  File "E:\Master\Moonbeam\data_preprocess.py", line 173, in process_midi_file_v2
    return [filter_large_ts_dur(compounds, output_file_path, split, onset_vocab_size, dur_vocab_size, log_file)]
  File "E:\Master\Moonbeam\data_preprocess.py", line 149, in filter_large_ts_dur
    'length_duration': compounds[-1][0] + compounds[-1][1],
IndexError: list index out of range

Failed to process data_test_Yuhang/midi_SymbTr\segah--sarki--aksak--kirdin_ummidimi--fehmi_tokay.mid:
Traceback (most recent call last):
  File "E:\Master\Moonbeam\data_preprocess.py", line 100, in process_midi_file_safe_v2
    out = process_midi_file_v2(midi_file, split, onset_vocab_size, dur_vocab_size, output_folder, log_file,
  File "E:\Master\Moonbeam\data_preprocess.py", line 173, in process_midi_file_v2
    return [filter_large_ts_dur(compounds, output_file_path, split, onset_vocab_size, dur_vocab_size, log_file)]
  File "E:\Master\Moonbeam\data_preprocess.py", line 149, in filter_large_ts_dur
    'length_duration': compounds[-1][0] + compounds[-1][1],
IndexError: list index out of range

Failed to process data_test_Yuhang/midi_SymbTr\nihavent--sarki--duyek--ahimi_hicranimi--selahattin_inal.mid:
Traceback (most recent call last):
  File "E:\Master\Moonbeam\data_preprocess.py", line 100, in process_midi_file_safe_v2
    out = process_midi_file_v2(midi_file, split, onset_vocab_size, dur_vocab_size, output_folder, log_file,
  File "E:\Master\Moonbeam\data_preprocess.py", line 173, in process_midi_file_v2
    return [filter_large_ts_dur(compounds, output_file_path, split, onset_vocab_size, dur_vocab_size, log_file)]
  File "E:\Master\Moonbeam\data_preprocess.py", line 149, in filter_large_ts_dur
    'length_duration': compounds[-1][0] + compounds[-1][1],
IndexError: list index out of range

Failed to process data_test_Yuhang/midi_SymbTr\hicazkar--sarki--agirduyek--can_ile_ben--sakir_aga.mid:
Traceback (most recent call last):
  File "E:\Master\Moonbeam\data_preprocess.py", line 100, in process_midi_file_safe_v2
    out = process_midi_file_v2(midi_file, split, onset_vocab_size, dur_vocab_size, output_folder, log_file,
  File "E:\Master\Moonbeam\data_preprocess.py", line 173, in process_midi_file_v2
    return [filter_large_ts_dur(compounds, output_file_path, split, onset_vocab_size, dur_vocab_size, log_file)]
  File "E:\Master\Moonbeam\data_preprocess.py", line 149, in filter_large_ts_dur
    'length_duration': compounds[-1][0] + compounds[-1][1],
IndexError: list index out of range

Failed to process data_test_Yuhang/midi_SymbTr\segah--sarki--ciftesofyan--sema-i_maksudu--dellalzade_haci_ismail_efendi.mid:
Traceback (most recent call last):
  File "E:\Master\Moonbeam\data_preprocess.py", line 100, in process_midi_file_safe_v2
    out = process_midi_file_v2(midi_file, split, onset_vocab_size, dur_vocab_size, output_folder, log_file,
  File "E:\Master\Moonbeam\data_preprocess.py", line 173, in process_midi_file_v2
    return [filter_large_ts_dur(compounds, output_file_path, split, onset_vocab_size, dur_vocab_size, log_file)]
  File "E:\Master\Moonbeam\data_preprocess.py", line 149, in filter_large_ts_dur
    'length_duration': compounds[-1][0] + compounds[-1][1],
IndexError: list index out of range

Failed to process data_test_Yuhang/midi_SymbTr\hicazkar--sarki--duyek--beyhude_askina--nikogos_aga.mid:
Traceback (most recent call last):
  File "E:\Master\Moonbeam\data_preprocess.py", line 100, in process_midi_file_safe_v2
    out = process_midi_file_v2(midi_file, split, onset_vocab_size, dur_vocab_size, output_folder, log_file,
  File "E:\Master\Moonbeam\data_preprocess.py", line 173, in process_midi_file_v2
    return [filter_large_ts_dur(compounds, output_file_path, split, onset_vocab_size, dur_vocab_size, log_file)]
  File "E:\Master\Moonbeam\data_preprocess.py", line 149, in filter_large_ts_dur
    'length_duration': compounds[-1][0] + compounds[-1][1],
IndexError: list index out of range

Failed to process data_test_Yuhang/midi_SymbTr\ussak--sarki--semai--imza_attim--gulen_ertek.mid:
Traceback (most recent call last):
  File "E:\Master\Moonbeam\data_preprocess.py", line 100, in process_midi_file_safe_v2
    out = process_midi_file_v2(midi_file, split, onset_vocab_size, dur_vocab_size, output_folder, log_file,
  File "E:\Master\Moonbeam\data_preprocess.py", line 173, in process_midi_file_v2
    return [filter_large_ts_dur(compounds, output_file_path, split, onset_vocab_size, dur_vocab_size, log_file)]
  File "E:\Master\Moonbeam\data_preprocess.py", line 149, in filter_large_ts_dur
    'length_duration': compounds[-1][0] + compounds[-1][1],
IndexError: list index out of range

Failed to process data_test_Yuhang/midi_SymbTr\rast--nefes--bektasidevrirevani--al_dokeyim--.mid:
Traceback (most recent call last):
  File "E:\Master\Moonbeam\data_preprocess.py", line 100, in process_midi_file_safe_v2
    out = process_midi_file_v2(midi_file, split, onset_vocab_size, dur_vocab_size, output_folder, log_file,
  File "E:\Master\Moonbeam\data_preprocess.py", line 173, in process_midi_file_v2
    return [filter_large_ts_dur(compounds, output_file_path, split, onset_vocab_size, dur_vocab_size, log_file)]
  File "E:\Master\Moonbeam\data_preprocess.py", line 149, in filter_large_ts_dur
    'length_duration': compounds[-1][0] + compounds[-1][1],
IndexError: list index out of range

Failed to process data_test_Yuhang/midi_SymbTr\nihavent--sarki--semai--kanatlari_gumus--mesut_cemil.mid:
Traceback (most recent call last):
  File "E:\Master\Moonbeam\data_preprocess.py", line 100, in process_midi_file_safe_v2
    out = process_midi_file_v2(midi_file, split, onset_vocab_size, dur_vocab_size, output_folder, log_file,
  File "E:\Master\Moonbeam\data_preprocess.py", line 173, in process_midi_file_v2
    return [filter_large_ts_dur(compounds, output_file_path, split, onset_vocab_size, dur_vocab_size, log_file)]
  File "E:\Master\Moonbeam\data_preprocess.py", line 149, in filter_large_ts_dur
    'length_duration': compounds[-1][0] + compounds[-1][1],
IndexError: list index out of range

Failed to process data_test_Yuhang/midi_SymbTr\nihavent--sazeseri--nimsofyan--seytanin_ruyasi--muhammet_yildirir.mid:
Traceback (most recent call last):
  File "E:\Master\Moonbeam\data_preprocess.py", line 100, in process_midi_file_safe_v2
    out = process_midi_file_v2(midi_file, split, onset_vocab_size, dur_vocab_size, output_folder, log_file,
  File "E:\Master\Moonbeam\data_preprocess.py", line 173, in process_midi_file_v2
    return [filter_large_ts_dur(compounds, output_file_path, split, onset_vocab_size, dur_vocab_size, log_file)]
  File "E:\Master\Moonbeam\data_preprocess.py", line 149, in filter_large_ts_dur
    'length_duration': compounds[-1][0] + compounds[-1][1],
IndexError: list index out of range

Failed to process data_test_Yuhang/midi_SymbTr\buselik--murabba--zencir--gonul_o_turra--yahya_nazim_celebi.mid:
Traceback (most recent call last):
  File "E:\Master\Moonbeam\data_preprocess.py", line 100, in process_midi_file_safe_v2
    out = process_midi_file_v2(midi_file, split, onset_vocab_size, dur_vocab_size, output_folder, log_file,
  File "E:\Master\Moonbeam\data_preprocess.py", line 173, in process_midi_file_v2
    return [filter_large_ts_dur(compounds, output_file_path, split, onset_vocab_size, dur_vocab_size, log_file)]
  File "E:\Master\Moonbeam\data_preprocess.py", line 149, in filter_large_ts_dur
    'length_duration': compounds[-1][0] + compounds[-1][1],
IndexError: list index out of range

Failed to process data_test_Yuhang/midi_SymbTr\huzzam--pesrev--fahte----gazi_giray_han.mid:
Traceback (most recent call last):
  File "E:\Master\Moonbeam\data_preprocess.py", line 100, in process_midi_file_safe_v2
    out = process_midi_file_v2(midi_file, split, onset_vocab_size, dur_vocab_size, output_folder, log_file,
  File "E:\Master\Moonbeam\data_preprocess.py", line 173, in process_midi_file_v2
    return [filter_large_ts_dur(compounds, output_file_path, split, onset_vocab_size, dur_vocab_size, log_file)]
  File "E:\Master\Moonbeam\data_preprocess.py", line 149, in filter_large_ts_dur
    'length_duration': compounds[-1][0] + compounds[-1][1],
IndexError: list index out of range

Failed to process data_test_Yuhang/midi_SymbTr\buselik--sarki--duyek--askin_once--amir_ates.mid:
Traceback (most recent call last):
  File "E:\Master\Moonbeam\data_preprocess.py", line 100, in process_midi_file_safe_v2
    out = process_midi_file_v2(midi_file, split, onset_vocab_size, dur_vocab_size, output_folder, log_file,
  File "E:\Master\Moonbeam\data_preprocess.py", line 173, in process_midi_file_v2
    return [filter_large_ts_dur(compounds, output_file_path, split, onset_vocab_size, dur_vocab_size, log_file)]
  File "E:\Master\Moonbeam\data_preprocess.py", line 149, in filter_large_ts_dur
    'length_duration': compounds[-1][0] + compounds[-1][1],
IndexError: list index out of range

Failed to process data_test_Yuhang/midi_SymbTr\acemasiran--pesrev--muhammes----gazi_giray_han.mid:
Traceback (most recent call last):
  File "E:\Master\Moonbeam\data_preprocess.py", line 100, in process_midi_file_safe_v2
    out = process_midi_file_v2(midi_file, split, onset_vocab_size, dur_vocab_size, output_folder, log_file,
  File "E:\Master\Moonbeam\data_preprocess.py", line 173, in process_midi_file_v2
    return [filter_large_ts_dur(compounds, output_file_path, split, onset_vocab_size, dur_vocab_size, log_file)]
  File "E:\Master\Moonbeam\data_preprocess.py", line 149, in filter_large_ts_dur
    'length_duration': compounds[-1][0] + compounds[-1][1],
IndexError: list index out of range

Failed to process data_test_Yuhang/midi_SymbTr\saba--sarki--agiraksak--degilsem_de--numan_aga.mid:
Traceback (most recent call last):
  File "E:\Master\Moonbeam\data_preprocess.py", line 100, in process_midi_file_safe_v2
    out = process_midi_file_v2(midi_file, split, onset_vocab_size, dur_vocab_size, output_folder, log_file,
  File "E:\Master\Moonbeam\data_preprocess.py", line 173, in process_midi_file_v2
    return [filter_large_ts_dur(compounds, output_file_path, split, onset_vocab_size, dur_vocab_size, log_file)]
  File "E:\Master\Moonbeam\data_preprocess.py", line 149, in filter_large_ts_dur
    'length_duration': compounds[-1][0] + compounds[-1][1],
IndexError: list index out of range

Failed to process data_test_Yuhang/midi_SymbTr\acemasiran--sarki--duyek--pence-i_gamdan--misirli_udi_ibrahim_efendi.mid:
Traceback (most recent call last):
  File "E:\Master\Moonbeam\data_preprocess.py", line 100, in process_midi_file_safe_v2
    out = process_midi_file_v2(midi_file, split, onset_vocab_size, dur_vocab_size, output_folder, log_file,
  File "E:\Master\Moonbeam\data_preprocess.py", line 173, in process_midi_file_v2
    return [filter_large_ts_dur(compounds, output_file_path, split, onset_vocab_size, dur_vocab_size, log_file)]
  File "E:\Master\Moonbeam\data_preprocess.py", line 149, in filter_large_ts_dur
    'length_duration': compounds[-1][0] + compounds[-1][1],
IndexError: list index out of range

Failed to process data_test_Yuhang/midi_SymbTr\buselik--sarki--aksak--inanmaz_vad_i--latif_aga.mid:
Traceback (most recent call last):
  File "E:\Master\Moonbeam\data_preprocess.py", line 100, in process_midi_file_safe_v2
    out = process_midi_file_v2(midi_file, split, onset_vocab_size, dur_vocab_size, output_folder, log_file,
  File "E:\Master\Moonbeam\data_preprocess.py", line 173, in process_midi_file_v2
    return [filter_large_ts_dur(compounds, output_file_path, split, onset_vocab_size, dur_vocab_size, log_file)]
  File "E:\Master\Moonbeam\data_preprocess.py", line 149, in filter_large_ts_dur
    'length_duration': compounds[-1][0] + compounds[-1][1],
IndexError: list index out of range

Failed to process data_test_Yuhang/midi_SymbTr\mahur--sarki--duyek--ipek_saclarin--sadettin_kaynak.mid:
Traceback (most recent call last):
  File "E:\Master\Moonbeam\data_preprocess.py", line 100, in process_midi_file_safe_v2
    out = process_midi_file_v2(midi_file, split, onset_vocab_size, dur_vocab_size, output_folder, log_file,
  File "E:\Master\Moonbeam\data_preprocess.py", line 173, in process_midi_file_v2
    return [filter_large_ts_dur(compounds, output_file_path, split, onset_vocab_size, dur_vocab_size, log_file)]
  File "E:\Master\Moonbeam\data_preprocess.py", line 149, in filter_large_ts_dur
    'length_duration': compounds[-1][0] + compounds[-1][1],
IndexError: list index out of range

Failed to process data_test_Yuhang/midi_SymbTr\nikriz--sarki--turkaksagi--bir_destan--selahattin_icli.mid:
Traceback (most recent call last):
  File "E:\Master\Moonbeam\data_preprocess.py", line 100, in process_midi_file_safe_v2
    out = process_midi_file_v2(midi_file, split, onset_vocab_size, dur_vocab_size, output_folder, log_file,
  File "E:\Master\Moonbeam\data_preprocess.py", line 173, in process_midi_file_v2
    return [filter_large_ts_dur(compounds, output_file_path, split, onset_vocab_size, dur_vocab_size, log_file)]
  File "E:\Master\Moonbeam\data_preprocess.py", line 149, in filter_large_ts_dur
    'length_duration': compounds[-1][0] + compounds[-1][1],
IndexError: list index out of range

Failed to process data_test_Yuhang/midi_SymbTr\buselik--sarki--agiraksak--dun_gece--serif_icli.mid:
Traceback (most recent call last):
  File "E:\Master\Moonbeam\data_preprocess.py", line 100, in process_midi_file_safe_v2
    out = process_midi_file_v2(midi_file, split, onset_vocab_size, dur_vocab_size, output_folder, log_file,
  File "E:\Master\Moonbeam\data_preprocess.py", line 173, in process_midi_file_v2
    return [filter_large_ts_dur(compounds, output_file_path, split, onset_vocab_size, dur_vocab_size, log_file)]
  File "E:\Master\Moonbeam\data_preprocess.py", line 149, in filter_large_ts_dur
    'length_duration': compounds[-1][0] + compounds[-1][1],
IndexError: list index out of range

Failed to process data_test_Yuhang/midi_SymbTr\kurdilihicazkar--sarki--nimsofyan--cicek_nedir--selahattin_icli.mid:
Traceback (most recent call last):
  File "E:\Master\Moonbeam\data_preprocess.py", line 100, in process_midi_file_safe_v2
    out = process_midi_file_v2(midi_file, split, onset_vocab_size, dur_vocab_size, output_folder, log_file,
  File "E:\Master\Moonbeam\data_preprocess.py", line 173, in process_midi_file_v2
    return [filter_large_ts_dur(compounds, output_file_path, split, onset_vocab_size, dur_vocab_size, log_file)]
  File "E:\Master\Moonbeam\data_preprocess.py", line 149, in filter_large_ts_dur
    'length_duration': compounds[-1][0] + compounds[-1][1],
IndexError: list index out of range

Failed to process data_test_Yuhang/midi_SymbTr\sultaniyegah--sarki--aksak--sacinin_telleri--munir_nurettin_selcuk.mid:
Traceback (most recent call last):
  File "E:\Master\Moonbeam\data_preprocess.py", line 100, in process_midi_file_safe_v2
    out = process_midi_file_v2(midi_file, split, onset_vocab_size, dur_vocab_size, output_folder, log_file,
  File "E:\Master\Moonbeam\data_preprocess.py", line 173, in process_midi_file_v2
    return [filter_large_ts_dur(compounds, output_file_path, split, onset_vocab_size, dur_vocab_size, log_file)]
  File "E:\Master\Moonbeam\data_preprocess.py", line 149, in filter_large_ts_dur
    'length_duration': compounds[-1][0] + compounds[-1][1],
IndexError: list index out of range

Failed to process data_test_Yuhang/midi_SymbTr\rast--sarki--yuruksemai_ii--erdi_bahar--munir_nurettin_selcuk.mid:
Traceback (most recent call last):
  File "E:\Master\Moonbeam\data_preprocess.py", line 100, in process_midi_file_safe_v2
    out = process_midi_file_v2(midi_file, split, onset_vocab_size, dur_vocab_size, output_folder, log_file,
  File "E:\Master\Moonbeam\data_preprocess.py", line 173, in process_midi_file_v2
    return [filter_large_ts_dur(compounds, output_file_path, split, onset_vocab_size, dur_vocab_size, log_file)]
  File "E:\Master\Moonbeam\data_preprocess.py", line 149, in filter_large_ts_dur
    'length_duration': compounds[-1][0] + compounds[-1][1],
IndexError: list index out of range

Failed to process data_test_Yuhang/midi_SymbTr\acemasiran--sarki--devrihindi--neseyab_ol--ahmet_mukerrem_akinci.mid:
Traceback (most recent call last):
  File "E:\Master\Moonbeam\data_preprocess.py", line 100, in process_midi_file_safe_v2
    out = process_midi_file_v2(midi_file, split, onset_vocab_size, dur_vocab_size, output_folder, log_file,
  File "E:\Master\Moonbeam\data_preprocess.py", line 173, in process_midi_file_v2
    return [filter_large_ts_dur(compounds, output_file_path, split, onset_vocab_size, dur_vocab_size, log_file)]
  File "E:\Master\Moonbeam\data_preprocess.py", line 149, in filter_large_ts_dur
    'length_duration': compounds[-1][0] + compounds[-1][1],
IndexError: list index out of range

Failed to process data_test_Yuhang/midi_SymbTr\buselik--sarki--duyek--yalandir_dogustan--munir_nurettin_selcuk.mid:
Traceback (most recent call last):
  File "E:\Master\Moonbeam\data_preprocess.py", line 100, in process_midi_file_safe_v2
    out = process_midi_file_v2(midi_file, split, onset_vocab_size, dur_vocab_size, output_folder, log_file,
  File "E:\Master\Moonbeam\data_preprocess.py", line 173, in process_midi_file_v2
    return [filter_large_ts_dur(compounds, output_file_path, split, onset_vocab_size, dur_vocab_size, log_file)]
  File "E:\Master\Moonbeam\data_preprocess.py", line 149, in filter_large_ts_dur
    'length_duration': compounds[-1][0] + compounds[-1][1],
IndexError: list index out of range

Failed to process data_test_Yuhang/midi_SymbTr\hicazkar--beste--devrikebir--ey_sehensah-i--sadullah_aga.mid:
Traceback (most recent call last):
  File "E:\Master\Moonbeam\data_preprocess.py", line 100, in process_midi_file_safe_v2
    out = process_midi_file_v2(midi_file, split, onset_vocab_size, dur_vocab_size, output_folder, log_file,
  File "E:\Master\Moonbeam\data_preprocess.py", line 173, in process_midi_file_v2
    return [filter_large_ts_dur(compounds, output_file_path, split, onset_vocab_size, dur_vocab_size, log_file)]
  File "E:\Master\Moonbeam\data_preprocess.py", line 149, in filter_large_ts_dur
    'length_duration': compounds[-1][0] + compounds[-1][1],
IndexError: list index out of range

Failed to process data_test_Yuhang/midi_SymbTr\buselik--sarki--duyek--zaman_olur--selahattin_icli.mid:
Traceback (most recent call last):
  File "E:\Master\Moonbeam\data_preprocess.py", line 100, in process_midi_file_safe_v2
    out = process_midi_file_v2(midi_file, split, onset_vocab_size, dur_vocab_size, output_folder, log_file,
  File "E:\Master\Moonbeam\data_preprocess.py", line 173, in process_midi_file_v2
    return [filter_large_ts_dur(compounds, output_file_path, split, onset_vocab_size, dur_vocab_size, log_file)]
  File "E:\Master\Moonbeam\data_preprocess.py", line 149, in filter_large_ts_dur
    'length_duration': compounds[-1][0] + compounds[-1][1],
IndexError: list index out of range

Failed to process data_test_Yuhang/midi_SymbTr\acemasiran--sarki--aksak--dustum_bir--ali_riza_avni_tinaz.mid:
Traceback (most recent call last):
  File "E:\Master\Moonbeam\data_preprocess.py", line 100, in process_midi_file_safe_v2
    out = process_midi_file_v2(midi_file, split, onset_vocab_size, dur_vocab_size, output_folder, log_file,
  File "E:\Master\Moonbeam\data_preprocess.py", line 173, in process_midi_file_v2
    return [filter_large_ts_dur(compounds, output_file_path, split, onset_vocab_size, dur_vocab_size, log_file)]
  File "E:\Master\Moonbeam\data_preprocess.py", line 149, in filter_large_ts_dur
    'length_duration': compounds[-1][0] + compounds[-1][1],
IndexError: list index out of range

Failed to process data_test_Yuhang/midi_SymbTr\buselik--mehter--yuruksemai_ii----zurnazen_ibrahim_aga.mid:
Traceback (most recent call last):
  File "E:\Master\Moonbeam\data_preprocess.py", line 100, in process_midi_file_safe_v2
    out = process_midi_file_v2(midi_file, split, onset_vocab_size, dur_vocab_size, output_folder, log_file,
  File "E:\Master\Moonbeam\data_preprocess.py", line 173, in process_midi_file_v2
    return [filter_large_ts_dur(compounds, output_file_path, split, onset_vocab_size, dur_vocab_size, log_file)]
  File "E:\Master\Moonbeam\data_preprocess.py", line 149, in filter_large_ts_dur
    'length_duration': compounds[-1][0] + compounds[-1][1],
IndexError: list index out of range

Failed to process data_test_Yuhang/midi_SymbTr\kurdilihicazkar--sazsemaisi--aksaksemai----haydar_tatliyay.mid:
Traceback (most recent call last):
  File "E:\Master\Moonbeam\data_preprocess.py", line 100, in process_midi_file_safe_v2
    out = process_midi_file_v2(midi_file, split, onset_vocab_size, dur_vocab_size, output_folder, log_file,
  File "E:\Master\Moonbeam\data_preprocess.py", line 173, in process_midi_file_v2
    return [filter_large_ts_dur(compounds, output_file_path, split, onset_vocab_size, dur_vocab_size, log_file)]
  File "E:\Master\Moonbeam\data_preprocess.py", line 149, in filter_large_ts_dur
    'length_duration': compounds[-1][0] + compounds[-1][1],
IndexError: list index out of range

Failed to process data_test_Yuhang/midi_SymbTr\segah--sarki--agir_aksaksemai--cok_kildi--dellalzade_haci_ismail_efendi.mid:
Traceback (most recent call last):
  File "E:\Master\Moonbeam\data_preprocess.py", line 100, in process_midi_file_safe_v2
    out = process_midi_file_v2(midi_file, split, onset_vocab_size, dur_vocab_size, output_folder, log_file,
  File "E:\Master\Moonbeam\data_preprocess.py", line 173, in process_midi_file_v2
    return [filter_large_ts_dur(compounds, output_file_path, split, onset_vocab_size, dur_vocab_size, log_file)]
  File "E:\Master\Moonbeam\data_preprocess.py", line 149, in filter_large_ts_dur
    'length_duration': compounds[-1][0] + compounds[-1][1],
IndexError: list index out of range

Failed to process data_test_Yuhang/midi_SymbTr\muhayyerkurdi--sarki--aksak--sevgi_deli--alaeddin_yavasca.mid:
Traceback (most recent call last):
  File "E:\Master\Moonbeam\data_preprocess.py", line 100, in process_midi_file_safe_v2
    out = process_midi_file_v2(midi_file, split, onset_vocab_size, dur_vocab_size, output_folder, log_file,
  File "E:\Master\Moonbeam\data_preprocess.py", line 173, in process_midi_file_v2
    return [filter_large_ts_dur(compounds, output_file_path, split, onset_vocab_size, dur_vocab_size, log_file)]
  File "E:\Master\Moonbeam\data_preprocess.py", line 149, in filter_large_ts_dur
    'length_duration': compounds[-1][0] + compounds[-1][1],
IndexError: list index out of range

Failed to process data_test_Yuhang/midi_SymbTr\huzzam--sarki--devrihindi--ey_cefacu--sakir_aga.mid:
Traceback (most recent call last):
  File "E:\Master\Moonbeam\data_preprocess.py", line 100, in process_midi_file_safe_v2
    out = process_midi_file_v2(midi_file, split, onset_vocab_size, dur_vocab_size, output_folder, log_file,
  File "E:\Master\Moonbeam\data_preprocess.py", line 173, in process_midi_file_v2
    return [filter_large_ts_dur(compounds, output_file_path, split, onset_vocab_size, dur_vocab_size, log_file)]
  File "E:\Master\Moonbeam\data_preprocess.py", line 149, in filter_large_ts_dur
    'length_duration': compounds[-1][0] + compounds[-1][1],
IndexError: list index out of range

Failed to process data_test_Yuhang/midi_SymbTr\huseyni--agirsemai--aksaksemai--acildi_gonce-i--komurcuzade_hafiz_mehmet_efendi.mid:
Traceback (most recent call last):
  File "E:\Master\Moonbeam\data_preprocess.py", line 100, in process_midi_file_safe_v2
    out = process_midi_file_v2(midi_file, split, onset_vocab_size, dur_vocab_size, output_folder, log_file,
  File "E:\Master\Moonbeam\data_preprocess.py", line 173, in process_midi_file_v2
    return [filter_large_ts_dur(compounds, output_file_path, split, onset_vocab_size, dur_vocab_size, log_file)]
  File "E:\Master\Moonbeam\data_preprocess.py", line 149, in filter_large_ts_dur
    'length_duration': compounds[-1][0] + compounds[-1][1],
IndexError: list index out of range

Failed to process data_test_Yuhang/midi_SymbTr\mahur--sarki--duyek--seb-i_vuslat--nasibin_mehmet_yuru.mid:
Traceback (most recent call last):
  File "E:\Master\Moonbeam\data_preprocess.py", line 100, in process_midi_file_safe_v2
    out = process_midi_file_v2(midi_file, split, onset_vocab_size, dur_vocab_size, output_folder, log_file,
  File "E:\Master\Moonbeam\data_preprocess.py", line 173, in process_midi_file_v2
    return [filter_large_ts_dur(compounds, output_file_path, split, onset_vocab_size, dur_vocab_size, log_file)]
  File "E:\Master\Moonbeam\data_preprocess.py", line 149, in filter_large_ts_dur
    'length_duration': compounds[-1][0] + compounds[-1][1],
IndexError: list index out of range

Failed to process data_test_Yuhang/midi_SymbTr\muhayyer--ilahi--sofyan--duseli_bu_askin--dede_efendi.mid:
Traceback (most recent call last):
  File "E:\Master\Moonbeam\data_preprocess.py", line 100, in process_midi_file_safe_v2
    out = process_midi_file_v2(midi_file, split, onset_vocab_size, dur_vocab_size, output_folder, log_file,
  File "E:\Master\Moonbeam\data_preprocess.py", line 173, in process_midi_file_v2
    return [filter_large_ts_dur(compounds, output_file_path, split, onset_vocab_size, dur_vocab_size, log_file)]
  File "E:\Master\Moonbeam\data_preprocess.py", line 149, in filter_large_ts_dur
    'length_duration': compounds[-1][0] + compounds[-1][1],
IndexError: list index out of range

Failed to process data_test_Yuhang/midi_SymbTr\buselik--sarki--aksak--bir_misli--sakir_aga.mid:
Traceback (most recent call last):
  File "E:\Master\Moonbeam\data_preprocess.py", line 100, in process_midi_file_safe_v2
    out = process_midi_file_v2(midi_file, split, onset_vocab_size, dur_vocab_size, output_folder, log_file,
  File "E:\Master\Moonbeam\data_preprocess.py", line 173, in process_midi_file_v2
    return [filter_large_ts_dur(compounds, output_file_path, split, onset_vocab_size, dur_vocab_size, log_file)]
  File "E:\Master\Moonbeam\data_preprocess.py", line 149, in filter_large_ts_dur
    'length_duration': compounds[-1][0] + compounds[-1][1],
IndexError: list index out of range

Failed to process data_test_Yuhang/midi_SymbTr\rast--kar_i_natik--cenber--rast_geldim--hatibzade_osman_efendi.mid:
Traceback (most recent call last):
  File "E:\Master\Moonbeam\data_preprocess.py", line 100, in process_midi_file_safe_v2
    out = process_midi_file_v2(midi_file, split, onset_vocab_size, dur_vocab_size, output_folder, log_file,
  File "E:\Master\Moonbeam\data_preprocess.py", line 173, in process_midi_file_v2
    return [filter_large_ts_dur(compounds, output_file_path, split, onset_vocab_size, dur_vocab_size, log_file)]
  File "E:\Master\Moonbeam\data_preprocess.py", line 149, in filter_large_ts_dur
    'length_duration': compounds[-1][0] + compounds[-1][1],
IndexError: list index out of range

Failed to process data_test_Yuhang/midi_SymbTr\hicaz_humayun--murabba--agircenber--hasret-i_ruyinle--gevrekzade_mustafa_aga.mid:
Traceback (most recent call last):
  File "E:\Master\Moonbeam\data_preprocess.py", line 100, in process_midi_file_safe_v2
    out = process_midi_file_v2(midi_file, split, onset_vocab_size, dur_vocab_size, output_folder, log_file,
  File "E:\Master\Moonbeam\data_preprocess.py", line 173, in process_midi_file_v2
    return [filter_large_ts_dur(compounds, output_file_path, split, onset_vocab_size, dur_vocab_size, log_file)]
  File "E:\Master\Moonbeam\data_preprocess.py", line 149, in filter_large_ts_dur
    'length_duration': compounds[-1][0] + compounds[-1][1],
IndexError: list index out of range

Failed to process data_test_Yuhang/midi_SymbTr\huseyni--pesrev--devrikebir----iii_selim.mid:
Traceback (most recent call last):
  File "E:\Master\Moonbeam\data_preprocess.py", line 100, in process_midi_file_safe_v2
    out = process_midi_file_v2(midi_file, split, onset_vocab_size, dur_vocab_size, output_folder, log_file,
  File "E:\Master\Moonbeam\data_preprocess.py", line 173, in process_midi_file_v2
    return [filter_large_ts_dur(compounds, output_file_path, split, onset_vocab_size, dur_vocab_size, log_file)]
  File "E:\Master\Moonbeam\data_preprocess.py", line 149, in filter_large_ts_dur
    'length_duration': compounds[-1][0] + compounds[-1][1],
IndexError: list index out of range

Failed to process data_test_Yuhang/midi_SymbTr\nihavent--sarki--duyek--ellerim_boyle--sekip_ayhan_ozisik.mid:
Traceback (most recent call last):
  File "E:\Master\Moonbeam\data_preprocess.py", line 100, in process_midi_file_safe_v2
    out = process_midi_file_v2(midi_file, split, onset_vocab_size, dur_vocab_size, output_folder, log_file,
  File "E:\Master\Moonbeam\data_preprocess.py", line 173, in process_midi_file_v2
    return [filter_large_ts_dur(compounds, output_file_path, split, onset_vocab_size, dur_vocab_size, log_file)]
  File "E:\Master\Moonbeam\data_preprocess.py", line 149, in filter_large_ts_dur
    'length_duration': compounds[-1][0] + compounds[-1][1],
IndexError: list index out of range

Failed to process data_test_Yuhang/midi_SymbTr\muhayyerkurdi--sarki--nimsofyan--kadehinde_zehir--erol_sayan.mid:
Traceback (most recent call last):
  File "E:\Master\Moonbeam\data_preprocess.py", line 100, in process_midi_file_safe_v2
    out = process_midi_file_v2(midi_file, split, onset_vocab_size, dur_vocab_size, output_folder, log_file,
  File "E:\Master\Moonbeam\data_preprocess.py", line 173, in process_midi_file_v2
    return [filter_large_ts_dur(compounds, output_file_path, split, onset_vocab_size, dur_vocab_size, log_file)]
  File "E:\Master\Moonbeam\data_preprocess.py", line 149, in filter_large_ts_dur
    'length_duration': compounds[-1][0] + compounds[-1][1],
IndexError: list index out of range

Failed to process data_test_Yuhang/midi_SymbTr\huzzam--sarki--duyek--yalniz_aksamlarimda--omer_sami_gupgup.mid:
Traceback (most recent call last):
  File "E:\Master\Moonbeam\data_preprocess.py", line 100, in process_midi_file_safe_v2
    out = process_midi_file_v2(midi_file, split, onset_vocab_size, dur_vocab_size, output_folder, log_file,
  File "E:\Master\Moonbeam\data_preprocess.py", line 173, in process_midi_file_v2
    return [filter_large_ts_dur(compounds, output_file_path, split, onset_vocab_size, dur_vocab_size, log_file)]
  File "E:\Master\Moonbeam\data_preprocess.py", line 149, in filter_large_ts_dur
    'length_duration': compounds[-1][0] + compounds[-1][1],
IndexError: list index out of range

Failed to process data_test_Yuhang/midi_SymbTr\buselik--sarki--yuruksemai_ii--gule_sor--ismail_baha_surelsan.mid:
Traceback (most recent call last):
  File "E:\Master\Moonbeam\data_preprocess.py", line 100, in process_midi_file_safe_v2
    out = process_midi_file_v2(midi_file, split, onset_vocab_size, dur_vocab_size, output_folder, log_file,
  File "E:\Master\Moonbeam\data_preprocess.py", line 173, in process_midi_file_v2
    return [filter_large_ts_dur(compounds, output_file_path, split, onset_vocab_size, dur_vocab_size, log_file)]
  File "E:\Master\Moonbeam\data_preprocess.py", line 149, in filter_large_ts_dur
    'length_duration': compounds[-1][0] + compounds[-1][1],
IndexError: list index out of range

Failed to process data_test_Yuhang/midi_SymbTr\muhayyerkurdi--sarki--semai--duydum_ki--selahattin_altinbas.mid:
Traceback (most recent call last):
  File "E:\Master\Moonbeam\data_preprocess.py", line 100, in process_midi_file_safe_v2
    out = process_midi_file_v2(midi_file, split, onset_vocab_size, dur_vocab_size, output_folder, log_file,
  File "E:\Master\Moonbeam\data_preprocess.py", line 173, in process_midi_file_v2
    return [filter_large_ts_dur(compounds, output_file_path, split, onset_vocab_size, dur_vocab_size, log_file)]
  File "E:\Master\Moonbeam\data_preprocess.py", line 149, in filter_large_ts_dur
    'length_duration': compounds[-1][0] + compounds[-1][1],
IndexError: list index out of range

Failed to process data_test_Yuhang/midi_SymbTr\nikriz--longa--nimsofyan----haydar_tatliyay.mid:
Traceback (most recent call last):
  File "E:\Master\Moonbeam\data_preprocess.py", line 100, in process_midi_file_safe_v2
    out = process_midi_file_v2(midi_file, split, onset_vocab_size, dur_vocab_size, output_folder, log_file,
  File "E:\Master\Moonbeam\data_preprocess.py", line 173, in process_midi_file_v2
    return [filter_large_ts_dur(compounds, output_file_path, split, onset_vocab_size, dur_vocab_size, log_file)]
  File "E:\Master\Moonbeam\data_preprocess.py", line 149, in filter_large_ts_dur
    'length_duration': compounds[-1][0] + compounds[-1][1],
IndexError: list index out of range

Failed to process data_test_Yuhang/midi_SymbTr\hicaz--sarki--duyek--istanbulda_bogazicinde--sekip_ayhan_ozisik.mid:
Traceback (most recent call last):
  File "E:\Master\Moonbeam\data_preprocess.py", line 100, in process_midi_file_safe_v2
    out = process_midi_file_v2(midi_file, split, onset_vocab_size, dur_vocab_size, output_folder, log_file,
  File "E:\Master\Moonbeam\data_preprocess.py", line 173, in process_midi_file_v2
    return [filter_large_ts_dur(compounds, output_file_path, split, onset_vocab_size, dur_vocab_size, log_file)]
  File "E:\Master\Moonbeam\data_preprocess.py", line 149, in filter_large_ts_dur
    'length_duration': compounds[-1][0] + compounds[-1][1],
IndexError: list index out of range

Failed to process data_test_Yuhang/midi_SymbTr\huseyni--beste--agircenber--cemalin_ates-i--zaharya.mid:
Traceback (most recent call last):
  File "E:\Master\Moonbeam\data_preprocess.py", line 100, in process_midi_file_safe_v2
    out = process_midi_file_v2(midi_file, split, onset_vocab_size, dur_vocab_size, output_folder, log_file,
  File "E:\Master\Moonbeam\data_preprocess.py", line 173, in process_midi_file_v2
    return [filter_large_ts_dur(compounds, output_file_path, split, onset_vocab_size, dur_vocab_size, log_file)]
  File "E:\Master\Moonbeam\data_preprocess.py", line 149, in filter_large_ts_dur
    'length_duration': compounds[-1][0] + compounds[-1][1],
IndexError: list index out of range

Failed to process data_test_Yuhang/midi_SymbTr\huzzam--sarki--curcuna--bir_gun--omer_sami_gupgup.mid:
Traceback (most recent call last):
  File "E:\Master\Moonbeam\data_preprocess.py", line 100, in process_midi_file_safe_v2
    out = process_midi_file_v2(midi_file, split, onset_vocab_size, dur_vocab_size, output_folder, log_file,
  File "E:\Master\Moonbeam\data_preprocess.py", line 173, in process_midi_file_v2
    return [filter_large_ts_dur(compounds, output_file_path, split, onset_vocab_size, dur_vocab_size, log_file)]
  File "E:\Master\Moonbeam\data_preprocess.py", line 149, in filter_large_ts_dur
    'length_duration': compounds[-1][0] + compounds[-1][1],
IndexError: list index out of range

Failed to process data_test_Yuhang/midi_SymbTr\mahur--sarki--aksak--muptelayim_hayli--kemenceci_usta_yani.mid:
Traceback (most recent call last):
  File "E:\Master\Moonbeam\data_preprocess.py", line 100, in process_midi_file_safe_v2
    out = process_midi_file_v2(midi_file, split, onset_vocab_size, dur_vocab_size, output_folder, log_file,
  File "E:\Master\Moonbeam\data_preprocess.py", line 173, in process_midi_file_v2
    return [filter_large_ts_dur(compounds, output_file_path, split, onset_vocab_size, dur_vocab_size, log_file)]
  File "E:\Master\Moonbeam\data_preprocess.py", line 149, in filter_large_ts_dur
    'length_duration': compounds[-1][0] + compounds[-1][1],
IndexError: list index out of range

Failed to process data_test_Yuhang/midi_SymbTr\kurdilihicazkar--sarki--semai--uzun_yillar--zeki_muren.mid:
Traceback (most recent call last):
  File "E:\Master\Moonbeam\data_preprocess.py", line 100, in process_midi_file_safe_v2
    out = process_midi_file_v2(midi_file, split, onset_vocab_size, dur_vocab_size, output_folder, log_file,
  File "E:\Master\Moonbeam\data_preprocess.py", line 173, in process_midi_file_v2
    return [filter_large_ts_dur(compounds, output_file_path, split, onset_vocab_size, dur_vocab_size, log_file)]
  File "E:\Master\Moonbeam\data_preprocess.py", line 149, in filter_large_ts_dur
    'length_duration': compounds[-1][0] + compounds[-1][1],
IndexError: list index out of range

Failed to process data_test_Yuhang/midi_SymbTr\hicaz--sarki--yuruksemai_ii--beyaz_ten--.mid:
Traceback (most recent call last):
  File "E:\Master\Moonbeam\data_preprocess.py", line 100, in process_midi_file_safe_v2
    out = process_midi_file_v2(midi_file, split, onset_vocab_size, dur_vocab_size, output_folder, log_file,
  File "E:\Master\Moonbeam\data_preprocess.py", line 173, in process_midi_file_v2
    return [filter_large_ts_dur(compounds, output_file_path, split, onset_vocab_size, dur_vocab_size, log_file)]
  File "E:\Master\Moonbeam\data_preprocess.py", line 149, in filter_large_ts_dur
    'length_duration': compounds[-1][0] + compounds[-1][1],
IndexError: list index out of range

Failed to process data_test_Yuhang/midi_SymbTr\muhayyer--murabba--agircenber--vakt-i_subh--hafiz_post.mid:
Traceback (most recent call last):
  File "E:\Master\Moonbeam\data_preprocess.py", line 100, in process_midi_file_safe_v2
    out = process_midi_file_v2(midi_file, split, onset_vocab_size, dur_vocab_size, output_folder, log_file,
  File "E:\Master\Moonbeam\data_preprocess.py", line 173, in process_midi_file_v2
    return [filter_large_ts_dur(compounds, output_file_path, split, onset_vocab_size, dur_vocab_size, log_file)]
  File "E:\Master\Moonbeam\data_preprocess.py", line 149, in filter_large_ts_dur
    'length_duration': compounds[-1][0] + compounds[-1][1],
IndexError: list index out of range

Failed to process data_test_Yuhang/midi_SymbTr\mahur--sarki--aksak--olmusum_divane--komurcuzade_hafiz_mehmet_efendi.mid:
Traceback (most recent call last):
  File "E:\Master\Moonbeam\data_preprocess.py", line 100, in process_midi_file_safe_v2
    out = process_midi_file_v2(midi_file, split, onset_vocab_size, dur_vocab_size, output_folder, log_file,
  File "E:\Master\Moonbeam\data_preprocess.py", line 173, in process_midi_file_v2
    return [filter_large_ts_dur(compounds, output_file_path, split, onset_vocab_size, dur_vocab_size, log_file)]
  File "E:\Master\Moonbeam\data_preprocess.py", line 149, in filter_large_ts_dur
    'length_duration': compounds[-1][0] + compounds[-1][1],
IndexError: list index out of range

Failed to process data_test_Yuhang/midi_SymbTr\hicazkar--sarki--duyek--yaziktir_etme--erol_sayan.mid:
Traceback (most recent call last):
  File "E:\Master\Moonbeam\data_preprocess.py", line 100, in process_midi_file_safe_v2
    out = process_midi_file_v2(midi_file, split, onset_vocab_size, dur_vocab_size, output_folder, log_file,
  File "E:\Master\Moonbeam\data_preprocess.py", line 173, in process_midi_file_v2
    return [filter_large_ts_dur(compounds, output_file_path, split, onset_vocab_size, dur_vocab_size, log_file)]
  File "E:\Master\Moonbeam\data_preprocess.py", line 149, in filter_large_ts_dur
    'length_duration': compounds[-1][0] + compounds[-1][1],
IndexError: list index out of range

Failed to process data_test_Yuhang/midi_SymbTr\acemasiran--ilahi--muhammes--ta_dil--calakzade_mustafa_efendi.mid:
Traceback (most recent call last):
  File "E:\Master\Moonbeam\data_preprocess.py", line 100, in process_midi_file_safe_v2
    out = process_midi_file_v2(midi_file, split, onset_vocab_size, dur_vocab_size, output_folder, log_file,
  File "E:\Master\Moonbeam\data_preprocess.py", line 173, in process_midi_file_v2
    return [filter_large_ts_dur(compounds, output_file_path, split, onset_vocab_size, dur_vocab_size, log_file)]
  File "E:\Master\Moonbeam\data_preprocess.py", line 149, in filter_large_ts_dur
    'length_duration': compounds[-1][0] + compounds[-1][1],
IndexError: list index out of range

Failed to process data_test_Yuhang/midi_SymbTr\karcigar--sarki--agirevfer--hezar_zar--suyolcuzade_salih_efendi.mid:
Traceback (most recent call last):
  File "E:\Master\Moonbeam\data_preprocess.py", line 100, in process_midi_file_safe_v2
    out = process_midi_file_v2(midi_file, split, onset_vocab_size, dur_vocab_size, output_folder, log_file,
  File "E:\Master\Moonbeam\data_preprocess.py", line 173, in process_midi_file_v2
    return [filter_large_ts_dur(compounds, output_file_path, split, onset_vocab_size, dur_vocab_size, log_file)]
  File "E:\Master\Moonbeam\data_preprocess.py", line 149, in filter_large_ts_dur
    'length_duration': compounds[-1][0] + compounds[-1][1],
IndexError: list index out of range

Failed to process data_test_Yuhang/midi_SymbTr\buselik--sarki--senginsemai--bir_tek--ali_ulvi_baradan.mid:
Traceback (most recent call last):
  File "E:\Master\Moonbeam\data_preprocess.py", line 100, in process_midi_file_safe_v2
    out = process_midi_file_v2(midi_file, split, onset_vocab_size, dur_vocab_size, output_folder, log_file,
  File "E:\Master\Moonbeam\data_preprocess.py", line 173, in process_midi_file_v2
    return [filter_large_ts_dur(compounds, output_file_path, split, onset_vocab_size, dur_vocab_size, log_file)]
  File "E:\Master\Moonbeam\data_preprocess.py", line 149, in filter_large_ts_dur
    'length_duration': compounds[-1][0] + compounds[-1][1],
IndexError: list index out of range

Failed to process data_test_Yuhang/midi_SymbTr\nihavent--sarki--duyek--bugun_yine--emin_ongan.mid:
Traceback (most recent call last):
  File "E:\Master\Moonbeam\data_preprocess.py", line 100, in process_midi_file_safe_v2
    out = process_midi_file_v2(midi_file, split, onset_vocab_size, dur_vocab_size, output_folder, log_file,
  File "E:\Master\Moonbeam\data_preprocess.py", line 173, in process_midi_file_v2
    return [filter_large_ts_dur(compounds, output_file_path, split, onset_vocab_size, dur_vocab_size, log_file)]
  File "E:\Master\Moonbeam\data_preprocess.py", line 149, in filter_large_ts_dur
    'length_duration': compounds[-1][0] + compounds[-1][1],
IndexError: list index out of range

Failed to process data_test_Yuhang/midi_SymbTr\kurdilihicazkar--sarki--musemmen--gecti_omrun--sadi_hosses.mid:
Traceback (most recent call last):
  File "E:\Master\Moonbeam\data_preprocess.py", line 100, in process_midi_file_safe_v2
    out = process_midi_file_v2(midi_file, split, onset_vocab_size, dur_vocab_size, output_folder, log_file,
  File "E:\Master\Moonbeam\data_preprocess.py", line 173, in process_midi_file_v2
    return [filter_large_ts_dur(compounds, output_file_path, split, onset_vocab_size, dur_vocab_size, log_file)]
  File "E:\Master\Moonbeam\data_preprocess.py", line 149, in filter_large_ts_dur
    'length_duration': compounds[-1][0] + compounds[-1][1],
IndexError: list index out of range

Failed to process data_test_Yuhang/midi_SymbTr\karcigar--agirsemai--aksaksemai--ne_dane--dellalzade_haci_ismail_efendi.mid:
Traceback (most recent call last):
  File "E:\Master\Moonbeam\data_preprocess.py", line 100, in process_midi_file_safe_v2
    out = process_midi_file_v2(midi_file, split, onset_vocab_size, dur_vocab_size, output_folder, log_file,
  File "E:\Master\Moonbeam\data_preprocess.py", line 173, in process_midi_file_v2
    return [filter_large_ts_dur(compounds, output_file_path, split, onset_vocab_size, dur_vocab_size, log_file)]
  File "E:\Master\Moonbeam\data_preprocess.py", line 149, in filter_large_ts_dur
    'length_duration': compounds[-1][0] + compounds[-1][1],
IndexError: list index out of range

Failed to process data_test_Yuhang/midi_SymbTr\sultaniyegah--sarki--nimsofyan--sen_sarki--munir_nurettin_selcuk.mid:
Traceback (most recent call last):
  File "E:\Master\Moonbeam\data_preprocess.py", line 100, in process_midi_file_safe_v2
    out = process_midi_file_v2(midi_file, split, onset_vocab_size, dur_vocab_size, output_folder, log_file,
  File "E:\Master\Moonbeam\data_preprocess.py", line 173, in process_midi_file_v2
    return [filter_large_ts_dur(compounds, output_file_path, split, onset_vocab_size, dur_vocab_size, log_file)]
  File "E:\Master\Moonbeam\data_preprocess.py", line 149, in filter_large_ts_dur
    'length_duration': compounds[-1][0] + compounds[-1][1],
IndexError: list index out of range

Failed to process data_test_Yuhang/midi_SymbTr\buselik--pesrev--devrikebir----bolahenk_nuri_bey.mid:
Traceback (most recent call last):
  File "E:\Master\Moonbeam\data_preprocess.py", line 100, in process_midi_file_safe_v2
    out = process_midi_file_v2(midi_file, split, onset_vocab_size, dur_vocab_size, output_folder, log_file,
  File "E:\Master\Moonbeam\data_preprocess.py", line 173, in process_midi_file_v2
    return [filter_large_ts_dur(compounds, output_file_path, split, onset_vocab_size, dur_vocab_size, log_file)]
  File "E:\Master\Moonbeam\data_preprocess.py", line 149, in filter_large_ts_dur
    'length_duration': compounds[-1][0] + compounds[-1][1],
IndexError: list index out of range

Failed to process data_test_Yuhang/midi_SymbTr\huseyni--ilahi--yuruksemai--nur-i_fahr-i--dede_efendi.mid:
Traceback (most recent call last):
  File "E:\Master\Moonbeam\data_preprocess.py", line 100, in process_midi_file_safe_v2
    out = process_midi_file_v2(midi_file, split, onset_vocab_size, dur_vocab_size, output_folder, log_file,
  File "E:\Master\Moonbeam\data_preprocess.py", line 173, in process_midi_file_v2
    return [filter_large_ts_dur(compounds, output_file_path, split, onset_vocab_size, dur_vocab_size, log_file)]
  File "E:\Master\Moonbeam\data_preprocess.py", line 149, in filter_large_ts_dur
    'length_duration': compounds[-1][0] + compounds[-1][1],
IndexError: list index out of range

Failed to process data_test_Yuhang/midi_SymbTr\hicaz--popsarkisi--sofyan--basin_one--kerem_guney.mid:
Traceback (most recent call last):
  File "E:\Master\Moonbeam\data_preprocess.py", line 100, in process_midi_file_safe_v2
    out = process_midi_file_v2(midi_file, split, onset_vocab_size, dur_vocab_size, output_folder, log_file,
  File "E:\Master\Moonbeam\data_preprocess.py", line 173, in process_midi_file_v2
    return [filter_large_ts_dur(compounds, output_file_path, split, onset_vocab_size, dur_vocab_size, log_file)]
  File "E:\Master\Moonbeam\data_preprocess.py", line 149, in filter_large_ts_dur
    'length_duration': compounds[-1][0] + compounds[-1][1],
IndexError: list index out of range

Failed to process data_test_Yuhang/midi_SymbTr\nihavent--sarki--nimsofyan--istanbulda_yasanan--baki_callioglu.mid:
Traceback (most recent call last):
  File "E:\Master\Moonbeam\data_preprocess.py", line 100, in process_midi_file_safe_v2
    out = process_midi_file_v2(midi_file, split, onset_vocab_size, dur_vocab_size, output_folder, log_file,
  File "E:\Master\Moonbeam\data_preprocess.py", line 173, in process_midi_file_v2
    return [filter_large_ts_dur(compounds, output_file_path, split, onset_vocab_size, dur_vocab_size, log_file)]
  File "E:\Master\Moonbeam\data_preprocess.py", line 149, in filter_large_ts_dur
    'length_duration': compounds[-1][0] + compounds[-1][1],
IndexError: list index out of range

Failed to process data_test_Yuhang/midi_SymbTr\ussak--sarki--musemmen--gonlumun_bir--emin_ongan.mid:
Traceback (most recent call last):
  File "E:\Master\Moonbeam\data_preprocess.py", line 100, in process_midi_file_safe_v2
    out = process_midi_file_v2(midi_file, split, onset_vocab_size, dur_vocab_size, output_folder, log_file,
  File "E:\Master\Moonbeam\data_preprocess.py", line 173, in process_midi_file_v2
    return [filter_large_ts_dur(compounds, output_file_path, split, onset_vocab_size, dur_vocab_size, log_file)]
  File "E:\Master\Moonbeam\data_preprocess.py", line 149, in filter_large_ts_dur
    'length_duration': compounds[-1][0] + compounds[-1][1],
IndexError: list index out of range

Failed to process data_test_Yuhang/midi_SymbTr\huzzam--sarki--curcuna--gokyuzune_ciksan--omer_sami_gupgup.mid:
Traceback (most recent call last):
  File "E:\Master\Moonbeam\data_preprocess.py", line 100, in process_midi_file_safe_v2
    out = process_midi_file_v2(midi_file, split, onset_vocab_size, dur_vocab_size, output_folder, log_file,
  File "E:\Master\Moonbeam\data_preprocess.py", line 173, in process_midi_file_v2
    return [filter_large_ts_dur(compounds, output_file_path, split, onset_vocab_size, dur_vocab_size, log_file)]
  File "E:\Master\Moonbeam\data_preprocess.py", line 149, in filter_large_ts_dur
    'length_duration': compounds[-1][0] + compounds[-1][1],
IndexError: list index out of range

Failed to process data_test_Yuhang/midi_SymbTr\sultaniyegah--sarki--curcuna--sevildim_sanma--arif_sami_toker.mid:
Traceback (most recent call last):
  File "E:\Master\Moonbeam\data_preprocess.py", line 100, in process_midi_file_safe_v2
    out = process_midi_file_v2(midi_file, split, onset_vocab_size, dur_vocab_size, output_folder, log_file,
  File "E:\Master\Moonbeam\data_preprocess.py", line 173, in process_midi_file_v2
    return [filter_large_ts_dur(compounds, output_file_path, split, onset_vocab_size, dur_vocab_size, log_file)]
  File "E:\Master\Moonbeam\data_preprocess.py", line 149, in filter_large_ts_dur
    'length_duration': compounds[-1][0] + compounds[-1][1],
IndexError: list index out of range

Failed to process data_test_Yuhang/midi_SymbTr\mahur--sarki--curcuna--sakiz_hanim--bahadir_akkuzu.mid:
Traceback (most recent call last):
  File "E:\Master\Moonbeam\data_preprocess.py", line 100, in process_midi_file_safe_v2
    out = process_midi_file_v2(midi_file, split, onset_vocab_size, dur_vocab_size, output_folder, log_file,
  File "E:\Master\Moonbeam\data_preprocess.py", line 173, in process_midi_file_v2
    return [filter_large_ts_dur(compounds, output_file_path, split, onset_vocab_size, dur_vocab_size, log_file)]
  File "E:\Master\Moonbeam\data_preprocess.py", line 149, in filter_large_ts_dur
    'length_duration': compounds[-1][0] + compounds[-1][1],
IndexError: list index out of range

Failed to process data_test_Yuhang/midi_SymbTr\mahur--sarki--aksak--cektikce_sineye--selahattin_icli.mid:
Traceback (most recent call last):
  File "E:\Master\Moonbeam\data_preprocess.py", line 100, in process_midi_file_safe_v2
    out = process_midi_file_v2(midi_file, split, onset_vocab_size, dur_vocab_size, output_folder, log_file,
  File "E:\Master\Moonbeam\data_preprocess.py", line 173, in process_midi_file_v2
    return [filter_large_ts_dur(compounds, output_file_path, split, onset_vocab_size, dur_vocab_size, log_file)]
  File "E:\Master\Moonbeam\data_preprocess.py", line 149, in filter_large_ts_dur
    'length_duration': compounds[-1][0] + compounds[-1][1],
IndexError: list index out of range

Failed to process data_test_Yuhang/midi_SymbTr\ussak--kalenderi--yuruksemai--ey_nur-i--numan_aga.mid:
Traceback (most recent call last):
  File "E:\Master\Moonbeam\data_preprocess.py", line 100, in process_midi_file_safe_v2
    out = process_midi_file_v2(midi_file, split, onset_vocab_size, dur_vocab_size, output_folder, log_file,
  File "E:\Master\Moonbeam\data_preprocess.py", line 173, in process_midi_file_v2
    return [filter_large_ts_dur(compounds, output_file_path, split, onset_vocab_size, dur_vocab_size, log_file)]
  File "E:\Master\Moonbeam\data_preprocess.py", line 149, in filter_large_ts_dur
    'length_duration': compounds[-1][0] + compounds[-1][1],
IndexError: list index out of range

Failed to process data_test_Yuhang/midi_SymbTr\hicazkar--sarki--duyek--serpil_yagmur--cevdet_cagla.mid:
Traceback (most recent call last):
  File "E:\Master\Moonbeam\data_preprocess.py", line 100, in process_midi_file_safe_v2
    out = process_midi_file_v2(midi_file, split, onset_vocab_size, dur_vocab_size, output_folder, log_file,
  File "E:\Master\Moonbeam\data_preprocess.py", line 173, in process_midi_file_v2
    return [filter_large_ts_dur(compounds, output_file_path, split, onset_vocab_size, dur_vocab_size, log_file)]
  File "E:\Master\Moonbeam\data_preprocess.py", line 149, in filter_large_ts_dur
    'length_duration': compounds[-1][0] + compounds[-1][1],
IndexError: list index out of range

Failed to process data_test_Yuhang/midi_SymbTr\segah--sarki--sofyan--dayanilmaz_hasretin--omer_sami_gupgup.mid:
Traceback (most recent call last):
  File "E:\Master\Moonbeam\data_preprocess.py", line 100, in process_midi_file_safe_v2
    out = process_midi_file_v2(midi_file, split, onset_vocab_size, dur_vocab_size, output_folder, log_file,
  File "E:\Master\Moonbeam\data_preprocess.py", line 173, in process_midi_file_v2
    return [filter_large_ts_dur(compounds, output_file_path, split, onset_vocab_size, dur_vocab_size, log_file)]
  File "E:\Master\Moonbeam\data_preprocess.py", line 149, in filter_large_ts_dur
    'length_duration': compounds[-1][0] + compounds[-1][1],
IndexError: list index out of range

Failed to process data_test_Yuhang/midi_SymbTr\huzzam--sarki--devrihindi--umidim_kalmadi--medeni_aziz_efendi.mid:
Traceback (most recent call last):
  File "E:\Master\Moonbeam\data_preprocess.py", line 100, in process_midi_file_safe_v2
    out = process_midi_file_v2(midi_file, split, onset_vocab_size, dur_vocab_size, output_folder, log_file,
  File "E:\Master\Moonbeam\data_preprocess.py", line 173, in process_midi_file_v2
    return [filter_large_ts_dur(compounds, output_file_path, split, onset_vocab_size, dur_vocab_size, log_file)]
  File "E:\Master\Moonbeam\data_preprocess.py", line 149, in filter_large_ts_dur
    'length_duration': compounds[-1][0] + compounds[-1][1],
IndexError: list index out of range

Failed to process data_test_Yuhang/midi_SymbTr\segah--kar--hafif--ses-agaz_kar--abdulkadir_meragi.mid:
Traceback (most recent call last):
  File "E:\Master\Moonbeam\data_preprocess.py", line 100, in process_midi_file_safe_v2
    out = process_midi_file_v2(midi_file, split, onset_vocab_size, dur_vocab_size, output_folder, log_file,
  File "E:\Master\Moonbeam\data_preprocess.py", line 173, in process_midi_file_v2
    return [filter_large_ts_dur(compounds, output_file_path, split, onset_vocab_size, dur_vocab_size, log_file)]
  File "E:\Master\Moonbeam\data_preprocess.py", line 149, in filter_large_ts_dur
    'length_duration': compounds[-1][0] + compounds[-1][1],
IndexError: list index out of range

Failed to process data_test_Yuhang/midi_SymbTr\hicaz_humayun--nakis--agirsenginsemai--seb_cunun--seyyid_nuh.mid:
Traceback (most recent call last):
  File "E:\Master\Moonbeam\data_preprocess.py", line 100, in process_midi_file_safe_v2
    out = process_midi_file_v2(midi_file, split, onset_vocab_size, dur_vocab_size, output_folder, log_file,
  File "E:\Master\Moonbeam\data_preprocess.py", line 173, in process_midi_file_v2
    return [filter_large_ts_dur(compounds, output_file_path, split, onset_vocab_size, dur_vocab_size, log_file)]
  File "E:\Master\Moonbeam\data_preprocess.py", line 149, in filter_large_ts_dur
    'length_duration': compounds[-1][0] + compounds[-1][1],
IndexError: list index out of range

Failed to process data_test_Yuhang/midi_SymbTr\mahur--yuruksemai--yuruksemai--beni_cun--ebubekir_aga.mid:
Traceback (most recent call last):
  File "E:\Master\Moonbeam\data_preprocess.py", line 100, in process_midi_file_safe_v2
    out = process_midi_file_v2(midi_file, split, onset_vocab_size, dur_vocab_size, output_folder, log_file,
  File "E:\Master\Moonbeam\data_preprocess.py", line 173, in process_midi_file_v2
    return [filter_large_ts_dur(compounds, output_file_path, split, onset_vocab_size, dur_vocab_size, log_file)]
  File "E:\Master\Moonbeam\data_preprocess.py", line 149, in filter_large_ts_dur
    'length_duration': compounds[-1][0] + compounds[-1][1],
IndexError: list index out of range

Failed to process data_test_Yuhang/midi_SymbTr\mahur--sarki--semai--sarkimi_senin--irfan_ozbakir.mid:
Traceback (most recent call last):
  File "E:\Master\Moonbeam\data_preprocess.py", line 100, in process_midi_file_safe_v2
    out = process_midi_file_v2(midi_file, split, onset_vocab_size, dur_vocab_size, output_folder, log_file,
  File "E:\Master\Moonbeam\data_preprocess.py", line 173, in process_midi_file_v2
    return [filter_large_ts_dur(compounds, output_file_path, split, onset_vocab_size, dur_vocab_size, log_file)]
  File "E:\Master\Moonbeam\data_preprocess.py", line 149, in filter_large_ts_dur
    'length_duration': compounds[-1][0] + compounds[-1][1],
IndexError: list index out of range

Failed to process data_test_Yuhang/midi_SymbTr\nisaburek--agirsemai--agir_aksaksemai--bilmem_ki--necmi_piskin.mid:
Traceback (most recent call last):
  File "E:\Master\Moonbeam\data_preprocess.py", line 100, in process_midi_file_safe_v2
    out = process_midi_file_v2(midi_file, split, onset_vocab_size, dur_vocab_size, output_folder, log_file,
  File "E:\Master\Moonbeam\data_preprocess.py", line 173, in process_midi_file_v2
    return [filter_large_ts_dur(compounds, output_file_path, split, onset_vocab_size, dur_vocab_size, log_file)]
  File "E:\Master\Moonbeam\data_preprocess.py", line 149, in filter_large_ts_dur
    'length_duration': compounds[-1][0] + compounds[-1][1],
IndexError: list index out of range

Failed to process data_test_Yuhang/midi_SymbTr\muhayyerkurdi--sarki--nimsofyan--gonlumu_gonlune--omer_sami_gupgup.mid:
Traceback (most recent call last):
  File "E:\Master\Moonbeam\data_preprocess.py", line 100, in process_midi_file_safe_v2
    out = process_midi_file_v2(midi_file, split, onset_vocab_size, dur_vocab_size, output_folder, log_file,
  File "E:\Master\Moonbeam\data_preprocess.py", line 173, in process_midi_file_v2
    return [filter_large_ts_dur(compounds, output_file_path, split, onset_vocab_size, dur_vocab_size, log_file)]
  File "E:\Master\Moonbeam\data_preprocess.py", line 149, in filter_large_ts_dur
    'length_duration': compounds[-1][0] + compounds[-1][1],
IndexError: list index out of range

Failed to process data_test_Yuhang/midi_SymbTr\karcigar--sarki--kapali_curcuna--mest_oldu--serif_icli.mid:
Traceback (most recent call last):
  File "E:\Master\Moonbeam\data_preprocess.py", line 100, in process_midi_file_safe_v2
    out = process_midi_file_v2(midi_file, split, onset_vocab_size, dur_vocab_size, output_folder, log_file,
  File "E:\Master\Moonbeam\data_preprocess.py", line 173, in process_midi_file_v2
    return [filter_large_ts_dur(compounds, output_file_path, split, onset_vocab_size, dur_vocab_size, log_file)]
  File "E:\Master\Moonbeam\data_preprocess.py", line 149, in filter_large_ts_dur
    'length_duration': compounds[-1][0] + compounds[-1][1],
IndexError: list index out of range

Failed to process data_test_Yuhang/midi_SymbTr\buselik--sarki--devrihindi--bahara_indi--selahattin_icli.mid:
Traceback (most recent call last):
  File "E:\Master\Moonbeam\data_preprocess.py", line 100, in process_midi_file_safe_v2
    out = process_midi_file_v2(midi_file, split, onset_vocab_size, dur_vocab_size, output_folder, log_file,
  File "E:\Master\Moonbeam\data_preprocess.py", line 173, in process_midi_file_v2
    return [filter_large_ts_dur(compounds, output_file_path, split, onset_vocab_size, dur_vocab_size, log_file)]
  File "E:\Master\Moonbeam\data_preprocess.py", line 149, in filter_large_ts_dur
    'length_duration': compounds[-1][0] + compounds[-1][1],
IndexError: list index out of range

Failed to process data_test_Yuhang/midi_SymbTr\hicaz--sarki--duyek--hicbir_seyde--fethi_karamahmutoglu.mid:
Traceback (most recent call last):
  File "E:\Master\Moonbeam\data_preprocess.py", line 100, in process_midi_file_safe_v2
    out = process_midi_file_v2(midi_file, split, onset_vocab_size, dur_vocab_size, output_folder, log_file,
  File "E:\Master\Moonbeam\data_preprocess.py", line 173, in process_midi_file_v2
    return [filter_large_ts_dur(compounds, output_file_path, split, onset_vocab_size, dur_vocab_size, log_file)]
  File "E:\Master\Moonbeam\data_preprocess.py", line 149, in filter_large_ts_dur
    'length_duration': compounds[-1][0] + compounds[-1][1],
IndexError: list index out of range

Failed to process data_test_Yuhang/midi_SymbTr\huseyni--pesrev--cifteduyek----tanburi_isak.mid:
Traceback (most recent call last):
  File "E:\Master\Moonbeam\data_preprocess.py", line 100, in process_midi_file_safe_v2
    out = process_midi_file_v2(midi_file, split, onset_vocab_size, dur_vocab_size, output_folder, log_file,
  File "E:\Master\Moonbeam\data_preprocess.py", line 173, in process_midi_file_v2
    return [filter_large_ts_dur(compounds, output_file_path, split, onset_vocab_size, dur_vocab_size, log_file)]
  File "E:\Master\Moonbeam\data_preprocess.py", line 149, in filter_large_ts_dur
    'length_duration': compounds[-1][0] + compounds[-1][1],
IndexError: list index out of range

Failed to process data_test_Yuhang/midi_SymbTr\huseyni--beste--cenber--nigaha_ruhsat--zaharya.mid:
Traceback (most recent call last):
  File "E:\Master\Moonbeam\data_preprocess.py", line 100, in process_midi_file_safe_v2
    out = process_midi_file_v2(midi_file, split, onset_vocab_size, dur_vocab_size, output_folder, log_file,
  File "E:\Master\Moonbeam\data_preprocess.py", line 173, in process_midi_file_v2
    return [filter_large_ts_dur(compounds, output_file_path, split, onset_vocab_size, dur_vocab_size, log_file)]
  File "E:\Master\Moonbeam\data_preprocess.py", line 149, in filter_large_ts_dur
    'length_duration': compounds[-1][0] + compounds[-1][1],
IndexError: list index out of range

Failed to process data_test_Yuhang/midi_SymbTr\ussak--sarki--semai--gonlume_gir--yilmaz_yuksel.mid:
Traceback (most recent call last):
  File "E:\Master\Moonbeam\data_preprocess.py", line 100, in process_midi_file_safe_v2
    out = process_midi_file_v2(midi_file, split, onset_vocab_size, dur_vocab_size, output_folder, log_file,
  File "E:\Master\Moonbeam\data_preprocess.py", line 173, in process_midi_file_v2
    return [filter_large_ts_dur(compounds, output_file_path, split, onset_vocab_size, dur_vocab_size, log_file)]
  File "E:\Master\Moonbeam\data_preprocess.py", line 149, in filter_large_ts_dur
    'length_duration': compounds[-1][0] + compounds[-1][1],
IndexError: list index out of range

Failed to process data_test_Yuhang/midi_SymbTr\segah--sarki--duyek--gonul_bahcemizde--omer_sami_gupgup.mid:
Traceback (most recent call last):
  File "E:\Master\Moonbeam\data_preprocess.py", line 100, in process_midi_file_safe_v2
    out = process_midi_file_v2(midi_file, split, onset_vocab_size, dur_vocab_size, output_folder, log_file,
  File "E:\Master\Moonbeam\data_preprocess.py", line 173, in process_midi_file_v2
    return [filter_large_ts_dur(compounds, output_file_path, split, onset_vocab_size, dur_vocab_size, log_file)]
  File "E:\Master\Moonbeam\data_preprocess.py", line 149, in filter_large_ts_dur
    'length_duration': compounds[-1][0] + compounds[-1][1],
IndexError: list index out of range

Failed to process data_test_Yuhang/midi_SymbTr\huseyni--beste--berefsan--sebnem_gibi--zaharya.mid:
Traceback (most recent call last):
  File "E:\Master\Moonbeam\data_preprocess.py", line 100, in process_midi_file_safe_v2
    out = process_midi_file_v2(midi_file, split, onset_vocab_size, dur_vocab_size, output_folder, log_file,
  File "E:\Master\Moonbeam\data_preprocess.py", line 173, in process_midi_file_v2
    return [filter_large_ts_dur(compounds, output_file_path, split, onset_vocab_size, dur_vocab_size, log_file)]
  File "E:\Master\Moonbeam\data_preprocess.py", line 149, in filter_large_ts_dur
    'length_duration': compounds[-1][0] + compounds[-1][1],
IndexError: list index out of range

Failed to process data_test_Yuhang/midi_SymbTr\karcigar--sazeseri--sofyan----mutlu_torun.mid:
Traceback (most recent call last):
  File "E:\Master\Moonbeam\data_preprocess.py", line 100, in process_midi_file_safe_v2
    out = process_midi_file_v2(midi_file, split, onset_vocab_size, dur_vocab_size, output_folder, log_file,
  File "E:\Master\Moonbeam\data_preprocess.py", line 173, in process_midi_file_v2
    return [filter_large_ts_dur(compounds, output_file_path, split, onset_vocab_size, dur_vocab_size, log_file)]
  File "E:\Master\Moonbeam\data_preprocess.py", line 149, in filter_large_ts_dur
    'length_duration': compounds[-1][0] + compounds[-1][1],
IndexError: list index out of range

Failed to process data_test_Yuhang/midi_SymbTr\buselik--sarki--duyek--sunbulistan_etmis--sakir_aga.mid:
Traceback (most recent call last):
  File "E:\Master\Moonbeam\data_preprocess.py", line 100, in process_midi_file_safe_v2
    out = process_midi_file_v2(midi_file, split, onset_vocab_size, dur_vocab_size, output_folder, log_file,
  File "E:\Master\Moonbeam\data_preprocess.py", line 173, in process_midi_file_v2
    return [filter_large_ts_dur(compounds, output_file_path, split, onset_vocab_size, dur_vocab_size, log_file)]
  File "E:\Master\Moonbeam\data_preprocess.py", line 149, in filter_large_ts_dur
    'length_duration': compounds[-1][0] + compounds[-1][1],
IndexError: list index out of range

Failed to process data_test_Yuhang/midi_SymbTr\hicaz--sarki--semai--nasil_gecti--teoman_alpay.mid:
Traceback (most recent call last):
  File "E:\Master\Moonbeam\data_preprocess.py", line 100, in process_midi_file_safe_v2
    out = process_midi_file_v2(midi_file, split, onset_vocab_size, dur_vocab_size, output_folder, log_file,
  File "E:\Master\Moonbeam\data_preprocess.py", line 173, in process_midi_file_v2
    return [filter_large_ts_dur(compounds, output_file_path, split, onset_vocab_size, dur_vocab_size, log_file)]
  File "E:\Master\Moonbeam\data_preprocess.py", line 149, in filter_large_ts_dur
    'length_duration': compounds[-1][0] + compounds[-1][1],
IndexError: list index out of range

Failed to process data_test_Yuhang/midi_SymbTr\nihavent--fantezi--nimsofyan--gel_gonlumu--erdinc_celikkol.mid:
Traceback (most recent call last):
  File "E:\Master\Moonbeam\data_preprocess.py", line 100, in process_midi_file_safe_v2
    out = process_midi_file_v2(midi_file, split, onset_vocab_size, dur_vocab_size, output_folder, log_file,
  File "E:\Master\Moonbeam\data_preprocess.py", line 173, in process_midi_file_v2
    return [filter_large_ts_dur(compounds, output_file_path, split, onset_vocab_size, dur_vocab_size, log_file)]
  File "E:\Master\Moonbeam\data_preprocess.py", line 149, in filter_large_ts_dur
    'length_duration': compounds[-1][0] + compounds[-1][1],
IndexError: list index out of range

Failed to process data_test_Yuhang/midi_SymbTr\karcigar--sarki--yuruksemai--bir_suh--selahattin_icli.mid:
Traceback (most recent call last):
  File "E:\Master\Moonbeam\data_preprocess.py", line 100, in process_midi_file_safe_v2
    out = process_midi_file_v2(midi_file, split, onset_vocab_size, dur_vocab_size, output_folder, log_file,
  File "E:\Master\Moonbeam\data_preprocess.py", line 173, in process_midi_file_v2
    return [filter_large_ts_dur(compounds, output_file_path, split, onset_vocab_size, dur_vocab_size, log_file)]
  File "E:\Master\Moonbeam\data_preprocess.py", line 149, in filter_large_ts_dur
    'length_duration': compounds[-1][0] + compounds[-1][1],
IndexError: list index out of range

Failed to process data_test_Yuhang/midi_SymbTr\hicaz--sarki--agiraksak--soylemez_miydim--ii_mahmud.mid:
Traceback (most recent call last):
  File "E:\Master\Moonbeam\data_preprocess.py", line 100, in process_midi_file_safe_v2
    out = process_midi_file_v2(midi_file, split, onset_vocab_size, dur_vocab_size, output_folder, log_file,
  File "E:\Master\Moonbeam\data_preprocess.py", line 173, in process_midi_file_v2
    return [filter_large_ts_dur(compounds, output_file_path, split, onset_vocab_size, dur_vocab_size, log_file)]
  File "E:\Master\Moonbeam\data_preprocess.py", line 149, in filter_large_ts_dur
    'length_duration': compounds[-1][0] + compounds[-1][1],
IndexError: list index out of range

Failed to process data_test_Yuhang/midi_SymbTr\acemasiran--yuruksemai--yuruksemai--bileydi_dil--itri.mid:
Traceback (most recent call last):
  File "E:\Master\Moonbeam\data_preprocess.py", line 100, in process_midi_file_safe_v2
    out = process_midi_file_v2(midi_file, split, onset_vocab_size, dur_vocab_size, output_folder, log_file,
  File "E:\Master\Moonbeam\data_preprocess.py", line 173, in process_midi_file_v2
    return [filter_large_ts_dur(compounds, output_file_path, split, onset_vocab_size, dur_vocab_size, log_file)]
  File "E:\Master\Moonbeam\data_preprocess.py", line 149, in filter_large_ts_dur
    'length_duration': compounds[-1][0] + compounds[-1][1],
IndexError: list index out of range

Failed to process data_test_Yuhang/midi_SymbTr\hicazkar--sarki--duyek--harap_oldu--arif_sami_toker.mid:
Traceback (most recent call last):
  File "E:\Master\Moonbeam\data_preprocess.py", line 100, in process_midi_file_safe_v2
    out = process_midi_file_v2(midi_file, split, onset_vocab_size, dur_vocab_size, output_folder, log_file,
  File "E:\Master\Moonbeam\data_preprocess.py", line 173, in process_midi_file_v2
    return [filter_large_ts_dur(compounds, output_file_path, split, onset_vocab_size, dur_vocab_size, log_file)]
  File "E:\Master\Moonbeam\data_preprocess.py", line 149, in filter_large_ts_dur
    'length_duration': compounds[-1][0] + compounds[-1][1],
IndexError: list index out of range

Failed to process data_test_Yuhang/midi_SymbTr\neva--agirsemai--aksaksemai--sevdi_bu_gonul--ama_kadri_efendi.mid:
Traceback (most recent call last):
  File "E:\Master\Moonbeam\data_preprocess.py", line 100, in process_midi_file_safe_v2
    out = process_midi_file_v2(midi_file, split, onset_vocab_size, dur_vocab_size, output_folder, log_file,
  File "E:\Master\Moonbeam\data_preprocess.py", line 173, in process_midi_file_v2
    return [filter_large_ts_dur(compounds, output_file_path, split, onset_vocab_size, dur_vocab_size, log_file)]
  File "E:\Master\Moonbeam\data_preprocess.py", line 149, in filter_large_ts_dur
    'length_duration': compounds[-1][0] + compounds[-1][1],
IndexError: list index out of range

Failed to process data_test_Yuhang/midi_SymbTr\buselik--beste--hafif--her_gordugu--itri.mid:
Traceback (most recent call last):
  File "E:\Master\Moonbeam\data_preprocess.py", line 100, in process_midi_file_safe_v2
    out = process_midi_file_v2(midi_file, split, onset_vocab_size, dur_vocab_size, output_folder, log_file,
  File "E:\Master\Moonbeam\data_preprocess.py", line 173, in process_midi_file_v2
    return [filter_large_ts_dur(compounds, output_file_path, split, onset_vocab_size, dur_vocab_size, log_file)]
  File "E:\Master\Moonbeam\data_preprocess.py", line 149, in filter_large_ts_dur
    'length_duration': compounds[-1][0] + compounds[-1][1],
IndexError: list index out of range

Failed to process data_test_Yuhang/midi_SymbTr\mahur--tavsanca--duyek--ne_ararsam--iii_selim.mid:
Traceback (most recent call last):
  File "E:\Master\Moonbeam\data_preprocess.py", line 100, in process_midi_file_safe_v2
    out = process_midi_file_v2(midi_file, split, onset_vocab_size, dur_vocab_size, output_folder, log_file,
  File "E:\Master\Moonbeam\data_preprocess.py", line 173, in process_midi_file_v2
    return [filter_large_ts_dur(compounds, output_file_path, split, onset_vocab_size, dur_vocab_size, log_file)]
  File "E:\Master\Moonbeam\data_preprocess.py", line 149, in filter_large_ts_dur
    'length_duration': compounds[-1][0] + compounds[-1][1],
IndexError: list index out of range

Failed to process data_test_Yuhang/midi_SymbTr\buselik--sazsemaisi--aksaksemai----nefiri_behram_aga.mid:
Traceback (most recent call last):
  File "E:\Master\Moonbeam\data_preprocess.py", line 100, in process_midi_file_safe_v2
    out = process_midi_file_v2(midi_file, split, onset_vocab_size, dur_vocab_size, output_folder, log_file,
  File "E:\Master\Moonbeam\data_preprocess.py", line 173, in process_midi_file_v2
    return [filter_large_ts_dur(compounds, output_file_path, split, onset_vocab_size, dur_vocab_size, log_file)]
  File "E:\Master\Moonbeam\data_preprocess.py", line 149, in filter_large_ts_dur
    'length_duration': compounds[-1][0] + compounds[-1][1],
IndexError: list index out of range

Failed to process data_test_Yuhang/midi_SymbTr\buselik--agirsemai--agir_aksaksemai--soyle_ey_nalem--ahmed_irsoy.mid:
Traceback (most recent call last):
  File "E:\Master\Moonbeam\data_preprocess.py", line 100, in process_midi_file_safe_v2
    out = process_midi_file_v2(midi_file, split, onset_vocab_size, dur_vocab_size, output_folder, log_file,
  File "E:\Master\Moonbeam\data_preprocess.py", line 173, in process_midi_file_v2
    return [filter_large_ts_dur(compounds, output_file_path, split, onset_vocab_size, dur_vocab_size, log_file)]
  File "E:\Master\Moonbeam\data_preprocess.py", line 149, in filter_large_ts_dur
    'length_duration': compounds[-1][0] + compounds[-1][1],
IndexError: list index out of range

Failed to process data_test_Yuhang/midi_SymbTr\buselik--sarki--agiraksak--bir_peri-ruyin--hamparsum.mid:
Traceback (most recent call last):
  File "E:\Master\Moonbeam\data_preprocess.py", line 100, in process_midi_file_safe_v2
    out = process_midi_file_v2(midi_file, split, onset_vocab_size, dur_vocab_size, output_folder, log_file,
  File "E:\Master\Moonbeam\data_preprocess.py", line 173, in process_midi_file_v2
    return [filter_large_ts_dur(compounds, output_file_path, split, onset_vocab_size, dur_vocab_size, log_file)]
  File "E:\Master\Moonbeam\data_preprocess.py", line 149, in filter_large_ts_dur
    'length_duration': compounds[-1][0] + compounds[-1][1],
IndexError: list index out of range

