file_base_name,split,length,duration,makam,form,usul,title,artist,label
mahur--turku--sofyan--yemenimde_hare_var--.npy,train,396,15993,mahur,turku,sofyan,yemenimde_hare_var,,19
sevkefza--sarki--semai--geldik_gidiyoruz--omer_dilek.npy,train,375,20857,sevkefza,sarki,semai,geldik_gidiyoruz,omer_dilek,31
saba--sarki--nimsofyan--gel_kulbe-i--.npy,train,145,10390,saba,sarki,nimsofyan,gel_kulbe-i,,27
rast--nakis--yuruksemai--gulsende_yine--muallim_ismail_hakki_bey.npy,train,464,21304,rast,nakis,yuruksemai,gulsende_yine,muallim_ismail_hakki_bey,26
buselik--sarki--agiraksak--kalbimin_derdiyle--feridun_darbaz.npy,train,629,27575,buselik,sarki,agiraksak,kalbimin_derdiyle,feridun_darbaz,4
karcigar--ornek_oz--sofyan--1--huseyin_sadettin_arel.npy,train,25,2390,karcigar,ornek_oz,sofyan,1,huseyin_sadettin_arel,16
nihavent--seyir--sofyan--1--erol_bingol.npy,train,53,3190,nihavent,seyir,sofyan,1,erol_bingol,23
nihavent--sarki--yuruksemai_ii--suzup_suzup--rahmi_bey.npy,train,478,16079,nihavent,sarki,yuruksemai_ii,suzup_suzup,rahmi_bey,23
mahur--tavsanca--aksak--aldi_aklim--ii_mahmud.npy,train,318,11059,mahur,tavsanca,aksak,aldi_aklim,ii_mahmud,19
mahur--turku--kapali_curcuna--meclisinde_mail--adiyaman.npy,train,626,23153,mahur,turku,kapali_curcuna,meclisinde_mail,adiyaman,19
segah--turku--sofyan--pancar_pezik--hacibektas.npy,train,727,19850,segah,turku,sofyan,pancar_pezik,hacibektas,29
huzzam--turku--musemmen_ii--su_karsiki--hatay.npy,train,573,20162,huzzam,turku,musemmen_ii,su_karsiki,hatay,14
nihavent--sarki--duyek--sarkilar_seni--muzaffer_ilkar.npy,train,530,22452,nihavent,sarki,duyek,sarkilar_seni,muzaffer_ilkar,23
saba--sarki--devrihindi--oyle_bir--aleko_bacanos.npy,train,565,22114,saba,sarki,devrihindi,oyle_bir,aleko_bacanos,27
beyati--sazsemaisi--aksaksemai--beyatiye_bir_damla--necmi_kiran.npy,train,1334,34702,beyati,sazsemaisi,aksaksemai,beyatiye_bir_damla,necmi_kiran,3
mahur--sarki--evfer--kalbimdeki_amal-i--muallim_ismail_hakki_bey.npy,train,335,14393,mahur,sarki,evfer,kalbimdeki_amal-i,muallim_ismail_hakki_bey,19
nihavent--sarki--turkaksagi--bir_tatli_urperti--fethi_karamahmutoglu.npy,train,396,19043,nihavent,sarki,turkaksagi,bir_tatli_urperti,fethi_karamahmutoglu,23
hicaz--sarki--agiraksak--firkatin_aldi--bimen_sen.npy,train,567,22050,hicaz,sarki,agiraksak,firkatin_aldi,bimen_sen,8
hicazkar--sarki--kapali_curcuna--bahar_geldi--muhlis_sabahaddin_ezgi.npy,train,482,20995,hicazkar,sarki,kapali_curcuna,bahar_geldi,muhlis_sabahaddin_ezgi,11
yegah--sazsemaisi--aksaksemai----neyzen_aziz_dede.npy,train,391,17729,yegah,sazsemaisi,aksaksemai,,neyzen_aziz_dede,38
muhayyerkurdi--turku--sofyan--cokertmeden_ciktim_da--.npy,train,694,23894,muhayyerkurdi,turku,sofyan,cokertmeden_ciktim_da,,21
segah--turku--sofyan--ana_beni--.npy,train,104,3332,segah,turku,sofyan,ana_beni,,29
sultaniyegah--kupe--yuruksemai_ii--eyledin_bezm-i--ahmet_avni_konuk.npy,train,71,4785,sultaniyegah,kupe,yuruksemai_ii,eyledin_bezm-i,ahmet_avni_konuk,32
hicaz--ornek_oz--senginsemai--1--ruhi_ayangil.npy,train,33,2390,hicaz,ornek_oz,senginsemai,1,ruhi_ayangil,8
acemasiran--zeybek--agiraksak--su_izmirin--tahsin_karakus.npy,train,604,27653,acemasiran,zeybek,agiraksak,su_izmirin,tahsin_karakus,0
rast--sarki--curcuna--icime_hep--yildirim_gurses.npy,train,338,20820,rast,sarki,curcuna,icime_hep,yildirim_gurses,26
karcigar--sarki--aksak--daglari_hep--sadettin_kaynak.npy,train,418,18845,karcigar,sarki,aksak,daglari_hep,sadettin_kaynak,16
buselik--pesrev--muhammes----nikolaki.npy,train,499,19610,buselik,pesrev,muhammes,,nikolaki,4
suzinak_zirgule--sarki--aksak--gozlerin_bir--ferit_sidal.npy,train,776,20568,suzinak_zirgule,sarki,aksak,gozlerin_bir,ferit_sidal,35
ussak--sarki--agiraksak--kimseler_gelmez--sevki_bey.npy,train,568,25994,ussak,sarki,agiraksak,kimseler_gelmez,sevki_bey,37
mahur--turku--kapali_curcuna--indim_yarin--.npy,train,296,15991,mahur,turku,kapali_curcuna,indim_yarin,,19
kurdi--seyir--sofyan--1--erol_bingol.npy,train,44,2904,kurdi,seyir,sofyan,1,erol_bingol,17
saba--turku--duyek--hangi_bagin--.npy,train,468,12435,saba,turku,duyek,hangi_bagin,,27
rast--sarki--devrihindi--gonlumun_ezhar--fehmi_tokay.npy,train,364,17816,rast,sarki,devrihindi,gonlumun_ezhar,fehmi_tokay,26
buselik--sarki--curcuna--aman_cana--fehmi_tokay.npy,train,162,7995,buselik,sarki,curcuna,aman_cana,fehmi_tokay,4
acemkurdi--sarki--senginsemai--askin_ile--sadi_hosses.npy,train,317,18462,acemkurdi,sarki,senginsemai,askin_ile,sadi_hosses,1
hicaz--ninni--sofyan--dagda_tavsanlar--tanburi_cemil_bey.npy,train,140,6390,hicaz,ninni,sofyan,dagda_tavsanlar,tanburi_cemil_bey,8
hicaz--turku--sofyan--gokteki_yildizin--.npy,train,194,6104,hicaz,turku,sofyan,gokteki_yildizin,,8
hicazkar--sarki--aksak--bir_yar--k_hafiz_yasar.npy,train,373,9994,hicazkar,sarki,aksak,bir_yar,k_hafiz_yasar,11
ussak--sarki--aksak--gulzara_nazar--sevki_bey.npy,train,423,16130,ussak,sarki,aksak,gulzara_nazar,sevki_bey,37
karcigar--sarki--sofyan--yine_ey--santuri_ethem_efendi.npy,train,398,15255,karcigar,sarki,sofyan,yine_ey,santuri_ethem_efendi,16
muhayyer--sarki--sofyan--nicin_mahzun--haci_arif_bey.npy,train,419,11451,muhayyer,sarki,sofyan,nicin_mahzun,haci_arif_bey,20
hicaz--sarki--senginsemai--nesem_emelim--lemi_atli.npy,train,539,23718,hicaz,sarki,senginsemai,nesem_emelim,lemi_atli,8
tahir--turku--ciftesofyan--yayla_yollarinda--.npy,train,388,8437,tahir,turku,ciftesofyan,yayla_yollarinda,,36
segah--turku--kapali_curcuna--incecikten_bir--sadettin_kaynak.npy,train,337,17630,segah,turku,kapali_curcuna,incecikten_bir,sadettin_kaynak,29
beyati--sarki--senginsemai--bir_boyle--fehmi_tokay.npy,train,228,11995,beyati,sarki,senginsemai,bir_boyle,fehmi_tokay,3
kurdilihicazkar--sarki--duyek--gecmesin_gunumuz--alaeddin_yavasca.npy,train,640,27415,kurdilihicazkar,sarki,duyek,gecmesin_gunumuz,alaeddin_yavasca,18
acemasiran--seyir--sofyan--1--erol_bingol.npy,train,102,6380,acemasiran,seyir,sofyan,1,erol_bingol,0
segah--turku--aksak--yarim_istanbulu--kayseri.npy,train,456,18283,segah,turku,aksak,yarim_istanbulu,kayseri,29
tahir--sarki--duyek--gonul_vermisken--fehmi_tokay.npy,train,307,14912,tahir,sarki,duyek,gonul_vermisken,fehmi_tokay,36
mahur--sarki--senginsemai--hala_kanayan--yorgo_bacanos.npy,train,542,21851,mahur,sarki,senginsemai,hala_kanayan,yorgo_bacanos,19
nihavent--sarki--duyek--sen_benim--emin_ongan.npy,train,464,32990,nihavent,sarki,duyek,sen_benim,emin_ongan,23
rast--fantezi--duyek--haydi_biraz--omer_sami_gupgup.npy,train,356,21531,rast,fantezi,duyek,haydi_biraz,omer_sami_gupgup,26
kurdilihicazkar--sarki--agiraksak--bu_gonul--sari_onnik.npy,train,507,23413,kurdilihicazkar,sarki,agiraksak,bu_gonul,sari_onnik,18
hicaz--kosma--nimsofyan--yuru_dilber--ankara.npy,train,660,15753,hicaz,kosma,nimsofyan,yuru_dilber,ankara,8
saba--sarki--aksak--bir_esmere--tanburi_mustafa_cavus.npy,train,394,11985,saba,sarki,aksak,bir_esmere,tanburi_mustafa_cavus,27
buselik--fantezi--devrituran--bir_ak_duvak--fethi_karamahmutoglu.npy,train,194,6646,buselik,fantezi,devrituran,bir_ak_duvak,fethi_karamahmutoglu,4
nihavent--sarki--aydin--sozbirligi--muallim_ismail_hakki_bey.npy,train,209,11068,nihavent,sarki,aydin,sozbirligi,muallim_ismail_hakki_bey,23
kurdilihicazkar--aranagme--semai--1--.npy,train,69,2388,kurdilihicazkar,aranagme,semai,1,,18
rast--mars--sofyan--baska_bir--musa_sureyya_bey.npy,train,244,16488,rast,mars,sofyan,baska_bir,musa_sureyya_bey,26
buselik--agirsemai--aksaksemai--niyaz-i_nagme-i--comlekcizade_recep_celebi.npy,train,258,17717,buselik,agirsemai,aksaksemai,niyaz-i_nagme-i,comlekcizade_recep_celebi,4
ussak--sarki--kapali_curcuna--cana_rakibi--giriftzen_asim_bey.npy,train,331,16870,ussak,sarki,kapali_curcuna,cana_rakibi,giriftzen_asim_bey,37
hicaz--ornek_oz--devrihindi--1--ruhi_ayangil.npy,train,43,2790,hicaz,ornek_oz,devrihindi,1,ruhi_ayangil,8
nisaburek--sarki--aydin--meclise_gel--tanburi_mustafa_cavus.npy,train,312,12367,nisaburek,sarki,aydin,meclise_gel,tanburi_mustafa_cavus,25
segah--turku--azeriyuruksemai--ayli_gece--azeri.npy,train,492,13896,segah,turku,azeriyuruksemai,ayli_gece,azeri,29
saba--turku--sofyan--bir_dalda--istanbul.npy,train,650,14927,saba,turku,sofyan,bir_dalda,istanbul,27
hicaz--sazsemaisi--aksaksemai----muhittin_erev.npy,train,625,24043,hicaz,sazsemaisi,aksaksemai,,muhittin_erev,8
segah--sarki--murekkepnimsofyan--olursem_yaziktir--hayri_yenigun.npy,train,355,16793,segah,sarki,murekkepnimsofyan,olursem_yaziktir,hayri_yenigun,29
karcigar--ornek_oz--devrihindi--1--ruhi_ayangil.npy,train,39,3288,karcigar,ornek_oz,devrihindi,1,ruhi_ayangil,16
sedaraban--sarki--devrihindi--bade-i_vuslat--faize_ergin.npy,train,479,22627,sedaraban,sarki,devrihindi,bade-i_vuslat,faize_ergin,28
rast--ornek_oz--musemmen--1--ruhi_ayangil.npy,train,24,1588,rast,ornek_oz,musemmen,1,ruhi_ayangil,26
buselik--ilahi--sofyan--bizi_insan--cinucen_tanrikorur.npy,train,384,17997,buselik,ilahi,sofyan,bizi_insan,cinucen_tanrikorur,4
karcigar--sarki--ciftesofyan--kara_bulutlari--sadettin_kaynak.npy,train,402,17991,karcigar,sarki,ciftesofyan,kara_bulutlari,sadettin_kaynak,16
ferahfeza--yuruksemai--yuruksemai_ii--bu_gece--dede_efendi.npy,train,673,31942,ferahfeza,yuruksemai,yuruksemai_ii,bu_gece,dede_efendi,6
hicazkar--sarki--senginsemai--layik_mi--sekerci_cemil_bey.npy,train,521,19809,hicazkar,sarki,senginsemai,layik_mi,sekerci_cemil_bey,11
nihavent--sarki--duyek--istanbul_biricik--sadettin_kaynak.npy,train,359,17334,nihavent,sarki,duyek,istanbul_biricik,sadettin_kaynak,23
nihavent--sarki--aksak--gonlum_yine--seyh_ethem_efendi.npy,train,460,18640,nihavent,sarki,aksak,gonlum_yine,seyh_ethem_efendi,23
evic--sarki--aydin--kakulleri_lule--tanburi_mustafa_cavus.npy,train,476,14736,evic,sarki,aydin,kakulleri_lule,tanburi_mustafa_cavus,5
nihavent--turku--agir_aksaksemai--bir_ates_ver--.npy,train,373,14329,nihavent,turku,agir_aksaksemai,bir_ates_ver,,23
mahur--sazsemaisi--aksaksemai--bahar_1--goksel_baktagir.npy,train,829,28644,mahur,sazsemaisi,aksaksemai,bahar_1,goksel_baktagir,19
acemasiran--aranagme--yuruksemai--1--.npy,train,82,4792,acemasiran,aranagme,yuruksemai,1,,0
huseyni--sarki--aksak--bir_dilberdir--tanburi_mustafa_cavus.npy,train,182,11996,huseyni,sarki,aksak,bir_dilberdir,tanburi_mustafa_cavus,13
hicaz--sarki--curcuna--bahar_olsa--fahri_kopuz.npy,train,414,20195,hicaz,sarki,curcuna,bahar_olsa,fahri_kopuz,8
segah--sarki--kapali_curcuna--hasta_kalbimde--kaptanzade_ali_riza_bey.npy,train,370,21113,segah,sarki,kapali_curcuna,hasta_kalbimde,kaptanzade_ali_riza_bey,29
hicaz--rumeliturkusu--aksak--yine_de--rumeli.npy,train,371,9781,hicaz,rumeliturkusu,aksak,yine_de,rumeli,8
hicazkar--sarki--duyek--kulagimdan_gitmiyor--ozcan_korkut.npy,train,746,28919,hicazkar,sarki,duyek,kulagimdan_gitmiyor,ozcan_korkut,11
segah--turku--curcuna--havuz_basinin--erzincan.npy,train,264,13747,segah,turku,curcuna,havuz_basinin,erzincan,29
suzidil--sarki--ciftesofyan--gul_olsam--bimen_sen.npy,train,484,13088,suzidil,sarki,ciftesofyan,gul_olsam,bimen_sen,33
muhayyer--turku--curcuna--yar_yuregim--urfa.npy,train,466,13677,muhayyer,turku,curcuna,yar_yuregim,urfa,20
huzzam--sarki--aksak--yine_bir--serif_icli.npy,train,489,19357,huzzam,sarki,aksak,yine_bir,serif_icli,14
kurdilihicazkar--sarki--aksak--gun_dogmayacak--musa_sureyya_bey.npy,train,478,20693,kurdilihicazkar,sarki,aksak,gun_dogmayacak,musa_sureyya_bey,18
rast--sarki--duyek--her_telden--sakir_aga.npy,train,317,16011,rast,sarki,duyek,her_telden,sakir_aga,26
isfahan--sarki--devrihindi--dil-i_bicare--mahmud_celaleddin_pasa.npy,train,487,21544,isfahan,sarki,devrihindi,dil-i_bicare,mahmud_celaleddin_pasa,15
nisaburek--sarki--turkaksagi--bir_soz_dedi--munir_nurettin_selcuk.npy,train,611,27845,nisaburek,sarki,turkaksagi,bir_soz_dedi,munir_nurettin_selcuk,25
nihavent--sarki--yuruksemai_ii--sevdim_seni--tanburi_cemil_bey.npy,train,412,16500,nihavent,sarki,yuruksemai_ii,sevdim_seni,tanburi_cemil_bey,23
ussak--sarki--turkaksagi--hasret_dolu--serif_icli.npy,train,477,17845,ussak,sarki,turkaksagi,hasret_dolu,serif_icli,37
yegah--sarki--nimsofyan--edersen_de--sevki_bey.npy,train,301,6394,yegah,sarki,nimsofyan,edersen_de,sevki_bey,38
evic--sarki--agiraksak--bir_sebeple--kazasker_mustafa_izzet_efendi.npy,train,627,21013,evic,sarki,agiraksak,bir_sebeple,kazasker_mustafa_izzet_efendi,5
karcigar--seyir--devrihindi--1--erol_bingol.npy,train,71,3106,karcigar,seyir,devrihindi,1,erol_bingol,16
acemkurdi--seyir--senginsemai--1--erol_bingol.npy,train,51,4770,acemkurdi,seyir,senginsemai,1,erol_bingol,1
ussak--ornek_oz--sofyan--1--huseyin_sadettin_arel.npy,train,35,2668,ussak,ornek_oz,sofyan,1,huseyin_sadettin_arel,37
hicaz--kupe--duyek--gerci--ahmet_avni_konuk.npy,train,85,6743,hicaz,kupe,duyek,gerci,ahmet_avni_konuk,8
mahur--turku--sofyan--su_dere--.npy,train,368,10968,mahur,turku,sofyan,su_dere,,19
gerdaniye--turku--sofyan--benusene_gideyim--.npy,train,336,11172,gerdaniye,turku,sofyan,benusene_gideyim,,7
nihavent--fantezi--sofyan--mevsimlere_aldanirim--omer_sami_gupgup.npy,train,538,27997,nihavent,fantezi,sofyan,mevsimlere_aldanirim,omer_sami_gupgup,23
huseyni--sarki--duyek--bahcede_gordum--medeni_aziz_efendi.npy,train,99,3478,huseyni,sarki,duyek,bahcede_gordum,medeni_aziz_efendi,13
acemkurdi--aranagme--senginsemai--1--.npy,train,128,7377,acemkurdi,aranagme,senginsemai,1,,1
hicaz--turku--aksak--el_zanneder--urfa.npy,train,632,18935,hicaz,turku,aksak,el_zanneder,urfa,8
gerdaniye--turku--kapali_curcuna--sirali_daglarin--salih_turhan.npy,train,310,8725,gerdaniye,turku,kapali_curcuna,sirali_daglarin,salih_turhan,7
suzinak--seyir--sofyan--1--sefik_gurmeric.npy,train,83,4790,suzinak,seyir,sofyan,1,sefik_gurmeric,34
segah--sarki--duyek--o_gece--omer_sami_gupgup.npy,train,222,11997,segah,sarki,duyek,o_gece,omer_sami_gupgup,29
hicaz--turku--raksaksagi--arabaci--istanbul.npy,train,467,16324,hicaz,turku,raksaksagi,arabaci,istanbul,8
sultaniyegah--sarki--aksak--askin_karanlik--mustafa_sunar.npy,train,386,11669,sultaniyegah,sarki,aksak,askin_karanlik,mustafa_sunar,32
hicaz_uzzal--sarki--curcuna--ne_kustun--sekerci_cemil_bey.npy,train,443,21328,hicaz_uzzal,sarki,curcuna,ne_kustun,sekerci_cemil_bey,10
tahir--turku--bektasidevrirevani--asamadim_su--eskisehir.npy,train,320,12750,tahir,turku,bektasidevrirevani,asamadim_su,eskisehir,36
hisarbuselik--sarki--turkaksagi--bir_nevcivansin--rahmi_bey.npy,train,366,13338,hisarbuselik,sarki,turkaksagi,bir_nevcivansin,rahmi_bey,12
hicazkar--sarki--senginsemai--son_askimi--lemi_atli.npy,train,518,24015,hicazkar,sarki,senginsemai,son_askimi,lemi_atli,11
ussak--sarki--raksaksagi--gemim_gidiyor--sadettin_kaynak.npy,train,189,8223,ussak,sarki,raksaksagi,gemim_gidiyor,sadettin_kaynak,37
kurdilihicazkar--sazsemaisi--aksaksemai--sonbahar--coskun_acikgoz.npy,train,968,32775,kurdilihicazkar,sazsemaisi,aksaksemai,sonbahar,coskun_acikgoz,18
hicaz--beste--lenkfahte--baktikca_husn_u--suphi_ezgi.npy,train,399,19489,hicaz,beste,lenkfahte,baktikca_husn_u,suphi_ezgi,8
segah--sarki--aksak--seni_her--misirli_udi_ibrahim_efendi.npy,train,360,10796,segah,sarki,aksak,seni_her,misirli_udi_ibrahim_efendi,29
nisaburek--sarki--musemmen--gul_yuzun--vecihe_daryal.npy,train,309,14546,nisaburek,sarki,musemmen,gul_yuzun,vecihe_daryal,25
isfahan--sarki--agiraksak--sen_de_mi--udi_hasan.npy,train,491,19528,isfahan,sarki,agiraksak,sen_de_mi,udi_hasan,15
beyati--sarki--duyek--hayli_demdir--suphi_ziya_ozbekkan.npy,train,382,22550,beyati,sarki,duyek,hayli_demdir,suphi_ziya_ozbekkan,3
segah--sarki--yuruksemai_ii--kapat_gozlerini--mustafa_seyran.npy,train,450,22576,segah,sarki,yuruksemai_ii,kapat_gozlerini,mustafa_seyran,29
rast--sarki--duyek--bir_gonul--ferit_sidal.npy,train,445,18282,rast,sarki,duyek,bir_gonul,ferit_sidal,26
huzzam--sarki--aksak--sonbaharin_bizi--bekir_sitki_sezgin.npy,train,357,15835,huzzam,sarki,aksak,sonbaharin_bizi,bekir_sitki_sezgin,14
ussak--ornek_oz--senginsemai--1--ruhi_ayangil.npy,train,34,3186,ussak,ornek_oz,senginsemai,1,ruhi_ayangil,37
hicazkar--kocekce--devrihindi--ay_mi--muallim_ismail_hakki_bey.npy,train,297,13187,hicazkar,kocekce,devrihindi,ay_mi,muallim_ismail_hakki_bey,11
huseyni--turku--14_4--tutam_yar--erzurum.npy,train,180,11100,huseyni,turku,14_4,tutam_yar,erzurum,13
hicazkar--sarki--semai--sari_mimozamsin--alaeddin_yavasca.npy,train,331,17093,hicazkar,sarki,semai,sari_mimozamsin,alaeddin_yavasca,11
suzidil--aranagme--curcuna--1--.npy,train,138,5727,suzidil,aranagme,curcuna,1,,33
nisaburek--sarki--semai--aski_fisildar--neveser_kokdes.npy,train,357,16610,nisaburek,sarki,semai,aski_fisildar,neveser_kokdes,25
muhayyer--sarki--sofyan--bir_gun--ziya_taskent.npy,train,512,21809,muhayyer,sarki,sofyan,bir_gun,ziya_taskent,20
segah--seyir--sofyan--1--erol_bingol.npy,train,54,3190,segah,seyir,sofyan,1,erol_bingol,29
acemasiran--selam--mevlevievferi--sultan-i_meni--huseyin_fahreddin_dede.npy,train,204,10279,acemasiran,selam,mevlevievferi,sultan-i_meni,huseyin_fahreddin_dede,0
mahur--sarki--aksak--ver_saki--refik_fersan.npy,train,311,16813,mahur,sarki,aksak,ver_saki,refik_fersan,19
yegah--sarki--curcuna--ne_yapsam--haci_faik_bey.npy,train,386,18341,yegah,sarki,curcuna,ne_yapsam,haci_faik_bey,38
kurdilihicazkar--sarki--curcuna--bu_aksam--avni_anil.npy,train,433,20413,kurdilihicazkar,sarki,curcuna,bu_aksam,avni_anil,18
muhayyerkurdi--turku--aksak--cubugum_yok--.npy,train,534,17407,muhayyerkurdi,turku,aksak,cubugum_yok,,21
ussak--rumeliturkusu--nimsofyan--alisimin_kaslari--.npy,train,668,21747,ussak,rumeliturkusu,nimsofyan,alisimin_kaslari,,37
saba--ilahi--duyek--git_ey--munir_nurettin_selcuk.npy,train,376,19281,saba,ilahi,duyek,git_ey,munir_nurettin_selcuk,27
suzinak--sarki--aksak--beni_bigane-i--mehmet_cemil_bey.npy,train,409,18593,suzinak,sarki,aksak,beni_bigane-i,mehmet_cemil_bey,34
mahur--mars--nimhafif--vur_pence-i--munir_nurettin_selcuk.npy,train,461,23994,mahur,mars,nimhafif,vur_pence-i,munir_nurettin_selcuk,19
saba--seyir--sofyan--1--erol_bingol.npy,train,52,3190,saba,seyir,sofyan,1,erol_bingol,27
nihavent--sarki--turkaksagi--nerelerde_kaldin--sermuezzin_hakki_bey.npy,train,300,12026,nihavent,sarki,turkaksagi,nerelerde_kaldin,sermuezzin_hakki_bey,23
hicaz--turku--aksak--karanfil_oylum_oylum--.npy,train,306,10490,hicaz,turku,aksak,karanfil_oylum_oylum,,8
ussak--aranagme--duyek--1--.npy,train,60,2460,ussak,aranagme,duyek,1,,37
hicaz--sazsemaisi--aksaksemai----refik_talat_alpman.npy,train,850,33194,hicaz,sazsemaisi,aksaksemai,,refik_talat_alpman,8
karcigar--sarki--agiraksak--ah_efendim--hafiz_yusuf_efendi.npy,train,482,19576,karcigar,sarki,agiraksak,ah_efendim,hafiz_yusuf_efendi,16
hicaz--turku--nimsofyan--dane_dane--kirsehir.npy,train,367,10347,hicaz,turku,nimsofyan,dane_dane,kirsehir,8
suzinak--aranagme--aksak--1--.npy,train,104,2764,suzinak,aranagme,aksak,1,,34
saba--sarki--duyek--kinali_keklik--zeki_muren.npy,train,542,18279,saba,sarki,duyek,kinali_keklik,zeki_muren,27
hicazkar--kupe--devrirevanihindi--dun_gece--ahmet_avni_konuk.npy,train,111,6577,hicazkar,kupe,devrirevanihindi,dun_gece,ahmet_avni_konuk,11
acemasiran--pesrev--frenkcin----nuri_halil_poyraz.npy,train,618,34165,acemasiran,pesrev,frenkcin,,nuri_halil_poyraz,0
sehnaz--sarki--aksak--meclis_ara--tanburi_mustafa_cavus.npy,train,292,14231,sehnaz,sarki,aksak,meclis_ara,tanburi_mustafa_cavus,30
hicazkar--kocekce--aksak--gece_gunduz--muallim_ismail_hakki_bey.npy,train,329,11418,hicazkar,kocekce,aksak,gece_gunduz,muallim_ismail_hakki_bey,11
hicazkar--pesrev--berefsan----gazi_giray_han.npy,train,1203,65142,hicazkar,pesrev,berefsan,,gazi_giray_han,11
beyati--turku--kapali_curcuna--aksam_olur--urfa.npy,train,708,21119,beyati,turku,kapali_curcuna,aksam_olur,urfa,3
acemasiran--sarki--duyek--sim-ten_gonca--sakir_aga.npy,train,385,23195,acemasiran,sarki,duyek,sim-ten_gonca,sakir_aga,0
beyati--sarki--duyek--askn_fecri--sadettin_kaynak.npy,train,339,17516,beyati,sarki,duyek,askn_fecri,sadettin_kaynak,3
sehnaz--sarki--curcuna--beni_ateslere--zeki_arif_ataergin.npy,train,480,18556,sehnaz,sarki,curcuna,beni_ateslere,zeki_arif_ataergin,30
karcigar--guvende--nimdevir--edremit--.npy,train,350,17994,karcigar,guvende,nimdevir,edremit,,16
evic--kupe--agirevfer--ol_humapervaze--ahmet_avni_konuk.npy,train,105,5986,evic,kupe,agirevfer,ol_humapervaze,ahmet_avni_konuk,5
neva--pesrev--devrikebir----zeki_mehmet_aga.npy,train,415,28425,neva,pesrev,devrikebir,,zeki_mehmet_aga,22
huseyni--sarki--senginsemai--ah_ile--lavtaci_hristo.npy,train,387,17006,huseyni,sarki,senginsemai,ah_ile,lavtaci_hristo,13
acemasiran--sazsemaisi--aksaksemai----misirli_udi_ibrahim_efendi.npy,train,584,24750,acemasiran,sazsemaisi,aksaksemai,,misirli_udi_ibrahim_efendi,0
sultaniyegah--aranagme--turkaksagi--1--.npy,train,164,7988,sultaniyegah,aranagme,turkaksagi,1,,32
suzinak--ilahi--cifteduyek--yandi_bu--ali_riza_sengel.npy,train,356,10599,suzinak,ilahi,cifteduyek,yandi_bu,ali_riza_sengel,34
hicaz--sarki--duyek--aski_seninle--fehmi_tokay.npy,train,269,14545,hicaz,sarki,duyek,aski_seninle,fehmi_tokay,8
huseyni--mars--sofyan--ceddin_deden--kaptanzade_ali_riza_bey.npy,train,240,12260,huseyni,mars,sofyan,ceddin_deden,kaptanzade_ali_riza_bey,13
huzzam--sarki--duyek--pisman_olur_da--irfan_ozbakir.npy,train,567,20296,huzzam,sarki,duyek,pisman_olur_da,irfan_ozbakir,14
kurdilihicazkar--sarki--aksak--bunca_cevrinle--emin_ongan.npy,train,461,18828,kurdilihicazkar,sarki,aksak,bunca_cevrinle,emin_ongan,18
mahur--turku--sofyan--beyoglunda_gezersin--pirincci_riza_bey.npy,train,486,16002,mahur,turku,sofyan,beyoglunda_gezersin,pirincci_riza_bey,19
beyati--sarki--aksak--delisin_deli--selahattin_pinar.npy,train,429,15530,beyati,sarki,aksak,delisin_deli,selahattin_pinar,3
mahur--fantezi--semai--gelin_gibi--necdet_tokatlioglu.npy,train,402,23994,mahur,fantezi,semai,gelin_gibi,necdet_tokatlioglu,19
hicazkar--turku--tekvurus--gul_kuruttum--hatay.npy,train,450,18112,hicazkar,turku,tekvurus,gul_kuruttum,hatay,11
hicaz--sarki--evfer--mah_yuzune--dede_efendi.npy,train,672,19379,hicaz,sarki,evfer,mah_yuzune,dede_efendi,8
buselik--sarki--yuruksemai--suzis-i_sinem--haci_arif_bey.npy,train,440,17355,buselik,sarki,yuruksemai,suzis-i_sinem,haci_arif_bey,4
nisaburek--sarki--duyek--ayrilik_yari--selahaddin_pinar.npy,train,365,16001,nisaburek,sarki,duyek,ayrilik_yari,selahaddin_pinar,25
yegah--pesrev--devrikebir----rauf_yekta.npy,train,337,22005,yegah,pesrev,devrikebir,,rauf_yekta,38
hicaz--rumeliturkusu--sofyan--kirmizi_gulun--rumeli.npy,train,454,20299,hicaz,rumeliturkusu,sofyan,kirmizi_gulun,rumeli,8
tahir--turku--aksak--havuzun_basinda--cankiri.npy,train,248,5997,tahir,turku,aksak,havuzun_basinda,cankiri,36
ussak--sarki--aksak--bir_melek--haci_arif_bey.npy,train,385,15343,ussak,sarki,aksak,bir_melek,haci_arif_bey,37
tahir--sarki--aksak--ben_sana--dellalzade_haci_ismail_efendi.npy,train,380,15515,tahir,sarki,aksak,ben_sana,dellalzade_haci_ismail_efendi,36
sedaraban--sarki--agiraksak--ates-i_askinla--hasim_bey.npy,train,636,22369,sedaraban,sarki,agiraksak,ates-i_askinla,hasim_bey,28
huzzam--sarki--aksak--gonul_verdim--iii_selim.npy,train,492,16673,huzzam,sarki,aksak,gonul_verdim,iii_selim,14
muhayyerkurdi--sarki--duyek--var_mi_hacet--nikogos_aga.npy,train,574,22895,muhayyerkurdi,sarki,duyek,var_mi_hacet,nikogos_aga,21
acemasiran--nakis--yuruksemai--ne_hevayi--dede_efendi.npy,train,740,41377,acemasiran,nakis,yuruksemai,ne_hevayi,dede_efendi,0
rast--zeybek--agiraksak--kordon_zeybegi--.npy,train,750,23155,rast,zeybek,agiraksak,kordon_zeybegi,,26
mahur--sarki--semai--asika_bagdat--munir_nurettin_selcuk.npy,train,415,18654,mahur,sarki,semai,asika_bagdat,munir_nurettin_selcuk,19
gerdaniye--turku--kapali_curcuna--kirklar_daginin--diyarbakir.npy,train,428,14422,gerdaniye,turku,kapali_curcuna,kirklar_daginin,diyarbakir,7
hicazkar--sarki--aksak--severim_her--nefise_ozses.npy,train,444,17845,hicazkar,sarki,aksak,severim_her,nefise_ozses,11
saba--beste--devrikebir--gulistan-i_naks-i--zaharya.npy,train,312,14325,saba,beste,devrikebir,gulistan-i_naks-i,zaharya,27
hicaz--sarki--kapali_curcuna--anladim_sevmeyeceksin--selahattin_pinar.npy,train,506,17208,hicaz,sarki,kapali_curcuna,anladim_sevmeyeceksin,selahattin_pinar,8
karcigar--turku--turkaksagi--tanburamin_ince--sadettin_kaynak.npy,train,592,19498,karcigar,turku,turkaksagi,tanburamin_ince,sadettin_kaynak,16
acemkurdi--sarki--agiraksak--sevdi_gonlum--nikogos_aga.npy,train,539,24034,acemkurdi,sarki,agiraksak,sevdi_gonlum,nikogos_aga,1
hicaz--sarki--aksak--kis_geldi--sevki_bey.npy,train,477,17585,hicaz,sarki,aksak,kis_geldi,sevki_bey,8
karcigar--sarki--duyek--oh_guzel_kiz--sadettin_kaynak.npy,train,446,30845,karcigar,sarki,duyek,oh_guzel_kiz,sadettin_kaynak,16
nihavent--sarki--sofyan--korfezde_meltem--ismail_otenkaya.npy,train,404,23988,nihavent,sarki,sofyan,korfezde_meltem,ismail_otenkaya,23
hisarbuselik--aranagme--turkaksagi--1--.npy,train,82,3992,hisarbuselik,aranagme,turkaksagi,1,,12
saba--turku--azeriyuruksemai--kar_etmez--.npy,train,518,15234,saba,turku,azeriyuruksemai,kar_etmez,,27
sedaraban--agirsemai--aksaksemai--nedir_murad-i--sadullah_aga.npy,train,369,15521,sedaraban,agirsemai,aksaksemai,nedir_murad-i,sadullah_aga,28
gerdaniye--seyir--sofyan--1--sefik_gurmeric.npy,train,93,6390,gerdaniye,seyir,sofyan,1,sefik_gurmeric,7
hicaz_humayun--sarki--nimsofyan--kapildim_gidiyorum--kaptanzade_ali_riza_bey.npy,train,406,15155,hicaz_humayun,sarki,nimsofyan,kapildim_gidiyorum,kaptanzade_ali_riza_bey,9
hicaz_uzzal--sarki--musemmen--kamer_cehre--haci_arif_bey.npy,train,226,13720,hicaz_uzzal,sarki,musemmen,kamer_cehre,haci_arif_bey,10
mahur--sarki--aksak--bir_gonulde--mazhar_bey.npy,train,507,23876,mahur,sarki,aksak,bir_gonulde,mazhar_bey,19
hicaz--sarki--aksak--pencerenin_perdesini--muhlis_sabahaddin_ezgi.npy,train,354,19836,hicaz,sarki,aksak,pencerenin_perdesini,muhlis_sabahaddin_ezgi,8
nihavent--sarki--yuruksemai_ii--acildi_bahcede--rifat_bey.npy,train,290,15987,nihavent,sarki,yuruksemai_ii,acildi_bahcede,rifat_bey,23
mahur--sarki--nimsofyan--hadi_canim--selahattin_icli.npy,train,573,21331,mahur,sarki,nimsofyan,hadi_canim,selahattin_icli,19
hicazkar--sarki--agiraksak--seni_candan--nasibin_mehmet_yuru.npy,train,682,26747,hicazkar,sarki,agiraksak,seni_candan,nasibin_mehmet_yuru,11
hicaz--mandra--devrituran_ii----lavtaci_andon.npy,train,366,6804,hicaz,mandra,devrituran_ii,,lavtaci_andon,8
nikriz--pesrev--cenber----mumin_aga.npy,train,344,21843,nikriz,pesrev,cenber,,mumin_aga,24
acemasiran--sarki--agiraksak--bir_haber--bimen_sen.npy,train,556,23786,acemasiran,sarki,agiraksak,bir_haber,bimen_sen,0
huzzam--sarki--senginsemai--sen_sanki_baharin--musa_sureyya_bey.npy,train,437,16995,huzzam,sarki,senginsemai,sen_sanki_baharin,musa_sureyya_bey,14
hicaz--sarki--aksak--gormedim_omrumun--kadri_sencalar.npy,train,522,15828,hicaz,sarki,aksak,gormedim_omrumun,kadri_sencalar,8
acemkurdi--fantezi--semai--son_verelim--sekip_ayhan_ozisik.npy,train,256,17448,acemkurdi,fantezi,semai,son_verelim,sekip_ayhan_ozisik,1
rast--sarki--cengiharbi--bulan_ozunu--refik_fersan.npy,train,350,16149,rast,sarki,cengiharbi,bulan_ozunu,refik_fersan,26
acemasiran--sarki--aksak--dinle_sozum--iii_selim.npy,train,399,13824,acemasiran,sarki,aksak,dinle_sozum,iii_selim,0
mahur--salatuselam--sofyan--allahumme--.npy,train,117,6086,mahur,salatuselam,sofyan,allahumme,,19
segah--sarki--agiraksak--sun_da_icsin--bimen_sen.npy,train,554,24919,segah,sarki,agiraksak,sun_da_icsin,bimen_sen,29
hicaz--turku--turkaksagi--divane_asik--macka.npy,train,212,11421,hicaz,turku,turkaksagi,divane_asik,macka,8
sultaniyegah--sarki--agiraksak--guller_acmis--santuri_ethem_efendi.npy,train,470,23869,sultaniyegah,sarki,agiraksak,guller_acmis,santuri_ethem_efendi,32
huzzam--turku--aksak--yaniyor_mu--.npy,train,492,16791,huzzam,turku,aksak,yaniyor_mu,,14
hicaz--ornek_oz--yuruksemai--1--ruhi_ayangil.npy,train,43,1395,hicaz,ornek_oz,yuruksemai,1,ruhi_ayangil,8
saba--sazsemaisi--aksaksemai----zaharya.npy,train,392,15745,saba,sazsemaisi,aksaksemai,,zaharya,27
huzzam--sarki--duyek--omrunde_sarmadin--omer_sami_gupgup.npy,train,520,22662,huzzam,sarki,duyek,omrunde_sarmadin,omer_sami_gupgup,14
beyati--sarki--aksak--gonlum_geri--kasim_inaltekin.npy,train,316,14118,beyati,sarki,aksak,gonlum_geri,kasim_inaltekin,3
nikriz--sarki--aksak--sevdim_seni--sinan_sipahi.npy,train,462,18031,nikriz,sarki,aksak,sevdim_seni,sinan_sipahi,24
suzinak--aranagme--curcuna--1--.npy,train,98,5706,suzinak,aranagme,curcuna,1,,34
evic--aranagme--turkaksagi--1--.npy,train,82,4436,evic,aranagme,turkaksagi,1,,5
yegah--sarki--devrihindi--vadin_unutma--latif_aga.npy,train,523,24878,yegah,sarki,devrihindi,vadin_unutma,latif_aga,38
rast--sarki--musemmen--hab-gahi--giriftzen_asim_bey.npy,train,385,18907,rast,sarki,musemmen,hab-gahi,giriftzen_asim_bey,26
nihavent--agirsemai--aksaksemai--seni_hukm-u--muallim_ismail_hakki_bey.npy,train,486,22884,nihavent,agirsemai,aksaksemai,seni_hukm-u,muallim_ismail_hakki_bey,23
rast--sarki--sofyan--yarali_gonlumde--omer_sami_gupgup.npy,train,356,18707,rast,sarki,sofyan,yarali_gonlumde,omer_sami_gupgup,26
muhayyer--seyir--sofyan--1--sefik_gurmeric.npy,train,82,4793,muhayyer,seyir,sofyan,1,sefik_gurmeric,20
yegah--sarki--agiraksak--bais_oldu--bolahenk_nuri_bey.npy,train,484,17869,yegah,sarki,agiraksak,bais_oldu,bolahenk_nuri_bey,38
hicaz--sarki--duyek--ayrilik_canlari--omer_sami_gupgup.npy,train,382,18130,hicaz,sarki,duyek,ayrilik_canlari,omer_sami_gupgup,8
mahur--sarki--agiraksak--badeler_dondukce--selanikli_ahmed_bey.npy,train,563,23869,mahur,sarki,agiraksak,badeler_dondukce,selanikli_ahmed_bey,19
mahur--sarki--agiraksak--var_iken--tanburi_cemil_bey.npy,train,529,20874,mahur,sarki,agiraksak,var_iken,tanburi_cemil_bey,19
karcigar--sarki--curcuna--gul_acar--cevdet_cagla.npy,train,272,11867,karcigar,sarki,curcuna,gul_acar,cevdet_cagla,16
ussak--turku--aksak--findikli_bizim--.npy,train,394,13489,ussak,turku,aksak,findikli_bizim,,37
hicaz--aranagme--agiraksak--1--.npy,train,193,6532,hicaz,aranagme,agiraksak,1,,8
ussak--sarki--duyek--sevgi_dolu--bilge_ozgen.npy,train,533,26661,ussak,sarki,duyek,sevgi_dolu,bilge_ozgen,37
muhayyer--sarki--aksak--serapa_husn--rahmi_bey.npy,train,376,13494,muhayyer,sarki,aksak,serapa_husn,rahmi_bey,20
suzinak_zirgule--sarki--evfer--dil-i_mahzununu--tanburi_ali_efendi.npy,train,275,10010,suzinak_zirgule,sarki,evfer,dil-i_mahzununu,tanburi_ali_efendi,35
sedaraban--sarki--duyek--gozumden_gonlumden--dede_efendi.npy,train,334,12542,sedaraban,sarki,duyek,gozumden_gonlumden,dede_efendi,28
rast--karsilama--ciftesofyan--tekirdag_karsilamasi--.npy,train,197,5993,rast,karsilama,ciftesofyan,tekirdag_karsilamasi,,26
huseyni--sarki--musemmen--gecti_sevdalarla--sukru_tunar.npy,train,511,21464,huseyni,sarki,musemmen,gecti_sevdalarla,sukru_tunar,13
nihavent--sarki--curcuna--guzel_bir--osman_nihat_akin.npy,train,291,14997,nihavent,sarki,curcuna,guzel_bir,osman_nihat_akin,23
segah--sarki--aksak--gel_ey--tanburi_cemil_bey.npy,train,230,12592,segah,sarki,aksak,gel_ey,tanburi_cemil_bey,29
huseyni--ornek_oz--sofyan--2--ruhi_ayangil.npy,train,23,1590,huseyni,ornek_oz,sofyan,2,ruhi_ayangil,13
muhayyer--turku--kapali_curcuna--evlerinin_onu--elazig.npy,train,522,19988,muhayyer,turku,kapali_curcuna,evlerinin_onu,elazig,20
huseyni--turku--devrihindi--semsiyemin_ucu--trakya.npy,train,456,16329,huseyni,turku,devrihindi,semsiyemin_ucu,trakya,13
ussak--sarki--yuruksemai--askin_ile--enderuni_ali_bey.npy,train,223,11131,ussak,sarki,yuruksemai,askin_ile,enderuni_ali_bey,37
segah--ilahi--frenkcin--bu_ask--yenikoylu_hadi_bey.npy,train,208,9590,segah,ilahi,frenkcin,bu_ask,yenikoylu_hadi_bey,29
ussak--sarki--duyek--aksam_oldu_huzunlendim--semahat_ozdenses.npy,train,216,11590,ussak,sarki,duyek,aksam_oldu_huzunlendim,semahat_ozdenses,37
hicaz--yuruksemai--yuruksemai--yine_nese-i--dede_efendi.npy,train,710,40423,hicaz,yuruksemai,yuruksemai,yine_nese-i,dede_efendi,8
huzzam--seyir--duyek--1--erol_bingol.npy,train,59,3190,huzzam,seyir,duyek,1,erol_bingol,14
saba--sarki--devrihindi--nigah-i_mestine--haci_arif_bey.npy,train,394,15553,saba,sarki,devrihindi,nigah-i_mestine,haci_arif_bey,27
hicaz--pesrev--fahte----neyzen_salim_bey.npy,train,540,20009,hicaz,pesrev,fahte,,neyzen_salim_bey,8
rast--nakis--duyek--amed_nesim-i--abdulkadir_meragi.npy,train,594,16527,rast,nakis,duyek,amed_nesim-i,abdulkadir_meragi,26
gerdaniye--turku--sofyan--su_daglari--fahri_kayahan.npy,train,566,13760,gerdaniye,turku,sofyan,su_daglari,fahri_kayahan,7
saba--kupe--duyek--gayri--ahmet_avni_konuk.npy,train,96,6739,saba,kupe,duyek,gayri,ahmet_avni_konuk,27
hicaz--turku--aksak--ihtiyatlar_silah--.npy,train,353,13650,hicaz,turku,aksak,ihtiyatlar_silah,,8
acemasiran--sarki--agirduyek--kime_halim--faize_ergin.npy,train,438,20912,acemasiran,sarki,agirduyek,kime_halim,faize_ergin,0
huzzam--turku--sofyan--indim_havuz--istanbul.npy,train,628,19194,huzzam,turku,sofyan,indim_havuz,istanbul,14
sehnaz--sarki--agirevfer--merami_andelibin--kemani_riza_efendi.npy,train,339,17995,sehnaz,sarki,agirevfer,merami_andelibin,kemani_riza_efendi,30
sehnaz--pesrev--zencir----kemani_ali_aga.npy,train,865,36915,sehnaz,pesrev,zencir,,kemani_ali_aga,30
isfahan--sarki--devrihindi--ey_gaziler--iii_selim.npy,train,446,15395,isfahan,sarki,devrihindi,ey_gaziler,iii_selim,15
ferahfeza--sarki--yuruksemai_ii--dinlendi_basim--lemi_atli.npy,train,866,28595,ferahfeza,sarki,yuruksemai_ii,dinlendi_basim,lemi_atli,6
hicaz--turku--sofyan--sandalim_geliyor--.npy,train,334,12796,hicaz,turku,sofyan,sandalim_geliyor,,8
ussak--ilahi--duyek--allah_emrin--zekai_dede.npy,train,176,7371,ussak,ilahi,duyek,allah_emrin,zekai_dede,37
ferahfeza--yuruksemai--yuruksemai_ii--son_yuruksemai--zeki_mehmet_aga.npy,train,138,4439,ferahfeza,yuruksemai,yuruksemai_ii,son_yuruksemai,zeki_mehmet_aga,6
acemkurdi--sarki--duyek--baharla_hazan--avni_anil.npy,train,317,18338,acemkurdi,sarki,duyek,baharla_hazan,avni_anil,1
saba--seyir--sofyan--1--sefik_gurmeric.npy,train,79,4790,saba,seyir,sofyan,1,sefik_gurmeric,27
huzzam--turku--curcuna--hayatlari_degirmi--.npy,train,360,14313,huzzam,turku,curcuna,hayatlari_degirmi,,14
rast--turku--nimsofyan--sira_sira--.npy,train,274,8014,rast,turku,nimsofyan,sira_sira,,26
buselik--seyir--sofyan--1--erol_bingol.npy,train,43,3190,buselik,seyir,sofyan,1,erol_bingol,4
ussak--sarki--curcuna--derdimi_anlatirdim--tahsin_karakus.npy,train,400,18924,ussak,sarki,curcuna,derdimi_anlatirdim,tahsin_karakus,37
isfahan--sarki--musemmen--dusme_ey_asik--nikogos_aga.npy,train,178,7928,isfahan,sarki,musemmen,dusme_ey_asik,nikogos_aga,15
hicaz_humayun--sazsemaisi--aksaksemai----neyzen_yusuf_pasa.npy,train,869,27755,hicaz_humayun,sazsemaisi,aksaksemai,,neyzen_yusuf_pasa,9
muhayyerkurdi--fantezi--duyek--gunlerce_uykusuz--sinan_sipahi.npy,train,541,28232,muhayyerkurdi,fantezi,duyek,gunlerce_uykusuz,sinan_sipahi,21
hicaz_uzzal--sarki--turkaksagi--gel_nazli--udi_hrant.npy,train,474,17314,hicaz_uzzal,sarki,turkaksagi,gel_nazli,udi_hrant,10
huseyni--turku--devrituran--yagmur_yagar--.npy,train,368,14768,huseyni,turku,devrituran,yagmur_yagar,,13
sultaniyegah--sarki--curcuna--gozumde_hep--.npy,train,424,17750,sultaniyegah,sarki,curcuna,gozumde_hep,,32
mahur--sarki--duyek--olsa_da_hos--sadettin_kaynak.npy,train,358,14995,mahur,sarki,duyek,olsa_da_hos,sadettin_kaynak,19
evic--sarki--agiraksak--bir_goren--ali_icinger.npy,train,523,22766,evic,sarki,agiraksak,bir_goren,ali_icinger,5
rast--sarki--senginsemai--dil_bir--dede_efendi.npy,train,370,15270,rast,sarki,senginsemai,dil_bir,dede_efendi,26
hicaz--sarki--aksak--ben_gamli_hazan--melahat_pars.npy,train,340,17039,hicaz,sarki,aksak,ben_gamli_hazan,melahat_pars,8
yegah--seyir--semai--1--rauf_yekta.npy,train,64,4785,yegah,seyir,semai,1,rauf_yekta,38
huzzam--sarki--duyek--icimde_kim--yusuf_nalkesen.npy,train,438,17505,huzzam,sarki,duyek,icimde_kim,yusuf_nalkesen,14
gerdaniye--turku--turkaksagi--benden_selam--kastamonu.npy,train,436,12844,gerdaniye,turku,turkaksagi,benden_selam,kastamonu,7
sedaraban--seyir--semai--1--rauf_yekta.npy,train,72,4792,sedaraban,seyir,semai,1,rauf_yekta,28
acemasiran--sarki--curcuna--ates-i_askinla--emin_ongan.npy,train,388,14572,acemasiran,sarki,curcuna,ates-i_askinla,emin_ongan,0
hicaz--sarki--aksak--matemzedeyim--tanburi_cemil_bey.npy,train,407,14721,hicaz,sarki,aksak,matemzedeyim,tanburi_cemil_bey,8
nihavent--sarki--semai--gelin_kizlar--haci_faik_bey.npy,train,422,18650,nihavent,sarki,semai,gelin_kizlar,haci_faik_bey,23
hicaz_humayun--turku--sofyan--benim_gulum--kirsehir.npy,train,490,13587,hicaz_humayun,turku,sofyan,benim_gulum,kirsehir,9
evic--turku--aksak--ayagina_giymis--.npy,train,720,21135,evic,turku,aksak,ayagina_giymis,,5
beyati--seyir--sofyan--1--erol_bingol.npy,train,111,6390,beyati,seyir,sofyan,1,erol_bingol,3
ussak--sarki--devrihindi--gozlerin_hayran--serif_icli.npy,train,397,13851,ussak,sarki,devrihindi,gozlerin_hayran,serif_icli,37
evic--sarki--ciftesofyan--ey_suh-i--suyolcuzade_salih_efendi.npy,train,450,10549,evic,sarki,ciftesofyan,ey_suh-i,suyolcuzade_salih_efendi,5
buselik--turku--yuruksemai_ii--igdirin_al--igdir.npy,train,372,13436,buselik,turku,yuruksemai_ii,igdirin_al,igdir,4
hicazkar--etud--sofyan----ozer_ozel.npy,train,82,1767,hicazkar,etud,sofyan,,ozer_ozel,11
rast--sarki--aksak--reng-i_ruhsarina--erol_sayan.npy,train,535,19775,rast,sarki,aksak,reng-i_ruhsarina,erol_sayan,26
saba--turku--curcuna--yesil_yaprak--.npy,train,636,22934,saba,turku,curcuna,yesil_yaprak,,27
isfahan--pesrev--devrikebir----tanburi_cemil_bey.npy,train,363,17233,isfahan,pesrev,devrikebir,,tanburi_cemil_bey,15
suzinak--sarki--senginsemai--gunden_gune--hafiz_mehmet_esref_efendi.npy,train,509,20991,suzinak,sarki,senginsemai,gunden_gune,hafiz_mehmet_esref_efendi,34
mahur--sarki--curcuna--gucendim_ben--muhlis_sabahaddin_ezgi.npy,train,351,17995,mahur,sarki,curcuna,gucendim_ben,muhlis_sabahaddin_ezgi,19
muhayyer--zeybek--agiraksak--eskisehir--.npy,train,444,22146,muhayyer,zeybek,agiraksak,eskisehir,,20
mahur--sarki--curcuna--askinla_harab--emin_ongan.npy,train,298,14813,mahur,sarki,curcuna,askinla_harab,emin_ongan,19
yegah--sarki--aksak--du_cesmim--sevki_bey.npy,train,174,8092,yegah,sarki,aksak,du_cesmim,sevki_bey,38
ussak--sazsemaisi--aksaksemai----dede_salih_efendi.npy,train,786,28092,ussak,sazsemaisi,aksaksemai,,dede_salih_efendi,37
suzidil--pesrev--devrikebir----tanburi_ali_efendi.npy,train,603,28007,suzidil,pesrev,devrikebir,,tanburi_ali_efendi,33
hicazkar--agirsemai--aksaksemai--benim_servi--bolahenk_nuri_bey.npy,train,814,24382,hicazkar,agirsemai,aksaksemai,benim_servi,bolahenk_nuri_bey,11
segah--turku--aksak--beyaz_giyme--bolu.npy,train,240,9888,segah,turku,aksak,beyaz_giyme,bolu,29
sehnaz--seyir--devrihindi--1--erol_bingol.npy,train,77,5590,sehnaz,seyir,devrihindi,1,erol_bingol,30
sevkefza--sarki--curcuna--sebep_sensin--mustafa_nafiz_irmak.npy,train,656,35164,sevkefza,sarki,curcuna,sebep_sensin,mustafa_nafiz_irmak,31
rast--pesrev--cifteduyek----sirri_abdulbaki_dede.npy,train,690,31131,rast,pesrev,cifteduyek,,sirri_abdulbaki_dede,26
saba--mehter--hafif----zurnazen_dagi_ahmet_celebi.npy,train,288,14761,saba,mehter,hafif,,zurnazen_dagi_ahmet_celebi,27
mahur--pesrev--muhammes----tanburi_cemil_bey.npy,train,388,14758,mahur,pesrev,muhammes,,tanburi_cemil_bey,19
mahur--turku--aksak--setiremin_dugmeleri--istanbul.npy,train,618,20563,mahur,turku,aksak,setiremin_dugmeleri,istanbul,19
saba--ornek_oz--yuruksemai_ii--1--ruhi_ayangil.npy,train,47,3418,saba,ornek_oz,yuruksemai_ii,1,ruhi_ayangil,27
nisaburek--sarki--sofyan--kirdi_gecirdi--medeni_aziz_efendi.npy,train,404,13734,nisaburek,sarki,sofyan,kirdi_gecirdi,medeni_aziz_efendi,25
huseyni--ornek_oz--sofyan--1--ruhi_ayangil.npy,train,24,1590,huseyni,ornek_oz,sofyan,1,ruhi_ayangil,13
muhayyer--sarki--yuruksemai_ii--sevdicegim_asikini--dede_efendi.npy,train,278,13628,muhayyer,sarki,yuruksemai_ii,sevdicegim_asikini,dede_efendi,20
suzidil--aranagme--ciftesofyan--1--.npy,train,112,3997,suzidil,aranagme,ciftesofyan,1,,33
kurdilihicazkar--sarki--kapali_curcuna--sana_ey--rahmi_bey.npy,train,413,15924,kurdilihicazkar,sarki,kapali_curcuna,sana_ey,rahmi_bey,18
hicazkar--kocekce--aydin--yabandan_geldim--muallim_ismail_hakki_bey.npy,train,317,12373,hicazkar,kocekce,aydin,yabandan_geldim,muallim_ismail_hakki_bey,11
rast--sarki--curcuna--mey-i_lalinle--tatyos_efendi.npy,train,344,13968,rast,sarki,curcuna,mey-i_lalinle,tatyos_efendi,26
ussak--nefes--duyek--ben_melamet--.npy,train,436,20442,ussak,nefes,duyek,ben_melamet,,37
huzzam--sarki--agiraksak--ben_esir-i--udi_arsak_comlekciyan.npy,train,494,21782,huzzam,sarki,agiraksak,ben_esir-i,udi_arsak_comlekciyan,14
ussak--sazsemaisi--aksaksemai----kantemiroglu.npy,train,513,22992,ussak,sazsemaisi,aksaksemai,,kantemiroglu,37
rast--sarki--semai--askim_guzel--neveser_kokdes.npy,train,371,19643,rast,sarki,semai,askim_guzel,neveser_kokdes,26
huseyni--turku--kapali_curcuna--havada_bulut--.npy,train,460,19250,huseyni,turku,kapali_curcuna,havada_bulut,,13
huseyni--agirsemai--aksaksemai--talatin_devri--zaharya.npy,train,276,14993,huseyni,agirsemai,aksaksemai,talatin_devri,zaharya,13
kurdilihicazkar--sarki--yuruksemai_ii--ey_mutrib-i--rahmi_bey.npy,train,353,16509,kurdilihicazkar,sarki,yuruksemai_ii,ey_mutrib-i,rahmi_bey,18
huzzam--turku--nimsofyan--asker_oldum--.npy,train,237,6863,huzzam,turku,nimsofyan,asker_oldum,,14
segah--sarki--agir_aksaksemai--doldur_getir--kazasker_mustafa_izzet_efendi.npy,train,435,17994,segah,sarki,agir_aksaksemai,doldur_getir,kazasker_mustafa_izzet_efendi,29
huseyni--turku--curcuna--sinemde_bir--.npy,train,806,22827,huseyni,turku,curcuna,sinemde_bir,,13
ferahfeza--sarki--semai--bulbul-i_hos_neva--dede_efendi.npy,train,302,15266,ferahfeza,sarki,semai,bulbul-i_hos_neva,dede_efendi,6
hicazkar--kocekce--ciftesofyan--nicin_sevdim--muallim_ismail_hakki_bey.npy,train,501,23892,hicazkar,kocekce,ciftesofyan,nicin_sevdim,muallim_ismail_hakki_bey,11
saba--sarki--duyek--bu_aksam--safiye_ayla.npy,train,331,11533,saba,sarki,duyek,bu_aksam,safiye_ayla,27
nihavent--fantezi--nimsofyan--aksami_suzme--kaptanzade_ali_riza_bey.npy,train,361,14030,nihavent,fantezi,nimsofyan,aksami_suzme,kaptanzade_ali_riza_bey,23
mahur--beste--devrikebir--ta-be-key_sinemde--dilhayat_kalfa.npy,train,878,44047,mahur,beste,devrikebir,ta-be-key_sinemde,dilhayat_kalfa,19
mahur--sarki--sarkidevrirevani--ben_neler--zekai_dede.npy,train,316,17017,mahur,sarki,sarkidevrirevani,ben_neler,zekai_dede,19
beyati--agirsemai--aksaksemai--cikmaz_derun_u--tabi_mustafa_efendi.npy,train,446,21471,beyati,agirsemai,aksaksemai,cikmaz_derun_u,tabi_mustafa_efendi,3
karcigar--sazsemaisi--aksaksemai----resat_aysu.npy,train,1088,29261,karcigar,sazsemaisi,aksaksemai,,resat_aysu,16
hicazkar--aranagme--sofyan--1--.npy,train,80,2658,hicazkar,aranagme,sofyan,1,,11
ferahfeza--pesrev--devrikebir----dede_efendi.npy,train,246,12812,ferahfeza,pesrev,devrikebir,,dede_efendi,6
huzzam--sarki--curcuna--askinla_surunsem--selahaddin_pinar.npy,train,536,21742,huzzam,sarki,curcuna,askinla_surunsem,selahaddin_pinar,14
buselik--turku--semai--fikrimden_geceler--.npy,train,668,31315,buselik,turku,semai,fikrimden_geceler,,4
gerdaniye--turku--aksak--asagidan_gelen--bilecik.npy,train,318,9744,gerdaniye,turku,aksak,asagidan_gelen,bilecik,7
sultaniyegah--yuruksemai--yuruksemai--sadeyledi_can--dede_efendi.npy,train,554,29988,sultaniyegah,yuruksemai,yuruksemai,sadeyledi_can,dede_efendi,32
hicaz--rumeliturkusu--sofyan--gemi_kalkar--rumeli.npy,train,352,12300,hicaz,rumeliturkusu,sofyan,gemi_kalkar,rumeli,8
nihavent--sarki--sofyan--karsida_kandilli--amir_ates.npy,train,635,23997,nihavent,sarki,sofyan,karsida_kandilli,amir_ates,23
muhayyerkurdi--sarki--musemmen--ayrilik_var--selahattin_icli.npy,train,653,24206,muhayyerkurdi,sarki,musemmen,ayrilik_var,selahattin_icli,21
huseyni--turku--sofyan--ciktim_belen--mugla.npy,train,640,19560,huseyni,turku,sofyan,ciktim_belen,mugla,13
rast--pesrev--muhammes----tatyos_efendi.npy,train,1056,34130,rast,pesrev,muhammes,,tatyos_efendi,26
hicazkar--sarki--curcuna--senelerce--sabri_suha_ansen.npy,train,568,23988,hicazkar,sarki,curcuna,senelerce,sabri_suha_ansen,11
hicaz--beste--agirduyek--ey_cesm-i--dede_efendi.npy,train,762,37809,hicaz,beste,agirduyek,ey_cesm-i,dede_efendi,8
suzinak_zirgule--longa--nimsofyan----turhan_yalcin.npy,train,765,13331,suzinak_zirgule,longa,nimsofyan,,turhan_yalcin,35
buselik--sarki--evfer--bir_pur--iii_selim.npy,train,548,17254,buselik,sarki,evfer,bir_pur,iii_selim,4
hicaz--aranagme--curcuna--1--.npy,train,86,5328,hicaz,aranagme,curcuna,1,,8
rast--kanto--nimsofyan--darildin_mi--.npy,train,354,10140,rast,kanto,nimsofyan,darildin_mi,,26
evic--rumeliturkusu--aksak--atladim_bahcene--rumeli.npy,train,371,12849,evic,rumeliturkusu,aksak,atladim_bahcene,rumeli,5
huseyni--sarki--devrihindi--gormek_ister--tanburi_cemil_bey.npy,train,527,21006,huseyni,sarki,devrihindi,gormek_ister,tanburi_cemil_bey,13
hicaz--kocekce--aksak--baharin_zamani--dede_efendi.npy,train,566,15558,hicaz,kocekce,aksak,baharin_zamani,dede_efendi,8
ussak--turku--bulgardarbi--oklavayim_paziyim--.npy,train,172,11180,ussak,turku,bulgardarbi,oklavayim_paziyim,,37
sultaniyegah--seyir--semai--1--rauf_yekta.npy,train,69,4792,sultaniyegah,seyir,semai,1,rauf_yekta,32
rast--sarki--kapali_curcuna--hatirimdan_cikmaz--haci_arif_bey.npy,train,480,22495,rast,sarki,kapali_curcuna,hatirimdan_cikmaz,haci_arif_bey,26
rast--turku--nimsofyan--ibrisim_ormuyorlar--.npy,train,540,12241,rast,turku,nimsofyan,ibrisim_ormuyorlar,,26
nisaburek--sarki--turkaksagi--varsin_gonul--lemi_atli.npy,train,360,16322,nisaburek,sarki,turkaksagi,varsin_gonul,lemi_atli,25
hicaz--sarki--yuruksemai_ii--gittin_de--munir_nurettin_selcuk.npy,train,395,17278,hicaz,sarki,yuruksemai_ii,gittin_de,munir_nurettin_selcuk,8
huzzam--sarki--duyek--sacin_yuzume--teoman_alpay.npy,train,348,24729,huzzam,sarki,duyek,sacin_yuzume,teoman_alpay,14
beyati--sarki--evfer--bulunmaz_derdime--ama_hasadur.npy,train,123,4483,beyati,sarki,evfer,bulunmaz_derdime,ama_hasadur,3
beyati--sarki--curcuna--gel_nazli_gulum--alaeddin_yavasca.npy,train,503,25379,beyati,sarki,curcuna,gel_nazli_gulum,alaeddin_yavasca,3
karcigar--sarki--semai--vah_meyus-i--mahmud_celaleddin_pasa.npy,train,497,20733,karcigar,sarki,semai,vah_meyus-i,mahmud_celaleddin_pasa,16
nihavent--sarki--sofyan--gelmedin--ismail_gokce.npy,train,480,26995,nihavent,sarki,sofyan,gelmedin,ismail_gokce,23
beyati--sarki--turkaksagi--askinla_harab--serif_icli.npy,train,419,19900,beyati,sarki,turkaksagi,askinla_harab,serif_icli,3
hicazkar--sarki--duyek--gul_dalinda--neveser_kokdes.npy,train,622,21325,hicazkar,sarki,duyek,gul_dalinda,neveser_kokdes,11
tahir--seyir--sofyan--1--sefik_gurmeric.npy,train,77,4790,tahir,seyir,sofyan,1,sefik_gurmeric,36
huzzam--sarki--curcuna--kusade_taliim--sevki_bey.npy,train,379,15895,huzzam,sarki,curcuna,kusade_taliim,sevki_bey,14
segah--turku--oynak--entarine_pes--afyon-sandikli.npy,train,336,11450,segah,turku,oynak,entarine_pes,afyon-sandikli,29
sevkefza--sarki--ciftesofyan--gecip_de_karsima--ahmed_aga.npy,train,469,17374,sevkefza,sarki,ciftesofyan,gecip_de_karsima,ahmed_aga,31
gerdaniye--oyunhavasi--devrituran--bulut_gelir--.npy,train,306,9389,gerdaniye,oyunhavasi,devrituran,bulut_gelir,,7
buselik--kupe--agiraksak--buselikle_ol--ahmet_avni_konuk.npy,train,98,7185,buselik,kupe,agiraksak,buselikle_ol,ahmet_avni_konuk,4
hicazkar--sarki--agiraksak--bana_hem-dem--nikogos_aga.npy,train,301,15645,hicazkar,sarki,agiraksak,bana_hem-dem,nikogos_aga,11
ussak--turku--aksak--kizilciklar_oldu--edirne-kesan.npy,train,202,7286,ussak,turku,aksak,kizilciklar_oldu,edirne-kesan,37
huseyni--sarki--agiraksak--farig_olmam--yesari_asim_arsoy.npy,train,458,17860,huseyni,sarki,agiraksak,farig_olmam,yesari_asim_arsoy,13
sultaniyegah--sarki--agiraksak--yaradan_oyle--selanikli_ahmed_bey.npy,train,481,22914,sultaniyegah,sarki,agiraksak,yaradan_oyle,selanikli_ahmed_bey,32
bestenigar--sazsemaisi--aksaksemai----tanburi_cemil_bey.npy,train,548,18560,bestenigar,sazsemaisi,aksaksemai,,tanburi_cemil_bey,2
hicaz--sarki--sofyan--gul_acarken--nihal_erkutun.npy,train,344,9773,hicaz,sarki,sofyan,gul_acarken,nihal_erkutun,8
huzzam--pesrev--devrikebir----tanburi_buyuk_osman_bey.npy,train,766,29200,huzzam,pesrev,devrikebir,,tanburi_buyuk_osman_bey,14
evic--turku--sofyan--guvercin_ucuverdi--.npy,train,689,19673,evic,turku,sofyan,guvercin_ucuverdi,,5
kurdilihicazkar--etud--sofyan----ozer_ozel.npy,train,82,1767,kurdilihicazkar,etud,sofyan,,ozer_ozel,18
muhayyer--turku--raksaksagi_ii--su_gelir--burdur.npy,train,248,5835,muhayyer,turku,raksaksagi_ii,su_gelir,burdur,20
acemasiran--beste--zencir--hayatin_cumleye--dellalzade_haci_ismail_efendi.npy,train,603,27813,acemasiran,beste,zencir,hayatin_cumleye,dellalzade_haci_ismail_efendi,0
isfahan--pesrev--fahte----kanuni_sait_bey.npy,train,604,34895,isfahan,pesrev,fahte,,kanuni_sait_bey,15
segah--turku--ciftesofyan--bir_findigin--.npy,train,218,12001,segah,turku,ciftesofyan,bir_findigin,,29
suzinak_zirgule--seyir--sofyan--1--sefik_gurmeric.npy,train,82,4790,suzinak_zirgule,seyir,sofyan,1,sefik_gurmeric,35
hicaz_humayun--aranagme--duyek--1--.npy,train,65,5317,hicaz_humayun,aranagme,duyek,1,,9
huzzam--aranagme--agiraksak--1--.npy,train,184,6243,huzzam,aranagme,agiraksak,1,,14
muhayyerkurdi--turku--ciftesofyan--sendeki_kaslar--.npy,train,274,11235,muhayyerkurdi,turku,ciftesofyan,sendeki_kaslar,,21
hicaz--sarki--aksak--sazlar_calinir--yesari_asim_arsoy.npy,train,597,20245,hicaz,sarki,aksak,sazlar_calinir,yesari_asim_arsoy,8
kurdilihicazkar--sarki--aksak--nicin_terkeyleyip--haci_arif_bey.npy,train,537,29800,kurdilihicazkar,sarki,aksak,nicin_terkeyleyip,haci_arif_bey,18
beyati--turku--nimsofyan--gesi_baglarinda--kayseri.npy,train,454,17590,beyati,turku,nimsofyan,gesi_baglarinda,kayseri,3
kurdilihicazkar--sarki--agiraksak--ehl-i_askin--tatyos_efendi.npy,train,607,20869,kurdilihicazkar,sarki,agiraksak,ehl-i_askin,tatyos_efendi,18
nihavent--sarki--semai--benim_gonlum--nazmi_atlig.npy,train,412,20302,nihavent,sarki,semai,benim_gonlum,nazmi_atlig,23
muhayyer--turku--sofyan--cayir_ince--.npy,train,568,19194,muhayyer,turku,sofyan,cayir_ince,,20
huzzam--sarki--aksak--hicran_yine_hicran--serif_icli.npy,train,474,20045,huzzam,sarki,aksak,hicran_yine_hicran,serif_icli,14
kurdilihicazkar--sarki--duyek--arifem_ahkami--haci_arif_bey.npy,train,398,19574,kurdilihicazkar,sarki,duyek,arifem_ahkami,haci_arif_bey,18
mahur--kupe--devrirevanihindi--her_ne--ahmet_avni_konuk.npy,train,133,6584,mahur,kupe,devrirevanihindi,her_ne,ahmet_avni_konuk,19
hicazkar--pesrev--devrikebir----tanburi_buyuk_osman_bey.npy,train,277,9329,hicazkar,pesrev,devrikebir,,tanburi_buyuk_osman_bey,11
karcigar--turku--semai--ben_bir--urfa.npy,train,504,13255,karcigar,turku,semai,ben_bir,urfa,16
saba--pesrev--devrikebir----tanburi_buyuk_osman_bey.npy,train,670,34443,saba,pesrev,devrikebir,,tanburi_buyuk_osman_bey,27
rast--sarki--aksak--calima_bak--lavtaci_hristo.npy,train,786,29001,rast,sarki,aksak,calima_bak,lavtaci_hristo,26
ussak--agirsemai--agir_aksaksemai--padisah-i_isvesin--tahir_aga.npy,train,716,67090,ussak,agirsemai,agir_aksaksemai,padisah-i_isvesin,tahir_aga,37
muhayyer--sazsemaisi--aksaksemai----tanburi_cemil_bey.npy,train,814,22763,muhayyer,sazsemaisi,aksaksemai,,tanburi_cemil_bey,20
acemkurdi--sarki--sofyan--yar_pesinde--zeki_duygulu.npy,train,456,20277,acemkurdi,sarki,sofyan,yar_pesinde,zeki_duygulu,1
nihavent--sarki--duyek--seninle_bu--dursun_karaca.npy,train,324,23988,nihavent,sarki,duyek,seninle_bu,dursun_karaca,23
saba--sarki--senginsemai--neydin_guzelim--serif_icli.npy,train,512,19617,saba,sarki,senginsemai,neydin_guzelim,serif_icli,27
tahir--aranagme--duyek--1--.npy,train,138,5991,tahir,aranagme,duyek,1,,36
acemkurdi--turku--duyek--ankaranin_yollari--.npy,train,228,5596,acemkurdi,turku,duyek,ankaranin_yollari,,1
rast--mersiye--sofyan--ey_padiseh-i--rifat_bey.npy,train,232,9628,rast,mersiye,sofyan,ey_padiseh-i,rifat_bey,26
hicaz--sarki--kapali_curcuna--hancer-i_askinla--ekrem_guyer.npy,train,308,13889,hicaz,sarki,kapali_curcuna,hancer-i_askinla,ekrem_guyer,8
nisaburek--seyir--senginsemai--1--erol_bingol.npy,train,51,4770,nisaburek,seyir,senginsemai,1,erol_bingol,25
huzzam--sarki--aksak--ettigin_cevri--cinucen_tanrikorur.npy,train,385,16524,huzzam,sarki,aksak,ettigin_cevri,cinucen_tanrikorur,14
muhayyer--aranagme--curcuna--1--.npy,train,75,2662,muhayyer,aranagme,curcuna,1,,20
ussak--ilahi--sofyan--hak_taala--ali_ufki.npy,train,149,7286,ussak,ilahi,sofyan,hak_taala,ali_ufki,37
suzinak_zirgule--sarki--kapali_curcuna--ayri_dustum--yesari_asim_arsoy.npy,train,404,21441,suzinak_zirgule,sarki,kapali_curcuna,ayri_dustum,yesari_asim_arsoy,35
saba--ornek_oz--sofyan--1--ruhi_ayangil.npy,train,40,1769,saba,ornek_oz,sofyan,1,ruhi_ayangil,27
isfahan--kupe--duyek--ittifakan--ahmet_avni_konuk.npy,train,93,6726,isfahan,kupe,duyek,ittifakan,ahmet_avni_konuk,15
acemkurdi--agirsemai--agir_aksaksemai--dur_etme--osep_aga.npy,train,606,34596,acemkurdi,agirsemai,agir_aksaksemai,dur_etme,osep_aga,1
hicaz--sarki--nimsofyan--gonul_penceresinden--muzaffer_ilkar.npy,train,630,23991,hicaz,sarki,nimsofyan,gonul_penceresinden,muzaffer_ilkar,8
nihavent--sarki--aksak--ruya_mi--omer_dilek.npy,train,256,10853,nihavent,sarki,aksak,ruya_mi,omer_dilek,23
huzzam--sarki--curcuna--aksam_donusu--udi_marko_colakoglu.npy,train,581,26357,huzzam,sarki,curcuna,aksam_donusu,udi_marko_colakoglu,14
hicaz--sarki--duyek--artik_bu--alaeddin_yavasca.npy,train,700,30895,hicaz,sarki,duyek,artik_bu,alaeddin_yavasca,8
muhayyerkurdi--sarki--aksak--askinla_yana_yana--ismet_nedim.npy,train,669,17147,muhayyerkurdi,sarki,aksak,askinla_yana_yana,ismet_nedim,21
hicaz--sarki--semai--ey_mehlika--muallim_ismail_hakki_bey.npy,train,240,11508,hicaz,sarki,semai,ey_mehlika,muallim_ismail_hakki_bey,8
isfahan--beste--zencir--gel_ey--itri.npy,train,632,36037,isfahan,beste,zencir,gel_ey,itri,15
ussak--sarki--curcuna--bu_yaz--yesari_asim_arsoy.npy,train,294,15325,ussak,sarki,curcuna,bu_yaz,yesari_asim_arsoy,37
nihavent--mars--nimsofyan--ey_muhterem--mildan_niyazi_bey.npy,train,460,23100,nihavent,mars,nimsofyan,ey_muhterem,mildan_niyazi_bey,23
ussak--pesrev--hafif----kanposoglu_mehmet_celebi.npy,train,959,31996,ussak,pesrev,hafif,,kanposoglu_mehmet_celebi,37
rast--ornek_oz--devrihindi--1--ruhi_ayangil.npy,train,19,2317,rast,ornek_oz,devrihindi,1,ruhi_ayangil,26
saba--sarki--agirsenginsemai--sahilde_saba--mustafa_nafiz_irmak.npy,train,725,25045,saba,sarki,agirsenginsemai,sahilde_saba,mustafa_nafiz_irmak,27
mahur--sarki--agiraksak--gulsen-i_ezhar--basmaci_abdi_efendi.npy,train,472,17908,mahur,sarki,agiraksak,gulsen-i_ezhar,basmaci_abdi_efendi,19
evic--rumeliturkusu--aksak--elveda_dost--rumeli.npy,train,586,21716,evic,rumeliturkusu,aksak,elveda_dost,rumeli,5
nihavent--sarki--aksak--seni_tenhada--ismet_aga.npy,train,268,14240,nihavent,sarki,aksak,seni_tenhada,ismet_aga,23
suzidil--kupe--aksaksemai--yandi--ahmet_avni_konuk.npy,train,97,4697,suzidil,kupe,aksaksemai,yandi,ahmet_avni_konuk,33
saba--pesrev--nimsofyan--mevlana--kemani_hamza.npy,train,503,13919,saba,pesrev,nimsofyan,mevlana,kemani_hamza,27
nihavent--mars--sofyan--istiklal_marsi--zeki_ungor.npy,train,131,7414,nihavent,mars,sofyan,istiklal_marsi,zeki_ungor,23
nikriz--aranagme--evfer--1--.npy,train,102,3209,nikriz,aranagme,evfer,1,,24
suzinak_zirgule--turku--nimsofyan--yarim_gitti--istanbul.npy,train,442,9409,suzinak_zirgule,turku,nimsofyan,yarim_gitti,istanbul,35
evic--pesrev--devrikebir----tanburi_kucuk_osman_bey.npy,train,481,23993,evic,pesrev,devrikebir,,tanburi_kucuk_osman_bey,5
buselik--ornek_oz--duyek--1--ruhi_ayangil.npy,train,22,1988,buselik,ornek_oz,duyek,1,ruhi_ayangil,4
huseyni--beste--duyek--muheyya_oldu--rakim_elkutlu.npy,train,384,16545,huseyni,beste,duyek,muheyya_oldu,rakim_elkutlu,13
huseyni--turku--curcuna--dersim_dort--tunceli.npy,train,323,14662,huseyni,turku,curcuna,dersim_dort,tunceli,13
tahir--turku--devrihindi--yoru_bire--sarkisla.npy,train,664,32662,tahir,turku,devrihindi,yoru_bire,sarkisla,36
karcigar--sarki--duyek--boyun_ince--arif_sami_toker.npy,train,260,10837,karcigar,sarki,duyek,boyun_ince,arif_sami_toker,16
nihavent--sazsemaisi--aksaksemai----mesut_cemil.npy,train,1110,28510,nihavent,sazsemaisi,aksaksemai,,mesut_cemil,23
segah--seyir--sofyan--1--sefik_gurmeric.npy,train,93,5583,segah,seyir,sofyan,1,sefik_gurmeric,29
kurdilihicazkar--seyir--sofyan--1--erol_bingol.npy,train,59,3190,kurdilihicazkar,seyir,sofyan,1,erol_bingol,18
nihavent--sarki--semai--bir_nese--nuri_halil_poyraz.npy,train,475,20189,nihavent,sarki,semai,bir_nese,nuri_halil_poyraz,23
kurdilihicazkar--sarki--kapali_curcuna--hancer-i_ebrusu--asdik_aga.npy,train,319,18839,kurdilihicazkar,sarki,kapali_curcuna,hancer-i_ebrusu,asdik_aga,18
beyati--ilahi--duyek--kapisi_yok--.npy,train,252,8527,beyati,ilahi,duyek,kapisi_yok,,3
huzzam--sarki--aksak--sevdigin_dunyalar--munir_nurettin_selcuk.npy,train,325,16611,huzzam,sarki,aksak,sevdigin_dunyalar,munir_nurettin_selcuk,14
ussak--turku--sofyan--eledim_eledim--erzurum.npy,train,273,10655,ussak,turku,sofyan,eledim_eledim,erzurum,37
hicaz_uzzal--sarki--aksak--kurdu_meclis--haci_arif_bey.npy,train,402,16850,hicaz_uzzal,sarki,aksak,kurdu_meclis,haci_arif_bey,10
huseyni--turku--sofyan--keklik_daglarda--.npy,train,274,9740,huseyni,turku,sofyan,keklik_daglarda,,13
kurdilihicazkar--sarki--yuruksemai--sen_gozlerine--misirli_udi_ibrahim_efendi.npy,train,458,18450,kurdilihicazkar,sarki,yuruksemai,sen_gozlerine,misirli_udi_ibrahim_efendi,18
tahir--turku--nimsofyan--bagisla_sevdigim--kirsehir.npy,train,772,28604,tahir,turku,nimsofyan,bagisla_sevdigim,kirsehir,36
mahur--aranagme--nimsofyan--1--.npy,train,73,3196,mahur,aranagme,nimsofyan,1,,19
hicazkar--aranagme--curcuna--1--.npy,train,106,5662,hicazkar,aranagme,curcuna,1,,11
hicaz--turku--sofyan--suda_balik--kirsehir.npy,train,245,9380,hicaz,turku,sofyan,suda_balik,kirsehir,8
hicaz_uzzal--yuruksemai--yuruksemai--terk_eyledi--zaharya.npy,train,484,32460,hicaz_uzzal,yuruksemai,yuruksemai,terk_eyledi,zaharya,10
rast--turku--sofyan--su_dereler--orta_anadolu.npy,train,310,7106,rast,turku,sofyan,su_dereler,orta_anadolu,26
nihavent--sarki--agiraksak--ahter-i_duskun--haci_arif_bey.npy,train,500,17879,nihavent,sarki,agiraksak,ahter-i_duskun,haci_arif_bey,23
nisaburek--sarki--musemmen--bin_zeban--yusuf_ziya_pasa.npy,train,265,14114,nisaburek,sarki,musemmen,bin_zeban,yusuf_ziya_pasa,25
rast--sarki--duyek--hicran_olacaksa--ferit_sidal.npy,train,410,16605,rast,sarki,duyek,hicran_olacaksa,ferit_sidal,26
huseyni--ilahi--turkdarbi--ey_dil--ali_ufki.npy,train,80,6738,huseyni,ilahi,turkdarbi,ey_dil,ali_ufki,13
beyati--sarki--aksak--sebep_ne--markar_aga.npy,train,445,14443,beyati,sarki,aksak,sebep_ne,markar_aga,3
hisarbuselik--tavsanca--raksaksagi--dok_zulfunu--tanburi_mustafa_cavus.npy,train,404,13985,hisarbuselik,tavsanca,raksaksagi,dok_zulfunu,tanburi_mustafa_cavus,12
muhayyer--pesrev--ferimuhammes----kantemiroglu.npy,train,896,33329,muhayyer,pesrev,ferimuhammes,,kantemiroglu,20
muhayyer--sarki--aksak--iltimas_etmeye--haci_arif_bey.npy,train,384,12610,muhayyer,sarki,aksak,iltimas_etmeye,haci_arif_bey,20
sevkefza--seyir--turkaksagi--1--erol_bingol.npy,train,82,3992,sevkefza,seyir,turkaksagi,1,erol_bingol,31
kurdi--turku--nimsofyan--hastane_onunde--akdagmadeni.npy,train,487,16028,kurdi,turku,nimsofyan,hastane_onunde,akdagmadeni,17
sultaniyegah--sarki--curcuna--bu_gulzarin--santuri_ethem_efendi.npy,train,286,11619,sultaniyegah,sarki,curcuna,bu_gulzarin,santuri_ethem_efendi,32
gerdaniye--turku--aksak--cemilemin_gezdigi--.npy,train,574,11999,gerdaniye,turku,aksak,cemilemin_gezdigi,,7
suzidil--sarki--agiraksak--ulfetin_gecti--ismet_aga.npy,train,755,22146,suzidil,sarki,agiraksak,ulfetin_gecti,ismet_aga,33
nihavent--sarki--duyek--ayrilik_bukuverdi--arif_sami_toker.npy,train,952,54650,nihavent,sarki,duyek,ayrilik_bukuverdi,arif_sami_toker,23
muhayyer--turku--curcuna--kerpic_kerpic--diyarbakir.npy,train,294,18109,muhayyer,turku,curcuna,kerpic_kerpic,diyarbakir,20
segah--sarki--aksak--suyi_kagithanede--lavtaci_hristo.npy,train,428,17993,segah,sarki,aksak,suyi_kagithanede,lavtaci_hristo,29
acemasiran--sarki--devrihindi--ey_gul-i_rana--neveser_kokdes.npy,train,302,19222,acemasiran,sarki,devrihindi,ey_gul-i_rana,neveser_kokdes,0
nihavent--longa--nimsofyan----kevser_hanim.npy,train,448,8995,nihavent,longa,nimsofyan,,kevser_hanim,23
ussak--sarki--duyek--menekse_gozler--yesari_asim_arsoy.npy,train,566,17286,ussak,sarki,duyek,menekse_gozler,yesari_asim_arsoy,37
rast--ilahi--evsat--ya_rabbi--ali_ufki.npy,train,128,11544,rast,ilahi,evsat,ya_rabbi,ali_ufki,26
muhayyer--bozlak--serbest--havayi_da--asaf_guven.npy,train,91,5180,muhayyer,bozlak,serbest,havayi_da,asaf_guven,20
huzzam--sarki--duyek--birak_duygulari--omer_sami_gupgup.npy,train,322,15991,huzzam,sarki,duyek,birak_duygulari,omer_sami_gupgup,14
hicazkar--sarki--devrihindi--ey_verd-i--tahir_aga.npy,train,209,6942,hicazkar,sarki,devrihindi,ey_verd-i,tahir_aga,11
nikriz--turku--nimsofyan--sokak_basi--giresun.npy,train,518,11554,nikriz,turku,nimsofyan,sokak_basi,giresun,24
saba--sarki--agiraksak--sevdi_canim--komurcuzade_hafiz_mehmet_efendi.npy,train,358,16181,saba,sarki,agiraksak,sevdi_canim,komurcuzade_hafiz_mehmet_efendi,27
nihavent--seyir--semai--1--rauf_yekta.npy,train,65,4792,nihavent,seyir,semai,1,rauf_yekta,23
saba--sarki--aksak--beni_aska--tanburi_ali_efendi.npy,train,306,17721,saba,sarki,aksak,beni_aska,tanburi_ali_efendi,27
hicaz--sarki--evfer--bir_seni--selahattin_icli.npy,train,314,20250,hicaz,sarki,evfer,bir_seni,selahattin_icli,8
rast--ornek_oz--sofyan--1--huseyin_sadettin_arel.npy,train,29,3180,rast,ornek_oz,sofyan,1,huseyin_sadettin_arel,26
huseyni--ornek_oz--sofyan--3--ruhi_ayangil.npy,train,19,1590,huseyni,ornek_oz,sofyan,3,ruhi_ayangil,13
ussak--sarki--yuruksemai--affeyle_guhanim--enderuni_ali_bey.npy,train,484,21590,ussak,sarki,yuruksemai,affeyle_guhanim,enderuni_ali_bey,37
segah--turku--sofyan--oy_kemence--ordu.npy,train,238,5617,segah,turku,sofyan,oy_kemence,ordu,29
buselik--sarki--aksak--dil_sana--tanburi_isak.npy,train,394,11448,buselik,sarki,aksak,dil_sana,tanburi_isak,4
hicaz--turku--sofyan--cadir_alti--gaziantep.npy,train,252,10663,hicaz,turku,sofyan,cadir_alti,gaziantep,8
muhayyerkurdi--mars--semai--tuna_nehri--rumeli.npy,train,210,13026,muhayyerkurdi,mars,semai,tuna_nehri,rumeli,21
rast--turku--oynak--aman_aysem--.npy,train,148,7707,rast,turku,oynak,aman_aysem,,26
huzzam--sarki--curcuna--omrum_seni--yesari_asim_arsoy.npy,train,275,16919,huzzam,sarki,curcuna,omrum_seni,yesari_asim_arsoy,14
hisarbuselik--sarki--aksak--aman_ey--ii_mahmud.npy,train,598,17993,hisarbuselik,sarki,aksak,aman_ey,ii_mahmud,12
kurdi--ornek_oz--devrihindi--1--ruhi_ayangil.npy,train,23,1400,kurdi,ornek_oz,devrihindi,1,ruhi_ayangil,17
sehnaz--agirsemai--senginsemai--didem_yuzune--yahya_nazim_celebi.npy,train,481,15892,sehnaz,agirsemai,senginsemai,didem_yuzune,yahya_nazim_celebi,30
acemasiran--sazsemaisi--aksaksemai----gazi_giray_han.npy,train,583,24745,acemasiran,sazsemaisi,aksaksemai,,gazi_giray_han,0
hicazkar--sarki--kapali_curcuna--mestim_bu--lavtaci_ovrik.npy,train,270,14395,hicazkar,sarki,kapali_curcuna,mestim_bu,lavtaci_ovrik,11
muhayyer--turku--senginsemai--bulandi_gozler--urfa.npy,train,285,16238,muhayyer,turku,senginsemai,bulandi_gozler,urfa,20
hicazkar--pesrev--muhammes----tanburi_cemil_bey.npy,train,558,23991,hicazkar,pesrev,muhammes,,tanburi_cemil_bey,11
sehnaz--sarki--devrihindi--etmedin_bir_lahza--dellalzade_haci_ismail_efendi.npy,train,618,17531,sehnaz,sarki,devrihindi,etmedin_bir_lahza,dellalzade_haci_ismail_efendi,30
hicaz--sarki--semai--degdi_saclarima--bekirof.npy,train,374,15268,hicaz,sarki,semai,degdi_saclarima,bekirof,8
kurdilihicazkar--sarki--aydin--gozlerin_mavi--refik_fersan.npy,train,528,12854,kurdilihicazkar,sarki,aydin,gozlerin_mavi,refik_fersan,18
rast--sarki--semai--sevmek_seni--neveser_kokdes.npy,train,358,21566,rast,sarki,semai,sevmek_seni,neveser_kokdes,26
ussak--sarki--senginsemai--ey_suh-i_cefa--haci_arif_bey.npy,train,326,14978,ussak,sarki,senginsemai,ey_suh-i_cefa,haci_arif_bey,37
hisarbuselik--yuruksemai--yuruksemai--gonlum_hevesi--zekai_dede.npy,train,419,36356,hisarbuselik,yuruksemai,yuruksemai,gonlum_hevesi,zekai_dede,12
nihavent--sarki--senginsemai--bir_asik-i--afet_misirliyan.npy,train,339,18779,nihavent,sarki,senginsemai,bir_asik-i,afet_misirliyan,23
ussak--sarki--sofyan--bir_perikizi--.npy,train,236,12558,ussak,sarki,sofyan,bir_perikizi,,37
nikriz--turku--turkaksagi--sen_bu--trabzon.npy,train,416,8322,nikriz,turku,turkaksagi,sen_bu,trabzon,24
rast--pesrev--devrikebir----giriftzen_asim_bey.npy,train,669,28861,rast,pesrev,devrikebir,,giriftzen_asim_bey,26
kurdilihicazkar--sarki--turkaksagi--soylendi_bugun--mediha_sen_sancakoglu.npy,train,417,19828,kurdilihicazkar,sarki,turkaksagi,soylendi_bugun,mediha_sen_sancakoglu,18
nikriz--fantezi--yuruksemai_ii--uzaga_gitme--bilge_ozgen.npy,train,507,20807,nikriz,fantezi,yuruksemai_ii,uzaga_gitme,bilge_ozgen,24
rast--sarki--curcuna--asik_oldur--haci_arif_bey.npy,train,325,17634,rast,sarki,curcuna,asik_oldur,haci_arif_bey,26
huseyni--etud--sofyan----hasan_esen.npy,train,112,9580,huseyni,etud,sofyan,,hasan_esen,13
hicaz--sarki--turkaksagi--solsan_da_sararsan--misirli_udi_ibrahim_efendi.npy,train,452,18460,hicaz,sarki,turkaksagi,solsan_da_sararsan,misirli_udi_ibrahim_efendi,8
nihavent--sarki--duyek--bulbul_asikmis--zeki_muren.npy,train,420,27130,nihavent,sarki,duyek,bulbul_asikmis,zeki_muren,23
kurdilihicazkar--sazsemaisi--aksaksemai----tatyos_efendi.npy,train,700,24998,kurdilihicazkar,sazsemaisi,aksaksemai,,tatyos_efendi,18
nihavent--pesrev--devrikebir----kanuni_mehmed_bey.npy,train,522,25866,nihavent,pesrev,devrikebir,,kanuni_mehmed_bey,23
hicaz--sarki--senginsemai--hep_saye-i--tanburi_cemil_bey.npy,train,482,19264,hicaz,sarki,senginsemai,hep_saye-i,tanburi_cemil_bey,8
acemkurdi--nefes--bektasiraksani--sah_merdanin--.npy,train,264,13339,acemkurdi,nefes,bektasiraksani,sah_merdanin,,1
sehnaz--sarki--aksak--denizin_dalgasini--semseddin_ziya_bey.npy,train,555,14021,sehnaz,sarki,aksak,denizin_dalgasini,semseddin_ziya_bey,30
mahur--sarki--aksak--yeniden_eski--ismail_baha_surelsan.npy,train,399,15416,mahur,sarki,aksak,yeniden_eski,ismail_baha_surelsan,19
muhayyer--sarki--aksak--her_halinle--erol_sayan.npy,train,712,25867,muhayyer,sarki,aksak,her_halinle,erol_sayan,20
huzzam--sazsemaisi--aksaksemai----gazi_giray_han.npy,train,1007,52474,huzzam,sazsemaisi,aksaksemai,,gazi_giray_han,14
gerdaniye--turku--kapali_curcuna--daglar_basi--kerkuk.npy,train,566,11993,gerdaniye,turku,kapali_curcuna,daglar_basi,kerkuk,7
muhayyer--sarki--senginsemai--pur-lerze--tanburi_cemil_bey.npy,train,363,16752,muhayyer,sarki,senginsemai,pur-lerze,tanburi_cemil_bey,20
tahir--kupe--duyek--al_al--ahmet_avni_konuk.npy,train,83,6733,tahir,kupe,duyek,al_al,ahmet_avni_konuk,36
acemkurdi--sarki--aksak--altin_tasta--nimet_hanim.npy,train,506,14819,acemkurdi,sarki,aksak,altin_tasta,nimet_hanim,1
suzinak_zirgule--sarki--duyek--aylardir_gul--erol_sayan.npy,train,328,10409,suzinak_zirgule,sarki,duyek,aylardir_gul,erol_sayan,35
hicaz_humayun--sarki--aksak--beni_canimdan--muzaffer_ilkar.npy,train,452,17954,hicaz_humayun,sarki,aksak,beni_canimdan,muzaffer_ilkar,9
evic--seyir--sofyan--1--sefik_gurmeric.npy,train,77,4790,evic,seyir,sofyan,1,sefik_gurmeric,5
muhayyer--sarki--duyek--cile_bulbulum--sadettin_kaynak.npy,train,462,14218,muhayyer,sarki,duyek,cile_bulbulum,sadettin_kaynak,20
rast--sarki--duyek--gorsem_seni--dede_efendi.npy,train,345,15945,rast,sarki,duyek,gorsem_seni,dede_efendi,26
huzzam--sarki--turkaksagi--baglandi_gonul--selanikli_ahmed_bey.npy,train,471,19828,huzzam,sarki,turkaksagi,baglandi_gonul,selanikli_ahmed_bey,14
hicaz--sarki--aksaksemai--sezdim_dargin--rifat_ayaydin.npy,train,610,26303,hicaz,sarki,aksaksemai,sezdim_dargin,rifat_ayaydin,8
beyati--sarki--aksak--karsidan_yar--dede_efendi.npy,train,387,15540,beyati,sarki,aksak,karsidan_yar,dede_efendi,3
hicaz--sarki--agir_aksaksemai--hasret_odu--tanburi_ali_efendi.npy,train,397,17767,hicaz,sarki,agir_aksaksemai,hasret_odu,tanburi_ali_efendi,8
segah--turku--curcuna--cayda_cira--elazig.npy,train,316,12065,segah,turku,curcuna,cayda_cira,elazig,29
hicaz--sarki--duyek--sensizligi_ben--zekai_tunca.npy,train,544,24886,hicaz,sarki,duyek,sensizligi_ben,zekai_tunca,8
segah--ilahi--duyek--ey_acep--seyh_huseyin_halis_efendi.npy,train,331,18493,segah,ilahi,duyek,ey_acep,seyh_huseyin_halis_efendi,29
saba--beste--muhammes--bir_nim-nigah--efrasiyaboglu_ali_pasa.npy,train,567,33295,saba,beste,muhammes,bir_nim-nigah,efrasiyaboglu_ali_pasa,27
acemkurdi--sarki--aksak--kir_atima--nasibin_mehmet_yuru.npy,train,498,16269,acemkurdi,sarki,aksak,kir_atima,nasibin_mehmet_yuru,1
rast--sarki--sofyan--acilan_bir--dramali_hasan_hasguler.npy,train,472,18818,rast,sarki,sofyan,acilan_bir,dramali_hasan_hasguler,26
huseyni--turku--aksak--yanik_omer--sadettin_kaynak.npy,train,401,19511,huseyni,turku,aksak,yanik_omer,sadettin_kaynak,13
mahur--sarki--duyek--ay_dogar--sadettin_kaynak.npy,train,588,39185,mahur,sarki,duyek,ay_dogar,sadettin_kaynak,19
kurdilihicazkar--sarki--evfer--karsiyakada--lavtaci_hristo.npy,train,516,11694,kurdilihicazkar,sarki,evfer,karsiyakada,lavtaci_hristo,18
kurdilihicazkar--sarki--musemmen--iftirakindir_sebep--haci_arif_bey.npy,train,259,12657,kurdilihicazkar,sarki,musemmen,iftirakindir_sebep,haci_arif_bey,18
tahir--turku--musemmen_ii--alli_durnam--kirikkale-keskin.npy,train,630,27425,tahir,turku,musemmen_ii,alli_durnam,kirikkale-keskin,36
rast--sarki--aksak--aski_huznumle--mildan_niyazi_bey.npy,train,264,18167,rast,sarki,aksak,aski_huznumle,mildan_niyazi_bey,26
muhayyerkurdi--turku--aksak--bulbulum_altin--.npy,train,657,20146,muhayyerkurdi,turku,aksak,bulbulum_altin,,21
neva--turku--sofyan--canakkale_icinde--.npy,train,302,14438,neva,turku,sofyan,canakkale_icinde,,22
evic--seyir--devrihindi--1--erol_bingol.npy,train,76,2795,evic,seyir,devrihindi,1,erol_bingol,5
nihavent--pesrev--devrikebir----tanburi_buyuk_osman_bey.npy,train,922,37317,nihavent,pesrev,devrikebir,,tanburi_buyuk_osman_bey,23
hicaz--sarki--agiraksak--bir_nigah--sekerci_cemil_bey.npy,train,452,17779,hicaz,sarki,agiraksak,bir_nigah,sekerci_cemil_bey,8
nisaburek--pesrev--muhammes----tanburi_buyuk_osman_bey.npy,train,661,39368,nisaburek,pesrev,muhammes,,tanburi_buyuk_osman_bey,25
kurdilihicazkar--sarki--curcuna--ey_benim--muhlis_sabahaddin_ezgi.npy,train,289,14871,kurdilihicazkar,sarki,curcuna,ey_benim,muhlis_sabahaddin_ezgi,18
ferahfeza--seyir--sofyan--1--erol_bingol.npy,train,97,6390,ferahfeza,seyir,sofyan,1,erol_bingol,6
mahur--sarki--aksak--iki_gozum--kemal_emin_bara.npy,train,388,14026,mahur,sarki,aksak,iki_gozum,kemal_emin_bara,19
beyati--sarki--duyek--gonul_telim--erdinc_celikkol.npy,train,290,18280,beyati,sarki,duyek,gonul_telim,erdinc_celikkol,3
rast--sarki--sofyan--bir_acaib--civan_aga.npy,train,387,16037,rast,sarki,sofyan,bir_acaib,civan_aga,26
mahur--sarki--aksak--sana_layik_mi--dede_efendi.npy,train,854,24539,mahur,sarki,aksak,sana_layik_mi,dede_efendi,19
sehnaz--kupe--duyek--lutfedip--ahmet_avni_konuk.npy,train,88,6730,sehnaz,kupe,duyek,lutfedip,ahmet_avni_konuk,30
acemkurdi--sarki--aksak--hatay--cevdet_cagla.npy,train,385,17112,acemkurdi,sarki,aksak,hatay,cevdet_cagla,1
saba--nakis--yuruksemai--cefaya_ey--kara_ismail_aga.npy,train,573,26238,saba,nakis,yuruksemai,cefaya_ey,kara_ismail_aga,27
ussak--turku--sofyan--sigaramin_dumani--.npy,train,228,7646,ussak,turku,sofyan,sigaramin_dumani,,37
suzidil--beste--fer--hiraman_ol--abdulhalim_aga.npy,train,639,37082,suzidil,beste,fer,hiraman_ol,abdulhalim_aga,33
hicaz--sarki--aksak--dil_yaresini--sevki_bey.npy,train,494,19857,hicaz,sarki,aksak,dil_yaresini,sevki_bey,8
huseyni--sarki--curcuna--bak_su--danbeni_riza_bey.npy,train,223,11867,huseyni,sarki,curcuna,bak_su,danbeni_riza_bey,13
ussak--sarki--musemmen--gelmedin_bir--fehmi_tokay.npy,train,275,14491,ussak,sarki,musemmen,gelmedin_bir,fehmi_tokay,37
acemasiran--sarki--senginsemai--canan_okuyor--ali_riza_avni_tinaz.npy,train,488,21707,acemasiran,sarki,senginsemai,canan_okuyor,ali_riza_avni_tinaz,0
nihavent--sarki--sofyan--kandilli_yuzerken--munir_nurettin_selcuk.npy,train,291,21600,nihavent,sarki,sofyan,kandilli_yuzerken,munir_nurettin_selcuk,23
segah--sarki--aksak--yine_hicran_ile--melahat_pars.npy,train,405,21818,segah,sarki,aksak,yine_hicran_ile,melahat_pars,29
hicazkar--sazsemaisi--aksaksemai----gazi_giray_han.npy,train,513,26918,hicazkar,sazsemaisi,aksaksemai,,gazi_giray_han,11
muhayyer--kupe--duyek--nideyim--ahmet_avni_konuk.npy,train,89,6733,muhayyer,kupe,duyek,nideyim,ahmet_avni_konuk,20
hicaz_humayun--sarki--evsat--nicin_a--nikogos_aga.npy,train,632,23050,hicaz_humayun,sarki,evsat,nicin_a,nikogos_aga,9
mahur--zeybek--aydin--kirpigine_surme--refik_fersan.npy,train,682,29678,mahur,zeybek,aydin,kirpigine_surme,refik_fersan,19
karcigar--sarki--curcuna--gorunce_ben--selanikli_ahmed_bey.npy,train,453,17879,karcigar,sarki,curcuna,gorunce_ben,selanikli_ahmed_bey,16
sevkefza--sazsemaisi--aksaksemai----said_dede.npy,train,502,21953,sevkefza,sazsemaisi,aksaksemai,,said_dede,31
muhayyer--ilahi--duyek--toprakta_yatacak--dede_efendi.npy,train,262,16195,muhayyer,ilahi,duyek,toprakta_yatacak,dede_efendi,20
sehnaz--sarki--senginsemai--feryad_ki--tanburi_cemil_bey.npy,train,474,20175,sehnaz,sarki,senginsemai,feryad_ki,tanburi_cemil_bey,30
kurdi--ornek_oz--sofyan--1--huseyin_sadettin_arel.npy,train,20,1286,kurdi,ornek_oz,sofyan,1,huseyin_sadettin_arel,17
acemasiran--kupe--aksaksemai--bir--ahmet_avni_konuk.npy,train,90,4641,acemasiran,kupe,aksaksemai,bir,ahmet_avni_konuk,0
hicaz--kalenderi--aksak--ebrulerinin_zahmi--ii_mahmud.npy,train,544,16121,hicaz,kalenderi,aksak,ebrulerinin_zahmi,ii_mahmud,8
ussak--yuruksemai--yuruksemai--omrun_su--suleyman_erguner.npy,train,558,23995,ussak,yuruksemai,yuruksemai,omrun_su,suleyman_erguner,37
sehnaz--yuruksemai--yuruksemai--dem-i_visali--kara_ismail_aga.npy,train,520,21331,sehnaz,yuruksemai,yuruksemai,dem-i_visali,kara_ismail_aga,30
hicaz--kupe--duyek--gerci-2--ahmet_avni_konuk.npy,train,83,6733,hicaz,kupe,duyek,gerci-2,ahmet_avni_konuk,8
segah--sarki--duyek--issiz_gecelerin--omer_sami_gupgup.npy,train,244,12264,segah,sarki,duyek,issiz_gecelerin,omer_sami_gupgup,29
nikriz--agirsemai--aksaksemai--benim_curmum--akin_ozkan.npy,train,665,26658,nikriz,agirsemai,aksaksemai,benim_curmum,akin_ozkan,24
hicaz_humayun--sarki--agiraksak--pek_cefacusun--kemani_riza_efendi.npy,train,438,19502,hicaz_humayun,sarki,agiraksak,pek_cefacusun,kemani_riza_efendi,9
acemasiran--sarki--aksak--acildi_nevbahar--sadullah_aga.npy,train,370,21588,acemasiran,sarki,aksak,acildi_nevbahar,sadullah_aga,0
ussak--seyir--sofyan--1--erol_bingol.npy,train,53,2658,ussak,seyir,sofyan,1,erol_bingol,37
hisarbuselik--sarki--aksak--yandim_deminden--denizoglu_ali_bey.npy,train,768,18026,hisarbuselik,sarki,aksak,yandim_deminden,denizoglu_ali_bey,12
isfahan--sarki--murekkepsofyan--canda_hasiyyet--haci_arif_bey.npy,train,443,17325,isfahan,sarki,murekkepsofyan,canda_hasiyyet,haci_arif_bey,15
rast--sarki--curcuna--aglasam_her--gulbenkyan.npy,train,469,19407,rast,sarki,curcuna,aglasam_her,gulbenkyan,26
nihavent--fantezi--duyek--ufacik_tefeciktin--sekip_ayhan_ozisik.npy,train,429,27738,nihavent,fantezi,duyek,ufacik_tefeciktin,sekip_ayhan_ozisik,23
buselik--aranagme--duyek--1--.npy,train,104,3774,buselik,aranagme,duyek,1,,4
nihavent--sarki--agiraksak--ey_nihal-i--udi_arsak_comlekciyan.npy,train,407,19494,nihavent,sarki,agiraksak,ey_nihal-i,udi_arsak_comlekciyan,23
kurdilihicazkar--sarki--turkaksagi--ay_dalgalanirken--artaki_candan.npy,train,449,14822,kurdilihicazkar,sarki,turkaksagi,ay_dalgalanirken,artaki_candan,18
yegah--agirsemai--aksaksemai--piyale_elde--dellalzade_haci_ismail_efendi.npy,train,548,25270,yegah,agirsemai,aksaksemai,piyale_elde,dellalzade_haci_ismail_efendi,38
evic--sazsemaisi--aksaksemai----sedat_oztoprak.npy,train,677,26281,evic,sazsemaisi,aksaksemai,,sedat_oztoprak,5
hicaz--turku--turkaksagi--carsambayi_sel--.npy,train,211,8703,hicaz,turku,turkaksagi,carsambayi_sel,,8
neva--sazsemaisi--aksaksemai----yusuf_ziya_pasa.npy,train,526,22532,neva,sazsemaisi,aksaksemai,,yusuf_ziya_pasa,22
hicaz_uzzal--seyir--senginsemai--1--erol_bingol.npy,train,50,4355,hicaz_uzzal,seyir,senginsemai,1,erol_bingol,10
kurdilihicazkar--pesrev--agirduyek----vasilaki.npy,train,763,26570,kurdilihicazkar,pesrev,agirduyek,,vasilaki,18
sultaniyegah--aranagme--nimsofyan--1--.npy,train,78,4260,sultaniyegah,aranagme,nimsofyan,1,,32
ferahfeza--pesrev--muhammes----tanburi_cemil_bey.npy,train,652,31975,ferahfeza,pesrev,muhammes,,tanburi_cemil_bey,6
beyati--ilahi--durakevferi--bulbul-i_surideyim--nalizade_ibrahim_efendi.npy,train,350,21848,beyati,ilahi,durakevferi,bulbul-i_surideyim,nalizade_ibrahim_efendi,3
nihavent--sarki--duyek--sevil_neselen--sadettin_oktenay.npy,train,356,22390,nihavent,sarki,duyek,sevil_neselen,sadettin_oktenay,23
karcigar--kocekce--aksak--benliyi_aldim--dede_efendi.npy,train,516,15668,karcigar,kocekce,aksak,benliyi_aldim,dede_efendi,16
beyati--sarki--agiraksak--bulbul-u_seydaya--serif_icli.npy,train,656,24907,beyati,sarki,agiraksak,bulbul-u_seydaya,serif_icli,3
muhayyer--sarki--sofyan--ne_zaman--sadettin_kaynak.npy,train,472,13619,muhayyer,sarki,sofyan,ne_zaman,sadettin_kaynak,20
segah--sarki--devrihindi--dil_harab-i--tanburi_ali_efendi.npy,train,398,18528,segah,sarki,devrihindi,dil_harab-i,tanburi_ali_efendi,29
nihavent--sarki--kapali_curcuna--kimseye_etmem--kemani_sarkis_efendi.npy,train,425,20875,nihavent,sarki,kapali_curcuna,kimseye_etmem,kemani_sarkis_efendi,23
ussak--sarki--agiraksak--na-umid-i--sekerci_cemil_bey.npy,train,589,24035,ussak,sarki,agiraksak,na-umid-i,sekerci_cemil_bey,37
muhayyerkurdi--sarki--aksak--renkler_opuyorken--omer_dilek.npy,train,339,13956,muhayyerkurdi,sarki,aksak,renkler_opuyorken,omer_dilek,21
ussak--pesrev--cenber----zurnazen_ibrahim_aga.npy,train,298,13889,ussak,pesrev,cenber,,zurnazen_ibrahim_aga,37
ussak--sarki--aksak--siyah_ebrulerin--lemi_atli.npy,train,312,14723,ussak,sarki,aksak,siyah_ebrulerin,lemi_atli,37
ussak--seyir--semai--1--rauf_yekta.npy,train,83,5992,ussak,seyir,semai,1,rauf_yekta,37
sultaniyegah--pesrev--muhammes----kanuni_haci_arif_bey.npy,train,653,31904,sultaniyegah,pesrev,muhammes,,kanuni_haci_arif_bey,32
isfahan--aranagme--aksak--1--.npy,train,110,2566,isfahan,aranagme,aksak,1,,15
sultaniyegah--sarki--aksak--biz_heybelide--yesari_asim_arsoy.npy,train,397,14583,sultaniyegah,sarki,aksak,biz_heybelide,yesari_asim_arsoy,32
ferahfeza--sazsemaisi--aksaksemai----tanburi_cemil_bey.npy,train,950,32144,ferahfeza,sazsemaisi,aksaksemai,,tanburi_cemil_bey,6
rast--turku--semai--gul_agaci--necip_mirkelamoglu.npy,train,468,19600,rast,turku,semai,gul_agaci,necip_mirkelamoglu,26
yegah--seyir--sofyan--1--erol_bingol.npy,train,50,3190,yegah,seyir,sofyan,1,erol_bingol,38
gerdaniye--turku--nimsofyan--cezayirin_harmanlari--bursa.npy,train,452,15749,gerdaniye,turku,nimsofyan,cezayirin_harmanlari,bursa,7
muhayyer--sarki--aksak--bir_gonulde--ahmet_rasim_bey.npy,train,136,10678,muhayyer,sarki,aksak,bir_gonulde,ahmet_rasim_bey,20
muhayyer--turku--nimsofyan--gidecegim_gurbet--.npy,train,139,3194,muhayyer,turku,nimsofyan,gidecegim_gurbet,,20
mahur--sarki--duyek--ayrilik_ruzgari--kamuran_yarkin.npy,train,441,17015,mahur,sarki,duyek,ayrilik_ruzgari,kamuran_yarkin,19
sedaraban--sarki--yuruksemai_ii--nevbahar-i_nusnune--rahmi_bey.npy,train,295,14487,sedaraban,sarki,yuruksemai_ii,nevbahar-i_nusnune,rahmi_bey,28
evic--rumeliturkusu--aksak--sabah_oldu--rumeli.npy,train,288,12621,evic,rumeliturkusu,aksak,sabah_oldu,rumeli,5
ussak--turku--sofyan--mevlam_bircok--malatya.npy,train,400,14559,ussak,turku,sofyan,mevlam_bircok,malatya,37
segah--pesrev--devrikebir----neyzen_yusuf_pasa.npy,train,752,37317,segah,pesrev,devrikebir,,neyzen_yusuf_pasa,29
gerdaniye--kupe--duyek--perde-i--ahmet_avni_konuk.npy,train,93,6733,gerdaniye,kupe,duyek,perde-i,ahmet_avni_konuk,7
hicaz--zeybek--aksak----izmir.npy,train,414,13972,hicaz,zeybek,aksak,,izmir,8
sevkefza--sarki--aksak--ey_serv-i--iii_selim.npy,train,318,10494,sevkefza,sarki,aksak,ey_serv-i,iii_selim,31
huseyni--yuruksemai--senginsemai--ben_gibi--tabi_mustafa_efendi.npy,train,709,50630,huseyni,yuruksemai,senginsemai,ben_gibi,tabi_mustafa_efendi,13
karcigar--sarki--aksak--ari_olsam--necmi_piskin.npy,train,652,21628,karcigar,sarki,aksak,ari_olsam,necmi_piskin,16
mahur--sarki--aksak--al_yanina--dellalzade_haci_ismail_efendi.npy,train,349,13104,mahur,sarki,aksak,al_yanina,dellalzade_haci_ismail_efendi,19
huseyni--turku--nimsofyan--bir_of_ceksem--kayseri.npy,train,279,12068,huseyni,turku,nimsofyan,bir_of_ceksem,kayseri,13
huseyni--sarki--curcuna--cektim_elimi--tatyos_efendi.npy,train,384,14707,huseyni,sarki,curcuna,cektim_elimi,tatyos_efendi,13
kurdilihicazkar--sarki--aksak--safvet-i_askim--sevki_bey.npy,train,296,11842,kurdilihicazkar,sarki,aksak,safvet-i_askim,sevki_bey,18
nihavent--sarki--curcuna--vucud_ikliminin--haci_arif_bey.npy,train,330,14027,nihavent,sarki,curcuna,vucud_ikliminin,haci_arif_bey,23
kurdi--aranagme--nimsofyan--1--.npy,train,44,2127,kurdi,aranagme,nimsofyan,1,,17
neva--kupe--duyek--bezme--ahmet_avni_konuk.npy,train,97,6726,neva,kupe,duyek,bezme,ahmet_avni_konuk,22
rast--sarki--sofyan--ask_denilen--erol_sayan.npy,train,406,19041,rast,sarki,sofyan,ask_denilen,erol_sayan,26
huzzam--sarki--duyek--icimde_bin--avni_anil.npy,train,343,13037,huzzam,sarki,duyek,icimde_bin,avni_anil,14
karcigar--seyir--sofyan--1--sefik_gurmeric.npy,train,112,6380,karcigar,seyir,sofyan,1,sefik_gurmeric,16
hicaz_humayun--seyir--sofyan--1--erol_bingol.npy,train,50,3190,hicaz_humayun,seyir,sofyan,1,erol_bingol,9
segah--turku--aksak--ey_su--usak.npy,train,698,22019,segah,turku,aksak,ey_su,usak,29
suzidil--sarki--duyek--sevgi_cicegimsin--omer_sami_gupgup.npy,train,384,20464,suzidil,sarki,duyek,sevgi_cicegimsin,omer_sami_gupgup,33
karcigar--sarki--aksak--bu_kis--ismet_aga.npy,train,252,9522,karcigar,sarki,aksak,bu_kis,ismet_aga,16
saba--sarki--kapali_curcuna--pervane_gibi--yesari_asim_arsoy.npy,train,265,11194,saba,sarki,kapali_curcuna,pervane_gibi,yesari_asim_arsoy,27
beyati--agirsemai--agir_aksaksemai--soylen_ol--bolahenk_nuri_bey.npy,train,371,23985,beyati,agirsemai,agir_aksaksemai,soylen_ol,bolahenk_nuri_bey,3
sultaniyegah--seyir--sofyan--1--erol_bingol.npy,train,82,4790,sultaniyegah,seyir,sofyan,1,erol_bingol,32
rast--sarki--curcuna--aylar_geciyor--selahaddin_pinar.npy,train,415,21661,rast,sarki,curcuna,aylar_geciyor,selahaddin_pinar,26
muhayyer--yuruksemai--yuruksemai--bir_elif--sadullah_aga.npy,train,553,25339,muhayyer,yuruksemai,yuruksemai,bir_elif,sadullah_aga,20
ussak--sarki--turkaksagi--yalniz_birakip--misirli_udi_ibrahim_efendi.npy,train,423,16288,ussak,sarki,turkaksagi,yalniz_birakip,misirli_udi_ibrahim_efendi,37
ussak--aranagme--curcuna--1--.npy,train,68,2670,ussak,aranagme,curcuna,1,,37
mahur--sarki--senginsemai--gel_bir--selanikli_ahmed_bey.npy,train,360,15991,mahur,sarki,senginsemai,gel_bir,selanikli_ahmed_bey,19
suzinak_zirgule--sarki--semai--simdi_uzaklardasin--zeki_muren.npy,train,400,17792,suzinak_zirgule,sarki,semai,simdi_uzaklardasin,zeki_muren,35
acemasiran--aranagme--semai--1--.npy,train,101,4792,acemasiran,aranagme,semai,1,,0
muhayyerkurdi--turku--sofyan--eskiya_dunyaya--ordu.npy,train,230,11295,muhayyerkurdi,turku,sofyan,eskiya_dunyaya,ordu,21
huseyni--ornek_oz--duyek--1--ruhi_ayangil.npy,train,22,2271,huseyni,ornek_oz,duyek,1,ruhi_ayangil,13
hicazkar--sarki--duyek--yollari_gurbete--sadi_isilay.npy,train,223,21180,hicazkar,sarki,duyek,yollari_gurbete,sadi_isilay,11
neva--seyir--sofyan--1--erol_bingol.npy,train,49,3190,neva,seyir,sofyan,1,erol_bingol,22
bestenigar--sarki--agiraksak--gayridan_bulmaz--kazasker_mustafa_izzet_efendi.npy,train,469,23042,bestenigar,sarki,agiraksak,gayridan_bulmaz,kazasker_mustafa_izzet_efendi,2
huzzam--ornek_oz--oynak--1--ruhi_ayangil.npy,train,38,2989,huzzam,ornek_oz,oynak,1,ruhi_ayangil,14
evic--sarki--devrihindi_ii--otme_ey--rifat_bey.npy,train,423,15550,evic,sarki,devrihindi_ii,otme_ey,rifat_bey,5
muhayyerkurdi--turku--oynak--evlerinin_onu--.npy,train,416,11998,muhayyerkurdi,turku,oynak,evlerinin_onu,,21
acemasiran--beste--devrikebir--ber_kusa-yi--basmaci_abdi_efendi.npy,train,550,28056,acemasiran,beste,devrikebir,ber_kusa-yi,basmaci_abdi_efendi,0
buselik--aranagme--musemmen--1--.npy,train,110,4792,buselik,aranagme,musemmen,1,,4
muhayyer--turku--devrituran--mihrican_mi--yozgat.npy,train,544,17499,muhayyer,turku,devrituran,mihrican_mi,yozgat,20
nikriz--zeybek--agiraksak----izmir.npy,train,358,8992,nikriz,zeybek,agiraksak,,izmir,24
rast--kar_i_nev--agirduyek--gozumde_daim--dede_efendi.npy,train,401,22012,rast,kar_i_nev,agirduyek,gozumde_daim,dede_efendi,26
huzzam--sarki--aksak--manada_guzel--sadi_isilay.npy,train,415,19793,huzzam,sarki,aksak,manada_guzel,sadi_isilay,14
hicaz--sarki--sofyan--egilmez_basin--kaptanzade_ali_riza_bey.npy,train,391,17409,hicaz,sarki,sofyan,egilmez_basin,kaptanzade_ali_riza_bey,8
beyati--seyir--sofyan--1--sefik_gurmeric.npy,train,85,4790,beyati,seyir,sofyan,1,sefik_gurmeric,3
isfahan--sarki--duyek--gelirken_meclise--haham_nesim.npy,train,309,8722,isfahan,sarki,duyek,gelirken_meclise,haham_nesim,15
nihavent--sarki--duyek--bir_demet--zeki_muren.npy,train,298,21121,nihavent,sarki,duyek,bir_demet,zeki_muren,23
rast--sarki--yuruksemai_ii--sevdim_yine--basmaci_abdi_efendi.npy,train,384,26169,rast,sarki,yuruksemai_ii,sevdim_yine,basmaci_abdi_efendi,26
hicaz--turku--raksaksagi--entarisi_ala--istanbul.npy,train,420,15150,hicaz,turku,raksaksagi,entarisi_ala,istanbul,8
beyati--sarki--agiraksak--gecti_sevdalarla--nuri_halil_poyraz.npy,train,401,17987,beyati,sarki,agiraksak,gecti_sevdalarla,nuri_halil_poyraz,3
hicaz--fantezi--nimsofyan--ayni_cati--turhan_tasan.npy,train,298,14541,hicaz,fantezi,nimsofyan,ayni_cati,turhan_tasan,8
huzzam--turku--curcuna--al_yesil--urfa.npy,train,633,26521,huzzam,turku,curcuna,al_yesil,urfa,14
hicaz--sarki--devrihindi--asik_oldum--enderuni_ali_bey.npy,train,395,19369,hicaz,sarki,devrihindi,asik_oldum,enderuni_ali_bey,8
muhayyer--turku--sofyan--keklik_gibi--erzincan.npy,train,364,12802,muhayyer,turku,sofyan,keklik_gibi,erzincan,20
hicaz--turku--sofyan--esmerim_bicim--diyarbakir.npy,train,254,6673,hicaz,turku,sofyan,esmerim_bicim,diyarbakir,8
gerdaniye--turku--sofyan--evlerinin_onu--urfa.npy,train,510,12994,gerdaniye,turku,sofyan,evlerinin_onu,urfa,7
hicazkar--beste--yuruksemai--bulbul_gibi--zekai_dede.npy,train,416,25837,hicazkar,beste,yuruksemai,bulbul_gibi,zekai_dede,11
tahir--turku--nimsofyan--gidin_bulutlar--kutahya.npy,train,645,22386,tahir,turku,nimsofyan,gidin_bulutlar,kutahya,36
rast--rumeliturkusu--devrihindi_ii--kircaliyle_arda--rumeli.npy,train,518,15764,rast,rumeliturkusu,devrihindi_ii,kircaliyle_arda,rumeli,26
suzidil--sazsemaisi--aksaksemai----abdulhalim_aga.npy,train,528,24994,suzidil,sazsemaisi,aksaksemai,,abdulhalim_aga,33
huseyni--turku--sofyan--koskum_var--.npy,train,446,19231,huseyni,turku,sofyan,koskum_var,,13
ussak--sarki--nimsofyan--gordum_seni--sadettin_kaynak.npy,train,398,15818,ussak,sarki,nimsofyan,gordum_seni,sadettin_kaynak,37
karcigar--seyir--semai--1--rauf_yekta.npy,train,75,4792,karcigar,seyir,semai,1,rauf_yekta,16
muhayyer--turku--nimsofyan--bir_nazar--kirsehir.npy,train,602,17272,muhayyer,turku,nimsofyan,bir_nazar,kirsehir,20
hicaz_humayun--pesrev--cenber----veli_dede.npy,train,602,34906,hicaz_humayun,pesrev,cenber,,veli_dede,9
beyati--agirsemai--aksaksemai--didi_ci--yahya_nazim_celebi.npy,train,494,30153,beyati,agirsemai,aksaksemai,didi_ci,yahya_nazim_celebi,3
ussak--sarki--yuruksemai_ii--tifl-i_nazim--tanburi_ali_efendi.npy,train,402,17812,ussak,sarki,yuruksemai_ii,tifl-i_nazim,tanburi_ali_efendi,37
nihavent--sarki--duyek--bir_ihtimal--osman_nihat_akin.npy,train,481,17989,nihavent,sarki,duyek,bir_ihtimal,osman_nihat_akin,23
hicaz--ilahi--duyek--icimde_bir--amir_ates.npy,train,314,20559,hicaz,ilahi,duyek,icimde_bir,amir_ates,8
huseyni--turku--aksak--a_fadimem--.npy,train,336,15241,huseyni,turku,aksak,a_fadimem,,13
acemkurdi--sarki--aksak--ruhum_su--alaeddin_yavasca.npy,train,474,23039,acemkurdi,sarki,aksak,ruhum_su,alaeddin_yavasca,1
yegah--sarki--aksak--a_benim--dellalzade_haci_ismail_efendi.npy,train,271,11807,yegah,sarki,aksak,a_benim,dellalzade_haci_ismail_efendi,38
bestenigar--sarki--aksak--perisan_halin--emin_ongan.npy,train,234,13085,bestenigar,sarki,aksak,perisan_halin,emin_ongan,2
rast--sarki--senginsemai--bir_gonlume--tatyos_efendi.npy,train,438,21338,rast,sarki,senginsemai,bir_gonlume,tatyos_efendi,26
nihavent--sarki--semai--hatirla_ey_peri--muhlis_sabahaddin_ezgi.npy,train,164,10656,nihavent,sarki,semai,hatirla_ey_peri,muhlis_sabahaddin_ezgi,23
rast--sarki--duyek--belki_bir_sabah--sekip_ayhan_ozisik.npy,train,471,24013,rast,sarki,duyek,belki_bir_sabah,sekip_ayhan_ozisik,26
segah--sarki--aksak--gece_sessiz--gultekin_ceki.npy,train,342,15828,segah,sarki,aksak,gece_sessiz,gultekin_ceki,29
hisarbuselik--sarki--curcuna--visalinle_safayab--muallim_ismail_hakki_bey.npy,train,337,11966,hisarbuselik,sarki,curcuna,visalinle_safayab,muallim_ismail_hakki_bey,12
nihavent--fantezi--nimsofyan--ayaginda_halhali--bilge_ozgen.npy,train,798,24047,nihavent,fantezi,nimsofyan,ayaginda_halhali,bilge_ozgen,23
rast--sarki--semai--perisan_saclarin--yesari_asim_arsoy.npy,train,573,32993,rast,sarki,semai,perisan_saclarin,yesari_asim_arsoy,26
huzzam--seyir--duyek--1--sefik_gurmeric.npy,train,107,6415,huzzam,seyir,duyek,1,sefik_gurmeric,14
sedaraban--beste--hafif--ey_safay-i--tanburi_isak.npy,train,681,42760,sedaraban,beste,hafif,ey_safay-i,tanburi_isak,28
gerdaniye--turku--aksak--antalyanin_mor--antalya.npy,train,121,3186,gerdaniye,turku,aksak,antalyanin_mor,antalya,7
evic--turku--aksak--havada_turna--istanbul.npy,train,540,19439,evic,turku,aksak,havada_turna,istanbul,5
nihavent--sarki--aksak--bakmiyor_cesm-i--haci_arif_bey.npy,train,248,7870,nihavent,sarki,aksak,bakmiyor_cesm-i,haci_arif_bey,23
ussak--popsarkisi--sofyan--ellerimde_buyuttugum--baris_manco.npy,train,209,9322,ussak,popsarkisi,sofyan,ellerimde_buyuttugum,baris_manco,37
mahur--sarki--aksak--acirim_asik--giriftzen_asim_bey.npy,train,304,16045,mahur,sarki,aksak,acirim_asik,giriftzen_asim_bey,19
huzzam--sarki--turkaksagi--bahar_oldu--seyh_ethem_efendi.npy,train,320,15375,huzzam,sarki,turkaksagi,bahar_oldu,seyh_ethem_efendi,14
huseyni--sarki--aksak--varalim_kuy-i--munir_nurettin_selcuk.npy,train,341,15945,huseyni,sarki,aksak,varalim_kuy-i,munir_nurettin_selcuk,13
suzinak--seyir--semai--1--rauf_yekta.npy,train,63,4792,suzinak,seyir,semai,1,rauf_yekta,34
evic--seyir--semai--1--rauf_yekta.npy,train,68,4792,evic,seyir,semai,1,rauf_yekta,5
segah--turku--223--gemiciler_kalkalim--trabzon.npy,train,358,10198,segah,turku,223,gemiciler_kalkalim,trabzon,29
acemasiran--aranagme--sofyan--1--.npy,train,74,4253,acemasiran,aranagme,sofyan,1,,0
huzzam--sarki--iraksak--gozum_hasretle--tatyos_efendi.npy,train,375,13494,huzzam,sarki,iraksak,gozum_hasretle,tatyos_efendi,14
beyati--sarki--curcuna--kalbim_yine--selahattin_pinar.npy,train,543,28120,beyati,sarki,curcuna,kalbim_yine,selahattin_pinar,3
buselik--seyir--semai--1--rauf_yekta.npy,train,64,4792,buselik,seyir,semai,1,rauf_yekta,4
saba--nakis--yuruksemai--ey_bad-i--suphi_ziya_ozbekkan.npy,train,398,22434,saba,nakis,yuruksemai,ey_bad-i,suphi_ziya_ozbekkan,27
huzzam--sarki--semai--her_gece--kasim_inaltekin.npy,train,451,19188,huzzam,sarki,semai,her_gece,kasim_inaltekin,14
buselik--sazsemaisi--aksaksemai----mutlu_torun.npy,train,631,13841,buselik,sazsemaisi,aksaksemai,,mutlu_torun,4
huzzam--ornek_oz--sofyan--1--ruhi_ayangil.npy,train,30,1767,huzzam,ornek_oz,sofyan,1,ruhi_ayangil,14
bestenigar--seyir--semai--1--rauf_yekta.npy,train,63,3592,bestenigar,seyir,semai,1,rauf_yekta,2
evic--sarki--aksak--sevdim_bir_gonca-i_rana--dede_efendi.npy,train,431,13031,evic,sarki,aksak,sevdim_bir_gonca-i_rana,dede_efendi,5
segah--seyir--semai--1--rauf_yekta.npy,train,66,4792,segah,seyir,semai,1,rauf_yekta,29
nihavent--sarki--curcuna--yagmur_verdim--omer_dilek.npy,train,344,22492,nihavent,sarki,curcuna,yagmur_verdim,omer_dilek,23
hicaz--turku--sofyan--su_gelen--.npy,train,500,13894,hicaz,turku,sofyan,su_gelen,,8
bestenigar--seyir--sofyan--1--erol_bingol.npy,train,52,3190,bestenigar,seyir,sofyan,1,erol_bingol,2
hicaz--seyir--semai--1--rauf_yekta.npy,train,109,7192,hicaz,seyir,semai,1,rauf_yekta,8
hisarbuselik--sarki--aksak--yorulmus_ol--latif_aga.npy,train,462,13515,hisarbuselik,sarki,aksak,yorulmus_ol,latif_aga,12
evic--sazsemaisi--aksaksemai----muallim_ismail_hakki_bey.npy,train,794,31593,evic,sazsemaisi,aksaksemai,,muallim_ismail_hakki_bey,5
nikriz--zeybek--aksak--1--tanburi_cemil_bey.npy,train,490,13875,nikriz,zeybek,aksak,1,tanburi_cemil_bey,24
saba--sarki--aksak--semt-i_dildare--suphi_ziya_ozbekkan.npy,train,364,15835,saba,sarki,aksak,semt-i_dildare,suphi_ziya_ozbekkan,27
beyati--seyir--semai--1--rauf_yekta.npy,train,81,4792,beyati,seyir,semai,1,rauf_yekta,3
hicazkar--aranagme--aksak--1--.npy,train,129,2395,hicazkar,aranagme,aksak,1,,11
isfahan--sarki--curcuna--etme_beyhude--rahmi_bey.npy,train,482,21345,isfahan,sarki,curcuna,etme_beyhude,rahmi_bey,15
hicaz--sarki--raksaksagi--benim_yarim--sadettin_kaynak.npy,train,372,13510,hicaz,sarki,raksaksagi,benim_yarim,sadettin_kaynak,8
nihavent--sarki--curcuna--ayrilmak_ne--ekrem_guyer.npy,train,340,17134,nihavent,sarki,curcuna,ayrilmak_ne,ekrem_guyer,23
nihavent--sarki--aksak--vuslat_yaya--omer_dilek.npy,train,348,15843,nihavent,sarki,aksak,vuslat_yaya,omer_dilek,23
hicazkar--seyir--devrihindi--1--erol_bingol.npy,train,88,5590,hicazkar,seyir,devrihindi,1,erol_bingol,11
nihavent--yuruksemai--yuruksemai--ruhsarina_aybetme--munir_nurettin_selcuk.npy,train,889,37245,nihavent,yuruksemai,yuruksemai,ruhsarina_aybetme,munir_nurettin_selcuk,23
hicaz--sarki--aksak--su_karsiki--dede_efendi.npy,train,255,8436,hicaz,sarki,aksak,su_karsiki,dede_efendi,8
ussak--turku--aksak--su_dalmanin--aydin.npy,train,89,3540,ussak,turku,aksak,su_dalmanin,aydin,37
hicaz--turku--nimsofyan--seni_sevdim--istanbul.npy,train,456,13339,hicaz,turku,nimsofyan,seni_sevdim,istanbul,8
buselik--ornek_oz--sofyan--1--huseyin_sadettin_arel.npy,train,18,1596,buselik,ornek_oz,sofyan,1,huseyin_sadettin_arel,4
kurdilihicazkar--sarki--duyek--her_kimde--civan_aga.npy,train,611,22641,kurdilihicazkar,sarki,duyek,her_kimde,civan_aga,18
hicaz--turku--nimsofyan--acil_ey--.npy,train,562,13779,hicaz,turku,nimsofyan,acil_ey,,8
huzzam--sarki--nimsofyan--gezdigim_dikenli--kadri_sencalar.npy,train,211,6236,huzzam,sarki,nimsofyan,gezdigim_dikenli,kadri_sencalar,14
mahur--sarki--sarkidevrirevani--zevki_coktur--sakir_aga.npy,train,251,10575,mahur,sarki,sarkidevrirevani,zevki_coktur,sakir_aga,19
ussak--sarki--aksak--bag-i_husnun--kemal_emin_bara.npy,train,464,21249,ussak,sarki,aksak,bag-i_husnun,kemal_emin_bara,37
saba--turku--nimsofyan--pinar_basi--.npy,train,316,11330,saba,turku,nimsofyan,pinar_basi,,27
huzzam--kupe--darb--sazin--ahmet_avni_konuk.npy,train,105,6851,huzzam,kupe,darb,sazin,ahmet_avni_konuk,14
segah--sarki--semai--gurbet_icimde--teoman_alpay.npy,train,320,22142,segah,sarki,semai,gurbet_icimde,teoman_alpay,29
nihavent--pesrev--hafif--mini_mini--huseyin_sadettin_arel.npy,train,328,22279,nihavent,pesrev,hafif,mini_mini,huseyin_sadettin_arel,23
hicaz_humayun--kupe--duyek--yalniz_bir--ahmet_avni_konuk.npy,train,94,6739,hicaz_humayun,kupe,duyek,yalniz_bir,ahmet_avni_konuk,9
nihavent--sarki--semai--erisdi_nevbahar--arif_sami_toker.npy,train,652,33670,nihavent,sarki,semai,erisdi_nevbahar,arif_sami_toker,23
evic--rumeliturkusu--sofyan--sahane_gozler--.npy,train,425,15702,evic,rumeliturkusu,sofyan,sahane_gozler,,5
hicaz_uzzal--sarki--agiraksak--doktor_ne--sevki_bey.npy,train,468,27586,hicaz_uzzal,sarki,agiraksak,doktor_ne,sevki_bey,10
segah--sarki--curcuna--bir_emele--neveser_kokdes.npy,train,354,22089,segah,sarki,curcuna,bir_emele,neveser_kokdes,29
hicaz--kanto--sofyan--ada_sahillerinde--.npy,train,444,15984,hicaz,kanto,sofyan,ada_sahillerinde,,8
hicazkar--sarki--agiraksak--gel_seninle--sadullah_efendi.npy,train,516,26039,hicazkar,sarki,agiraksak,gel_seninle,sadullah_efendi,11
yegah--seyir--sofyan--1--sefik_gurmeric.npy,train,99,6380,yegah,seyir,sofyan,1,sefik_gurmeric,38
hicazkar--sarki--duyek--sen_gozlerinle--alaeddin_yavasca.npy,train,466,20025,hicazkar,sarki,duyek,sen_gozlerinle,alaeddin_yavasca,11
nihavent--sarki--aksak--yok_baska--munir_nurettin_selcuk.npy,train,706,21679,nihavent,sarki,aksak,yok_baska,munir_nurettin_selcuk,23
muhayyer--turku--duyek--iste_seni--sadettin_kaynak.npy,train,608,20568,muhayyer,turku,duyek,iste_seni,sadettin_kaynak,20
buselik--ornek_oz--semai--1--ruhi_ayangil.npy,train,19,2385,buselik,ornek_oz,semai,1,ruhi_ayangil,4
neva--yuruksemai--yuruksemai--ey_gonca--dede_efendi.npy,train,888,34284,neva,yuruksemai,yuruksemai,ey_gonca,dede_efendi,22
mahur--sazsemaisi--aksaksemai----refik_talat_alpman.npy,train,790,26307,mahur,sazsemaisi,aksaksemai,,refik_talat_alpman,19
rast--sarki--sofyan--gelmez_oldu--dramali_hasan_hasguler.npy,train,400,13863,rast,sarki,sofyan,gelmez_oldu,dramali_hasan_hasguler,26
rast--sarki--semai--gecsin_gunler--erol_sayan.npy,train,418,27345,rast,sarki,semai,gecsin_gunler,erol_sayan,26
acemasiran--seyir--sofyan--1--sefik_gurmeric.npy,train,100,6395,acemasiran,seyir,sofyan,1,sefik_gurmeric,0
muhayyer--turku--duyek--sari_kizin--kirsehir.npy,train,754,19876,muhayyer,turku,duyek,sari_kizin,kirsehir,20
beyati--aranagme--curcuna--1--.npy,train,106,4618,beyati,aranagme,curcuna,1,,3
hicaz--turku--aksak--necibemin_ikidir--istanbul.npy,train,488,16620,hicaz,turku,aksak,necibemin_ikidir,istanbul,8
huseyni--turku--evfer--dere_geliyor--.npy,train,152,4562,huseyni,turku,evfer,dere_geliyor,,13
suzinak_zirgule--sarki--curcuna--benim_yarem--latif_aga.npy,train,394,14493,suzinak_zirgule,sarki,curcuna,benim_yarem,latif_aga,35
acemkurdi--sarki--aksak--beyhude_yere--ercument_berker.npy,train,210,12840,acemkurdi,sarki,aksak,beyhude_yere,ercument_berker,1
rast--sarki--aksak--bir_dame--haci_faik_bey.npy,train,373,12249,rast,sarki,aksak,bir_dame,haci_faik_bey,26
saba--ornek_oz--sofyan--2--ruhi_ayangil.npy,train,28,1595,saba,ornek_oz,sofyan,2,ruhi_ayangil,27
muhayyerkurdi--sarki--curcuna--aksam_olunca--nazif_girgin.npy,train,446,16938,muhayyerkurdi,sarki,curcuna,aksam_olunca,nazif_girgin,21
hicaz--sarki--duyek--bir_atesim--avni_anil.npy,train,672,26527,hicaz,sarki,duyek,bir_atesim,avni_anil,8
ussak--sarki--evfer--yavrucagim_guzellendi--tanburi_mustafa_cavus.npy,train,374,12765,ussak,sarki,evfer,yavrucagim_guzellendi,tanburi_mustafa_cavus,37
rast--sarki--sofyan--sazin_gibi--lemi_atli.npy,train,431,16997,rast,sarki,sofyan,sazin_gibi,lemi_atli,26
nihavent--pesrev--darbeyn----katip_celebi.npy,train,611,39912,nihavent,pesrev,darbeyn,,katip_celebi,23
kurdi--turku--sofyan--dalda_cikmis--.npy,train,468,14130,kurdi,turku,sofyan,dalda_cikmis,,17
kurdilihicazkar--fantezi--aksak--bugun_biz--neveser_kokdes.npy,train,410,13989,kurdilihicazkar,fantezi,aksak,bugun_biz,neveser_kokdes,18
nihavent--seyir--turkaksagi--1--erol_bingol.npy,train,76,3992,nihavent,seyir,turkaksagi,1,erol_bingol,23
rast--sarki--evfer--kordonboyu--erol_sayan.npy,train,255,12939,rast,sarki,evfer,kordonboyu,erol_sayan,26
muhayyerkurdi--sarki--duyek--bir_kizil--amir_ates.npy,train,526,19205,muhayyerkurdi,sarki,duyek,bir_kizil,amir_ates,21
hicaz_humayun--pesrev--devrikebir----musahib_ahmed_aga.npy,train,1172,95252,hicaz_humayun,pesrev,devrikebir,,musahib_ahmed_aga,9
muhayyer--turku--musemmen_ii--elma_attim--tunceli.npy,train,702,31984,muhayyer,turku,musemmen_ii,elma_attim,tunceli,20
acemkurdi--fantezi--nimsofyan--askin_kanununu--sadettin_oktenay.npy,train,254,12565,acemkurdi,fantezi,nimsofyan,askin_kanununu,sadettin_oktenay,1
acemasiran--sarki--agiraksak--goncasindan_gulsenin--emin_ongan.npy,train,375,17585,acemasiran,sarki,agiraksak,goncasindan_gulsenin,emin_ongan,0
saba--sarki--duyek--donmem_kucagina--avni_anil.npy,train,379,22537,saba,sarki,duyek,donmem_kucagina,avni_anil,27
hicaz--sarki--yuruksemai_ii--ey_but-i--dede_efendi.npy,train,438,15595,hicaz,sarki,yuruksemai_ii,ey_but-i,dede_efendi,8
hisarbuselik--sarki--duyek--du_cesmimden--tanburi_mustafa_cavus.npy,train,476,16366,hisarbuselik,sarki,duyek,du_cesmimden,tanburi_mustafa_cavus,12
acemasiran--sarki--sofyan--bakma_sakin--sakir_aga.npy,train,469,15940,acemasiran,sarki,sofyan,bakma_sakin,sakir_aga,0
hicazkar--sarki--sofyan--ben_sozune--numan_aga.npy,train,266,8718,hicazkar,sarki,sofyan,ben_sozune,numan_aga,11
evic--agirsemai--aksaksemai--ben_aglar_idim--tanburi_ali_efendi.npy,train,1103,44450,evic,agirsemai,aksaksemai,ben_aglar_idim,tanburi_ali_efendi,5
hisarbuselik--kupe--aksak--sevdigimden_dun--ahmet_avni_konuk.npy,train,91,7185,hisarbuselik,kupe,aksak,sevdigimden_dun,ahmet_avni_konuk,12
hicazkar--sarki--duyek--visali_yar--rakim_elkutlu.npy,train,383,14535,hicazkar,sarki,duyek,visali_yar,rakim_elkutlu,11
acemasiran--aranagme--agiraksak--1--.npy,train,148,6566,acemasiran,aranagme,agiraksak,1,,0
huseyni--turku--aksak--yuce_dag--sadettin_kaynak.npy,train,592,20236,huseyni,turku,aksak,yuce_dag,sadettin_kaynak,13
kurdilihicazkar--sarki--aksak--nereden_sevdim--selahaddin_pinar.npy,train,304,13307,kurdilihicazkar,sarki,aksak,nereden_sevdim,selahaddin_pinar,18
ferahfeza--agirsemai--senginsemai--bir_dilber-i--dede_efendi.npy,train,542,23779,ferahfeza,agirsemai,senginsemai,bir_dilber-i,dede_efendi,6
segah--fantezi--aksak--gul_ne--omer_dilek.npy,train,496,22492,segah,fantezi,aksak,gul_ne,omer_dilek,29
acemkurdi--seyir--sofyan--1--sefik_gurmeric.npy,train,93,6380,acemkurdi,seyir,sofyan,1,sefik_gurmeric,1
ferahfeza--seyir--sofyan--1--sefik_gurmeric.npy,train,91,6390,ferahfeza,seyir,sofyan,1,sefik_gurmeric,6
kurdilihicazkar--sarki--senginsemai--bir_kendi--lemi_atli.npy,train,482,21528,kurdilihicazkar,sarki,senginsemai,bir_kendi,lemi_atli,18
buselik--aranagme--agiraksak--1--.npy,train,191,5987,buselik,aranagme,agiraksak,1,,4
nihavent--beste--lenkfahte--zulfun_gorenlerin--ali_rifat_cagatay.npy,train,377,26658,nihavent,beste,lenkfahte,zulfun_gorenlerin,ali_rifat_cagatay,23
huseyni--sazsemaisi--aksaksemai----neyzen_rasid_efendi.npy,train,1083,36612,huseyni,sazsemaisi,aksaksemai,,neyzen_rasid_efendi,13
kurdilihicazkar--seyir--sofyan--2--sefik_gurmeric.npy,train,114,6380,kurdilihicazkar,seyir,sofyan,2,sefik_gurmeric,18
tahir--pesrev--fahte----dede_salih_efendi.npy,train,618,30777,tahir,pesrev,fahte,,dede_salih_efendi,36
sehnaz--turku--sofyan--elmayi_top--hendek.npy,train,470,9825,sehnaz,turku,sofyan,elmayi_top,hendek,30
suzinak_zirgule--sarki--agiraksak--sonbahar_goncasi_mi--mustafa_nafiz_irmak.npy,train,641,20741,suzinak_zirgule,sarki,agiraksak,sonbahar_goncasi_mi,mustafa_nafiz_irmak,35
hicaz--sarki--turkaksagi--yadeller_aldi--sadettin_kaynak.npy,train,562,22896,hicaz,sarki,turkaksagi,yadeller_aldi,sadettin_kaynak,8
hicazkar--sazsemaisi--aksaksemai----tanburi_cemil_bey.npy,train,790,21261,hicazkar,sazsemaisi,aksaksemai,,tanburi_cemil_bey,11
segah--sarki--duyek--ayrilik_yaman--sadettin_kaynak.npy,train,368,21073,segah,sarki,duyek,ayrilik_yaman,sadettin_kaynak,29
hicaz--turku--aksak--gemilerde_talim--.npy,train,285,9262,hicaz,turku,aksak,gemilerde_talim,,8
suzinak_zirgule--sarki--aksak--bir_sihr-i--rahmi_bey.npy,train,429,17096,suzinak_zirgule,sarki,aksak,bir_sihr-i,rahmi_bey,35
hicazkar--sarki--aksak--nerdesin--leyla_saz.npy,train,428,16222,hicazkar,sarki,aksak,nerdesin,leyla_saz,11
nihavent--sarki--semai--dil_seni--civan_aga.npy,train,398,13869,nihavent,sarki,semai,dil_seni,civan_aga,23
rast--kar_i_natik--yuruksemai--rast_getirub--dede_efendi.npy,train,1321,83200,rast,kar_i_natik,yuruksemai,rast_getirub,dede_efendi,26
acemasiran--sazsemaisi--aksaksemai----serafettin_seref_cakar.npy,train,700,28842,acemasiran,sazsemaisi,aksaksemai,,serafettin_seref_cakar,0
nikriz--zeybek--aksak--2--tanburi_cemil_bey.npy,train,606,15426,nikriz,zeybek,aksak,2,tanburi_cemil_bey,24
acemkurdi--sarki--kapali_curcuna--canan_bilirim--ekrem_guyer.npy,train,342,16963,acemkurdi,sarki,kapali_curcuna,canan_bilirim,ekrem_guyer,1
hicaz_humayun--popsarkisi--sofyan--bogazinda_dugumlenen--erol_tanir.npy,train,348,23986,hicaz_humayun,popsarkisi,sofyan,bogazinda_dugumlenen,erol_tanir,9
neva--sarki--duyek--ben_yururum--selahaddin_pinar.npy,train,245,9332,neva,sarki,duyek,ben_yururum,selahaddin_pinar,22
neva--seyir--semai--1--rauf_yekta.npy,train,65,4792,neva,seyir,semai,1,rauf_yekta,22
segah--sarki--turkaksagi--sevda_yaratan--yesari_asim_arsoy.npy,train,497,17851,segah,sarki,turkaksagi,sevda_yaratan,yesari_asim_arsoy,29
huzzam--rumeliturkusu--sofyan--aksam_oldu--rumeli.npy,train,365,16075,huzzam,rumeliturkusu,sofyan,aksam_oldu,rumeli,14
muhayyer--sarki--aksak--gunes_gibi--sadettin_kaynak.npy,train,522,17341,muhayyer,sarki,aksak,gunes_gibi,sadettin_kaynak,20
acemasiran--sarki--semai--bitmesin_icimdeki--omer_dilek.npy,train,376,16671,acemasiran,sarki,semai,bitmesin_icimdeki,omer_dilek,0
hicaz--turku--nimsofyan--erkilet_guzeli--.npy,train,486,13535,hicaz,turku,nimsofyan,erkilet_guzeli,,8
acemasiran--yuruksemai--yuruksemai_ii----huseyin_fahreddin_dede.npy,train,162,5331,acemasiran,yuruksemai,yuruksemai_ii,,huseyin_fahreddin_dede,0
nihavent--aranagme--turkaksagi--1--.npy,train,168,7992,nihavent,aranagme,turkaksagi,1,,23
segah--turku--nimsofyan--silifkenin_yogurdu--.npy,train,339,9330,segah,turku,nimsofyan,silifkenin_yogurdu,,29
beyati--sarki--kapali_curcuna--bilmezsin_dusundugum--rakim_elkutlu.npy,train,296,12202,beyati,sarki,kapali_curcuna,bilmezsin_dusundugum,rakim_elkutlu,3
bestenigar--seyir--duyek--1--sefik_gurmeric.npy,train,90,5590,bestenigar,seyir,duyek,1,sefik_gurmeric,2
huzzam--sarki--sarkidevrirevani--isittim_ey--sakir_aga.npy,train,235,8579,huzzam,sarki,sarkidevrirevani,isittim_ey,sakir_aga,14
huseyni--seyir--semai--1--rauf_yekta.npy,train,66,4792,huseyni,seyir,semai,1,rauf_yekta,13
bestenigar--sarki--aksak--sana_gul--omer_sami_gupgup.npy,train,207,11081,bestenigar,sarki,aksak,sana_gul,omer_sami_gupgup,2
acemkurdi--kupe--musemmen--bezmimizde--ahmet_avni_konuk.npy,train,62,3990,acemkurdi,kupe,musemmen,bezmimizde,ahmet_avni_konuk,1
ussak--ilahi--sofyan--ey_enbiyalar--.npy,train,332,13707,ussak,ilahi,sofyan,ey_enbiyalar,,37
segah--turku--curcuna--bahcada_yesil--diyarbakir.npy,train,276,13529,segah,turku,curcuna,bahcada_yesil,diyarbakir,29
hicaz--turku--musemmen_ii--zuluf_dokulmus_yuze--kirsehir.npy,train,690,24995,hicaz,turku,musemmen_ii,zuluf_dokulmus_yuze,kirsehir,8
sevkefza--kupe--aksaksemai--sevkefza--ahmet_avni_konuk.npy,train,100,4697,sevkefza,kupe,aksaksemai,sevkefza,ahmet_avni_konuk,31
karcigar--sarki--aksak--bir_rum_dilbere--tanburi_mustafa_cavus.npy,train,332,16103,karcigar,sarki,aksak,bir_rum_dilbere,tanburi_mustafa_cavus,16
beyati--sarki--aksak--meclise_gel--tanburi_mustafa_cavus.npy,train,245,12724,beyati,sarki,aksak,meclise_gel,tanburi_mustafa_cavus,3
hicaz--sarki--agiraksak--hali_nezimde--sevki_bey.npy,train,336,18562,hicaz,sarki,agiraksak,hali_nezimde,sevki_bey,8
nihavent--fantezi--sofyan--sarahaten_acaba--ali_rifat_cagatay.npy,train,433,19994,nihavent,fantezi,sofyan,sarahaten_acaba,ali_rifat_cagatay,23
huzzam--sarki--aksak--gonul_dustu--kemenceci_usta_yani.npy,train,250,8131,huzzam,sarki,aksak,gonul_dustu,kemenceci_usta_yani,14
nikriz--seyir--duyek--1--erol_bingol.npy,train,57,3190,nikriz,seyir,duyek,1,erol_bingol,24
acemkurdi--sarki--semai--bak_yine--izzet_altinbas.npy,train,469,24996,acemkurdi,sarki,semai,bak_yine,izzet_altinbas,1
ussak--sarki--sofyan--gamzedeyim_deva--tatyos_efendi.npy,train,539,17996,ussak,sarki,sofyan,gamzedeyim_deva,tatyos_efendi,37
huseyni--turku--curcuna--coban_kizi--.npy,train,461,13948,huseyni,turku,curcuna,coban_kizi,,13
huseyni--aranagme--aksak--1--.npy,train,86,5138,huseyni,aranagme,aksak,1,,13
nikriz--turku--ciftesofyan--penceresi_yola--.npy,train,394,12596,nikriz,turku,ciftesofyan,penceresi_yola,,24
acemkurdi--sarki--yuruksemai--bari_felek--nikogos_aga.npy,train,326,18604,acemkurdi,sarki,yuruksemai,bari_felek,nikogos_aga,1
hicaz--ornek_oz--sofyan--1--ruhi_ayangil.npy,train,27,1590,hicaz,ornek_oz,sofyan,1,ruhi_ayangil,8
acemkurdi--aranagme--curcuna--1--.npy,train,100,4995,acemkurdi,aranagme,curcuna,1,,1
nihavent--sarki--nimsofyan--biz_camlicanin--yesari_asim_arsoy.npy,train,284,9406,nihavent,sarki,nimsofyan,biz_camlicanin,yesari_asim_arsoy,23
nikriz--sirto--nimsofyan----tanburi_cemil_bey.npy,train,342,6284,nikriz,sirto,nimsofyan,,tanburi_cemil_bey,24
muhayyer--turku--aksak--serenler--burdur.npy,train,450,19029,muhayyer,turku,aksak,serenler,burdur,20
huzzam--seyir--semai--1--rauf_yekta.npy,train,66,4792,huzzam,seyir,semai,1,rauf_yekta,14
tahir--turku--sofyan--kayada_yatan--ankara.npy,train,270,7266,tahir,turku,sofyan,kayada_yatan,ankara,36
suzinak_zirgule--sarki--duyek--sen_ayrilik--omer_dilek.npy,train,292,17838,suzinak_zirgule,sarki,duyek,sen_ayrilik,omer_dilek,35
sultaniyegah--sarki--aksak--habide_olan--udi_sami_bey.npy,train,495,18574,sultaniyegah,sarki,aksak,habide_olan,udi_sami_bey,32
huseyni--pesrev--havi----dervis_mustafa.npy,train,532,34654,huseyni,pesrev,havi,,dervis_mustafa,13
karcigar--sarki--duyek--bir_kiz_ile--sadettin_kaynak.npy,train,656,49495,karcigar,sarki,duyek,bir_kiz_ile,sadettin_kaynak,16
gerdaniye--turku--sofyan--bin_derdim--maras.npy,train,692,17366,gerdaniye,turku,sofyan,bin_derdim,maras,7
buselik--sarki--aksak--cehrendeki_tilsimda--yilmaz_karakoyunlu.npy,train,375,17740,buselik,sarki,aksak,cehrendeki_tilsimda,yilmaz_karakoyunlu,4
segah--sarki--duyek--askin_o_sihirli--erol_sayan.npy,train,263,9140,segah,sarki,duyek,askin_o_sihirli,erol_sayan,29
buselik--yuruksemai--yuruksemai--dehr_olmada--dede_efendi.npy,train,420,31368,buselik,yuruksemai,yuruksemai,dehr_olmada,dede_efendi,4
nikriz--longa--nimsofyan----tanburi_cemil_bey.npy,train,384,10121,nikriz,longa,nimsofyan,,tanburi_cemil_bey,24
yegah--sarki--duyek--ay_buyurken--alaeddin_yavasca.npy,train,314,22465,yegah,sarki,duyek,ay_buyurken,alaeddin_yavasca,38
hicaz_humayun--sarki--aksak--kurbanin_olam--haci_arif_bey.npy,train,214,11068,hicaz_humayun,sarki,aksak,kurbanin_olam,haci_arif_bey,9
segah--sarki--raksaksagi--herkes_gitti--refik_fersan.npy,train,197,9647,segah,sarki,raksaksagi,herkes_gitti,refik_fersan,29
acemkurdi--sarki--kapali_curcuna--yukselen_nagmenle--muzaffer_ilkar.npy,train,313,15593,acemkurdi,sarki,kapali_curcuna,yukselen_nagmenle,muzaffer_ilkar,1
nihavent--sazsemaisi--aksaksemai----vecdi_seyhun.npy,train,2964,28864,nihavent,sazsemaisi,aksaksemai,,vecdi_seyhun,23
ussak--sarki--aksak--daglar_dayanmaz--sevki_bey.npy,train,422,16725,ussak,sarki,aksak,daglar_dayanmaz,sevki_bey,37
suzinak--turku--oynak--a_benim--osman_pehlivan.npy,train,258,8996,suzinak,turku,oynak,a_benim,osman_pehlivan,34
hicaz--sarki--agiraksak--seni_sevda--leyla_saz.npy,train,529,22901,hicaz,sarki,agiraksak,seni_sevda,leyla_saz,8
hisarbuselik--aranagme--yuruksemai_ii--1--.npy,train,140,6742,hisarbuselik,aranagme,yuruksemai_ii,1,,12
nikriz--zeybek--aksak--sobalarinda_guru--denizli.npy,train,560,24002,nikriz,zeybek,aksak,sobalarinda_guru,denizli,24
segah--tekbir--durakevferi--allah_u_ekber--itri.npy,train,41,3400,segah,tekbir,durakevferi,allah_u_ekber,itri,29
rast--turku--sofyan--kalenin_dibinde--kerkuk.npy,train,752,20522,rast,turku,sofyan,kalenin_dibinde,kerkuk,26
mahur--aranagme--senginsemai--1--.npy,train,122,4355,mahur,aranagme,senginsemai,1,,19
mahur--mars--sofyan--gafil_ne--muallim_ismail_hakki_bey.npy,train,769,22296,mahur,mars,sofyan,gafil_ne,muallim_ismail_hakki_bey,19
nihavent--sarki--turkaksagi--ben_buy-i--haci_arif_bey.npy,train,531,20026,nihavent,sarki,turkaksagi,ben_buy-i,haci_arif_bey,23
acemkurdi--pesrev--fahte----muallim_ismail_hakki_bey.npy,train,577,25007,acemkurdi,pesrev,fahte,,muallim_ismail_hakki_bey,1
nisaburek--seyir--sofyan--1--sefik_gurmeric.npy,train,79,6380,nisaburek,seyir,sofyan,1,sefik_gurmeric,25
hicaz_humayun--sarki--duyek--yarin_bahcesinde--atif_bastug.npy,train,498,23266,hicaz_humayun,sarki,duyek,yarin_bahcesinde,atif_bastug,9
saba--seyir--semai--1--rauf_yekta.npy,train,72,4792,saba,seyir,semai,1,rauf_yekta,27
kurdilihicazkar--sarki--aksak--mahrum-i_sevkim--rahmi_bey.npy,train,428,20423,kurdilihicazkar,sarki,aksak,mahrum-i_sevkim,rahmi_bey,18
huseyni--sarki--aksak--arzetmedigim--emin_ongan.npy,train,439,19860,huseyni,sarki,aksak,arzetmedigim,emin_ongan,13
nihavent--sarki--senginsemai--bin_gul--lemi_atli.npy,train,447,19663,nihavent,sarki,senginsemai,bin_gul,lemi_atli,23
nisaburek--sarki--senginsemai--gormek_ister--garbis_efendi.npy,train,527,25572,nisaburek,sarki,senginsemai,gormek_ister,garbis_efendi,25
sehnaz--seyir--sofyan--1--sefik_gurmeric.npy,train,84,5190,sehnaz,seyir,sofyan,1,sefik_gurmeric,30
segah--pesrev--sakil--karabatak--hizir_aga.npy,train,474,15952,segah,pesrev,sakil,karabatak,hizir_aga,29
ussak--ilahi--duyek--dostun_senden--ali_rifat_cagatay.npy,train,214,12330,ussak,ilahi,duyek,dostun_senden,ali_rifat_cagatay,37
rast--sarki--curcuna--gamdan_azade--rifat_bey.npy,train,449,21662,rast,sarki,curcuna,gamdan_azade,rifat_bey,26
acemkurdi--sazsemaisi--aksaksemai----muallim_ismail_hakki_bey.npy,train,733,31635,acemkurdi,sazsemaisi,aksaksemai,,muallim_ismail_hakki_bey,1
hicaz_humayun--turku--turkaksagi--beni_seni--trabzon.npy,train,174,5628,hicaz_humayun,turku,turkaksagi,beni_seni,trabzon,9
rast--etud--sofyan----ozer_ozel.npy,train,82,1767,rast,etud,sofyan,,ozer_ozel,26
huseyni--zeybek--agiraksak--sarizeybek--osman_pehlivan.npy,train,302,13095,huseyni,zeybek,agiraksak,sarizeybek,osman_pehlivan,13
muhayyer--turku--nimsofyan--ben_de--adana.npy,train,578,14851,muhayyer,turku,nimsofyan,ben_de,adana,20
acemasiran--selam--mevlevievferi--bi_dil--huseyin_fahreddin_dede.npy,train,371,17993,acemasiran,selam,mevlevievferi,bi_dil,huseyin_fahreddin_dede,0
neva--nakis--yuruksemai--bir_zaman--hatibzade_osman_efendi.npy,train,639,31061,neva,nakis,yuruksemai,bir_zaman,hatibzade_osman_efendi,22
huzzam--sarki--agiraksak--sabrimi_gamzelerin--bimen_sen.npy,train,586,23869,huzzam,sarki,agiraksak,sabrimi_gamzelerin,bimen_sen,14
rast--sarki--duyek--sevdim_seni--adnan_aydemir.npy,train,346,18000,rast,sarki,duyek,sevdim_seni,adnan_aydemir,26
muhayyerkurdi--pesrev--devrikebir----asdik_aga.npy,train,556,17215,muhayyerkurdi,pesrev,devrikebir,,asdik_aga,21
beyati--beste--hafif--bir_gonca_femin--dede_efendi.npy,train,882,37622,beyati,beste,hafif,bir_gonca_femin,dede_efendi,3
gerdaniye--seyir--senginsemai--1--erol_bingol.npy,train,65,4790,gerdaniye,seyir,senginsemai,1,erol_bingol,7
saba--sarki--agiraksak--fasl-i_guldur--sivelioglu_yorgaki.npy,train,342,16359,saba,sarki,agiraksak,fasl-i_guldur,sivelioglu_yorgaki,27
mahur--sarki--duyek--gul_mevsimi--tanburi_mustafa_cavus.npy,train,876,32974,mahur,sarki,duyek,gul_mevsimi,tanburi_mustafa_cavus,19
ussak--sarki--nimsofyan--yillar_sonra--cahit_deniz.npy,train,664,25447,ussak,sarki,nimsofyan,yillar_sonra,cahit_deniz,37
muhayyerkurdi--sarki--nimsofyan--bildir_guzel--kipti_husnu_efendi.npy,train,376,11190,muhayyerkurdi,sarki,nimsofyan,bildir_guzel,kipti_husnu_efendi,21
sevkefza--seyir--semai--1--rauf_yekta.npy,train,81,4792,sevkefza,seyir,semai,1,rauf_yekta,31
suzidil--sarki--aksak--sana_ben_arz-i--garbis_efendi.npy,train,673,25711,suzidil,sarki,aksak,sana_ben_arz-i,garbis_efendi,33
acemasiran--aranagme--curcuna--1--.npy,train,124,4681,acemasiran,aranagme,curcuna,1,,0
hicaz--sarki--agiraksak--severim_can_u--sevki_bey.npy,train,432,21437,hicaz,sarki,agiraksak,severim_can_u,sevki_bey,8
buselik--sarki--turkaksagi--dun_gece_sende--sakir_aga.npy,train,620,14674,buselik,sarki,turkaksagi,dun_gece_sende,sakir_aga,4
gerdaniye--turku--sofyan--cabur_dagdan--urfa.npy,train,506,15997,gerdaniye,turku,sofyan,cabur_dagdan,urfa,7
rast--kupe--devrirevanihindi--kavli_de--ahmet_avni_konuk.npy,train,126,6581,rast,kupe,devrirevanihindi,kavli_de,ahmet_avni_konuk,26
huzzam--sarki--sofyan--solgun_durma--munir_nurettin_selcuk.npy,train,643,19972,huzzam,sarki,sofyan,solgun_durma,munir_nurettin_selcuk,14
huzzam--turku--ikizaksak--cirpinirdi_karadeniz--uzeyir_hacibeyov.npy,train,320,11994,huzzam,turku,ikizaksak,cirpinirdi_karadeniz,uzeyir_hacibeyov,14
tahir--turku--musemmen_ii--hem_okudum--corum.npy,train,354,14988,tahir,turku,musemmen_ii,hem_okudum,corum,36
nihavent--sarki--yuruksemai_ii--ates_alevde--ozgen_gurbuz.npy,train,608,20526,nihavent,sarki,yuruksemai_ii,ates_alevde,ozgen_gurbuz,23
hicaz--sarki--aksak--hastayim_yasiyorum--udi_hrant.npy,train,406,14245,hicaz,sarki,aksak,hastayim_yasiyorum,udi_hrant,8
ussak--ornek_oz--turkaksagi--1--ruhi_ayangil.npy,train,27,1993,ussak,ornek_oz,turkaksagi,1,ruhi_ayangil,37
tahir--turku--kapali_curcuna--don_beri--urfa.npy,train,338,10263,tahir,turku,kapali_curcuna,don_beri,urfa,36
mahur--sazsemaisi--aksaksemai----nikolaki.npy,train,592,20687,mahur,sazsemaisi,aksaksemai,,nikolaki,19
hicaz--sarki--nimsofyan--sari_kurdelem--fahri_kayahan.npy,train,612,19100,hicaz,sarki,nimsofyan,sari_kurdelem,fahri_kayahan,8
huseyni--aranagme--raksaksagi--1--.npy,train,58,2394,huseyni,aranagme,raksaksagi,1,,13
acemasiran--sarki--curcuna--neden_kalbim--nasibin_mehmet_yuru.npy,train,309,10961,acemasiran,sarki,curcuna,neden_kalbim,nasibin_mehmet_yuru,0
huzzam--sarki--aksak--vefa_yoktur--tanburi_mustafa_cavus.npy,train,158,8071,huzzam,sarki,aksak,vefa_yoktur,tanburi_mustafa_cavus,14
hisarbuselik--turku--azeriyuruksemai--diliyrem_ki--sinan_sipahi.npy,train,512,18882,hisarbuselik,turku,azeriyuruksemai,diliyrem_ki,sinan_sipahi,12
hicaz--turku--evfer--horozumun_tuyleri--istanbul.npy,train,292,10413,hicaz,turku,evfer,horozumun_tuyleri,istanbul,8
muhayyer--pesrev--devrikebir----tanburi_cemil_bey.npy,train,683,30325,muhayyer,pesrev,devrikebir,,tanburi_cemil_bey,20
nihavent--beste--fahte--aciyaydi_bana--muallim_ismail_hakki_bey.npy,train,182,13904,nihavent,beste,fahte,aciyaydi_bana,muallim_ismail_hakki_bey,23
hicaz_uzzal--sarki--yuruksemai--affeyle_sucum--sevki_bey.npy,train,304,15735,hicaz_uzzal,sarki,yuruksemai,affeyle_sucum,sevki_bey,10
segah--aranagme--yuruksemai_ii--1--.npy,train,70,3195,segah,aranagme,yuruksemai_ii,1,,29
nihavent--sarki--aksak--hatirlar_misin_beni--vecdi_seyhun.npy,train,306,13500,nihavent,sarki,aksak,hatirlar_misin_beni,vecdi_seyhun,23
mahur--sarki--duyek--kadehin_dudagimda--rustu_eric.npy,train,416,15996,mahur,sarki,duyek,kadehin_dudagimda,rustu_eric,19
kurdilihicazkar--kupe--devrirevanihindi--tarz-i_kurdili--ahmet_avni_konuk.npy,train,119,6581,kurdilihicazkar,kupe,devrirevanihindi,tarz-i_kurdili,ahmet_avni_konuk,18
gerdaniye--rumeliturkusu--dolap--kirimdan_gelirim--rumeli.npy,train,301,10378,gerdaniye,rumeliturkusu,dolap,kirimdan_gelirim,rumeli,7
hicaz_humayun--rumeliturkusu--devrituran--gidem_dedim--rumeli.npy,train,332,10357,hicaz_humayun,rumeliturkusu,devrituran,gidem_dedim,rumeli,9
nihavent--sarki--senginsemai--bir_gun--musa_sureyya_bey.npy,train,520,25923,nihavent,sarki,senginsemai,bir_gun,musa_sureyya_bey,23
segah--sazsemaisi--aksaksemai----nayi_osman_dede.npy,train,398,21174,segah,sazsemaisi,aksaksemai,,nayi_osman_dede,29
karcigar--kocekce--aksak--girdi_gonul--dede_efendi.npy,train,340,15574,karcigar,kocekce,aksak,girdi_gonul,dede_efendi,16
huseyni--sarki--duyek--her_seherde--nihat_adlim.npy,train,322,20243,huseyni,sarki,duyek,her_seherde,nihat_adlim,13
nihavent--karsilama--sofyan----merzifon.npy,train,859,15057,nihavent,karsilama,sofyan,,merzifon,23
kurdilihicazkar--pesrev--muhammes----tanburi_cemil_bey.npy,train,851,31906,kurdilihicazkar,pesrev,muhammes,,tanburi_cemil_bey,18
karcigar--kocekce--oynak--iki_de_durnam--dede_efendi.npy,train,17,641,karcigar,kocekce,oynak,iki_de_durnam,dede_efendi,16
yegah--sarki--kapali_curcuna--ruhlerin_ey--tanburi_ali_efendi.npy,train,227,10831,yegah,sarki,kapali_curcuna,ruhlerin_ey,tanburi_ali_efendi,38
segah--pesrev--devrikebir----nayi_osman_dede.npy,train,214,17215,segah,pesrev,devrikebir,,nayi_osman_dede,29
ussak--sarki--agiraksak--reng-i_ruhsarina--sevki_bey.npy,train,344,14357,ussak,sarki,agiraksak,reng-i_ruhsarina,sevki_bey,37
sehnaz--turku--sofyan--arpa_bugday--orta_anadolu.npy,train,276,6690,sehnaz,turku,sofyan,arpa_bugday,orta_anadolu,30
rast--turku--devrituran--oynayin_kiz--trabzon.npy,train,208,5599,rast,turku,devrituran,oynayin_kiz,trabzon,26
segah--sazeseri--sofyan--uc_turkoglu--aksehir.npy,train,442,10664,segah,sazeseri,sofyan,uc_turkoglu,aksehir,29
rast--sarki--duyek--saclarin_tarumar--sekip_ayhan_ozisik.npy,train,423,23182,rast,sarki,duyek,saclarin_tarumar,sekip_ayhan_ozisik,26
segah--salatiummiye--aksaksemaievferi--allahumme_salli--itri.npy,train,46,2527,segah,salatiummiye,aksaksemaievferi,allahumme_salli,itri,29
nihavent--sarki--semai--icimde_nice--avni_anil.npy,train,541,28636,nihavent,sarki,semai,icimde_nice,avni_anil,23
nihavent--yuruksemai--yuruksemai--ayrildi_gonul--zeki_duygulu.npy,train,484,20995,nihavent,yuruksemai,yuruksemai,ayrildi_gonul,zeki_duygulu,23
suzidil--sarki--evfer--yandikca_oldu--tanburi_ali_efendi.npy,train,330,11954,suzidil,sarki,evfer,yandikca_oldu,tanburi_ali_efendi,33
muhayyer--turku--sofyan--yandim_allah--sivas.npy,train,546,21320,muhayyer,turku,sofyan,yandim_allah,sivas,20
tahir--tesbih--sofyan--allahumme--ali_ufki.npy,train,304,15989,tahir,tesbih,sofyan,allahumme,ali_ufki,36
muhayyer--turku--duyek--zehram_bana--yesari_asim_arsoy.npy,train,396,13086,muhayyer,turku,duyek,zehram_bana,yesari_asim_arsoy,20
huzzam--sarki--duyek--beklerim_her_gun--ismail_hakki_nebiloglu.npy,train,696,24590,huzzam,sarki,duyek,beklerim_her_gun,ismail_hakki_nebiloglu,14
acemkurdi--fantezi--sofyan--sana_oyle--alaaddin_pakyuz.npy,train,496,21407,acemkurdi,fantezi,sofyan,sana_oyle,alaaddin_pakyuz,1
mahur--seyir--sofyan--1--sefik_gurmeric.npy,train,96,6380,mahur,seyir,sofyan,1,sefik_gurmeric,19
huseyni--turku--raksaksagi--menekse_kokulu--.npy,train,484,14395,huseyni,turku,raksaksagi,menekse_kokulu,,13
nisaburek--sarki--yuruksemai_ii--meyledip_bir--ali_rifat_cagatay.npy,train,762,24756,nisaburek,sarki,yuruksemai_ii,meyledip_bir,ali_rifat_cagatay,25
hicaz_humayun--sarki--agirduyek--var_mi--haci_arif_bey.npy,train,333,15994,hicaz_humayun,sarki,agirduyek,var_mi,haci_arif_bey,9
segah--turku--aksak--binnaz--usak.npy,train,520,14891,segah,turku,aksak,binnaz,usak,29
acemasiran--sarki--yuruksemai_ii--gel_ey--aleko_bacanos.npy,train,366,17454,acemasiran,sarki,yuruksemai_ii,gel_ey,aleko_bacanos,0
bestenigar--sarki--duyek--yakti_cihani--ismet_aga.npy,train,272,10658,bestenigar,sarki,duyek,yakti_cihani,ismet_aga,2
mahur--sarki--duyek--bu_son_sarkimda--muzaffer_ilkar.npy,train,779,36499,mahur,sarki,duyek,bu_son_sarkimda,muzaffer_ilkar,19
suzinak_zirgule--seyir--aksak--1--erol_bingol.npy,train,62,3588,suzinak_zirgule,seyir,aksak,1,erol_bingol,35
huseyni--turku--yuruksemai--bir_hisminan--kars.npy,train,270,8194,huseyni,turku,yuruksemai,bir_hisminan,kars,13
nihavent--sarki--sofyan--anla_artik--yildirim_gurses.npy,train,675,18430,nihavent,sarki,sofyan,anla_artik,yildirim_gurses,23
rast--sarki--senginsemai--bu_zevk_u_safa--lemi_atli.npy,train,276,19658,rast,sarki,senginsemai,bu_zevk_u_safa,lemi_atli,26
muhayyer--sarki--curcuna--batan_gun--sadettin_kaynak.npy,train,634,26608,muhayyer,sarki,curcuna,batan_gun,sadettin_kaynak,20
hicaz--sarki--semai--bulbulun_cilesi--yusuf_nalkesen.npy,train,516,20993,hicaz,sarki,semai,bulbulun_cilesi,yusuf_nalkesen,8
yegah--sarki--kapali_curcuna--mutad_edeli--sevki_bey.npy,train,344,15424,yegah,sarki,kapali_curcuna,mutad_edeli,sevki_bey,38
ferahfeza--seyir--semai--1--rauf_yekta.npy,train,72,4792,ferahfeza,seyir,semai,1,rauf_yekta,6
gerdaniye--turku--raksaksagi--penceresi_yesil--konya.npy,train,294,10001,gerdaniye,turku,raksaksagi,penceresi_yesil,konya,7
kurdi--turku--agiraksak--elif_dedim--kutahya.npy,train,391,16775,kurdi,turku,agiraksak,elif_dedim,kutahya,17
nihavent--sarki--curcuna--saclarina_baglanali--rahmi_bey.npy,train,313,18205,nihavent,sarki,curcuna,saclarina_baglanali,rahmi_bey,23
huzzam--sarki--duyek--seni_sesini--sadi_hosses.npy,train,383,23219,huzzam,sarki,duyek,seni_sesini,sadi_hosses,14
ussak--turku--nimsofyan--urfaliyam_ezelden--.npy,train,358,8998,ussak,turku,nimsofyan,urfaliyam_ezelden,,37
hicaz--sarki--curcuna--sislendi_hava--rifat_bey.npy,train,306,13087,hicaz,sarki,curcuna,sislendi_hava,rifat_bey,8
sedaraban--kupe--yuruksemai_ii--dinlese_sedd-i--ahmet_avni_konuk.npy,train,77,4785,sedaraban,kupe,yuruksemai_ii,dinlese_sedd-i,ahmet_avni_konuk,28
saba--sarki--sofyan--asikina_eylemez--numan_aga.npy,train,167,6695,saba,sarki,sofyan,asikina_eylemez,numan_aga,27
hicaz_humayun--agirsemai--aksaksemai--kul_oldum--ibrahim_aga.npy,train,631,26384,hicaz_humayun,agirsemai,aksaksemai,kul_oldum,ibrahim_aga,9
beyati--sarki--devrihindi--nar-i_firkat--mahmud_celaleddin_pasa.npy,train,516,16319,beyati,sarki,devrihindi,nar-i_firkat,mahmud_celaleddin_pasa,3
nikriz--sarki--aksak--elmas_senin--tanburi_mustafa_cavus.npy,train,559,13967,nikriz,sarki,aksak,elmas_senin,tanburi_mustafa_cavus,24
acemasiran--sarki--aksak--o_tebessum--ismail_baha_surelsan.npy,train,540,21447,acemasiran,sarki,aksak,o_tebessum,ismail_baha_surelsan,0
acemkurdi--sarki--duyek--artik_gelecek--arif_sami_toker.npy,train,477,18817,acemkurdi,sarki,duyek,artik_gelecek,arif_sami_toker,1
beyati--sarki--aksak--ne_semtden--kemani_riza_efendi.npy,train,564,14662,beyati,sarki,aksak,ne_semtden,kemani_riza_efendi,3
muhayyer--sarki--aksak--dilde_rast--serif_icli.npy,train,270,9257,muhayyer,sarki,aksak,dilde_rast,serif_icli,20
huzzam--sarki--curcuna--ayrilik_umitlerin--avni_anil.npy,train,319,21651,huzzam,sarki,curcuna,ayrilik_umitlerin,avni_anil,14
ussak--sarki--curcuna--esiri_zulfunum--sevki_bey.npy,train,397,15332,ussak,sarki,curcuna,esiri_zulfunum,sevki_bey,37
suzinak_zirgule--sarki--devrihindi--dogdugum_gunden--muallim_ismail_hakki_bey.npy,train,288,11195,suzinak_zirgule,sarki,devrihindi,dogdugum_gunden,muallim_ismail_hakki_bey,35
ussak--turku--nimsofyan--sarardim_ben--.npy,train,702,17425,ussak,turku,nimsofyan,sarardim_ben,,37
kurdilihicazkar--seyir--senginsemai--1--erol_bingol.npy,train,56,4790,kurdilihicazkar,seyir,senginsemai,1,erol_bingol,18
mahur--sarki--musemmen--gosterip_agyare--haci_arif_bey.npy,train,623,26445,mahur,sarki,musemmen,gosterip_agyare,haci_arif_bey,19
rast--sarki--semai--yine_bir_gulnihal--dede_efendi.npy,train,239,11514,rast,sarki,semai,yine_bir_gulnihal,dede_efendi,26
nihavent--fantezi--sofyan--durusun_andirir--unal_narcin.npy,train,738,24681,nihavent,fantezi,sofyan,durusun_andirir,unal_narcin,23
hicaz--sarki--semai--tadi_yok--muzaffer_ilkar.npy,train,451,23390,hicaz,sarki,semai,tadi_yok,muzaffer_ilkar,8
hicaz--sarki--nimsofyan--cok_yasa--muhlis_sabahaddin_ezgi.npy,train,220,8527,hicaz,sarki,nimsofyan,cok_yasa,muhlis_sabahaddin_ezgi,8
sultaniyegah--sazsemaisi--aksaksemai----kanuni_haci_arif_bey.npy,train,676,23675,sultaniyegah,sazsemaisi,aksaksemai,,kanuni_haci_arif_bey,32
nisaburek--turku--aksak--fincani_tastan--.npy,train,399,10978,nisaburek,turku,aksak,fincani_tastan,,25
ferahfeza--kupe--yuruksemai_ii--bir_nigah-i--ahmet_avni_konuk.npy,train,79,4785,ferahfeza,kupe,yuruksemai_ii,bir_nigah-i,ahmet_avni_konuk,6
suzidil--seyir--aksak--1--erol_bingol.npy,train,55,3588,suzidil,seyir,aksak,1,erol_bingol,33
acemasiran--sarki--agiraksak--mahveder_her--neyzen_riza_bey.npy,train,357,16259,acemasiran,sarki,agiraksak,mahveder_her,neyzen_riza_bey,0
rast--aranagme--curcuna--1--.npy,train,62,2495,rast,aranagme,curcuna,1,,26
muhayyer--sarki--kapali_curcuna--ol_gonca--sevki_bey.npy,train,379,19386,muhayyer,sarki,kapali_curcuna,ol_gonca,sevki_bey,20
rast--pesrev--sakil----benli_hasan_aga.npy,train,328,20253,rast,pesrev,sakil,,benli_hasan_aga,26
huseyni--sazsemaisi--aksaksemai----tatyos_efendi.npy,train,910,27415,huseyni,sazsemaisi,aksaksemai,,tatyos_efendi,13
isfahan--sarki--aksak--asik_olali--dede_efendi.npy,train,310,12265,isfahan,sarki,aksak,asik_olali,dede_efendi,15
sedaraban--sarki--agiraksak--gam_seni--muallim_kazim_uz.npy,train,458,18006,sedaraban,sarki,agiraksak,gam_seni,muallim_kazim_uz,28
beyati--sarki--ciftesofyan--cikalim_sayd_u--tanburi_mustafa_cavus.npy,train,680,17829,beyati,sarki,ciftesofyan,cikalim_sayd_u,tanburi_mustafa_cavus,3
segah--turku--sofyan--acem_ulkesinde--erzurum.npy,train,352,14137,segah,turku,sofyan,acem_ulkesinde,erzurum,29
rast--cocuksarkisi--sofyan--yavru_kuslar--.npy,train,172,5997,rast,cocuksarkisi,sofyan,yavru_kuslar,,26
muhayyer--turku--turkaksagi--vardim_hind--erzincan.npy,train,346,19171,muhayyer,turku,turkaksagi,vardim_hind,erzincan,20
huzzam--sarki--turkaksagi--sevdasi_henuz--yorgo_bacanos.npy,train,480,15400,huzzam,sarki,turkaksagi,sevdasi_henuz,yorgo_bacanos,14
hicaz--sarki--duyek--yalancinin_birine--necdet_tokatlioglu.npy,train,436,20200,hicaz,sarki,duyek,yalancinin_birine,necdet_tokatlioglu,8
isfahan--sazsemaisi--aksaksemai----tanburi_cemil_bey.npy,train,701,25666,isfahan,sazsemaisi,aksaksemai,,tanburi_cemil_bey,15
kurdilihicazkar--longa--nimsofyan----haydar_tatliyay.npy,train,652,17863,kurdilihicazkar,longa,nimsofyan,,haydar_tatliyay,18
hicazkar--kosma--sofyan--melin_mahzun--muallim_ismail_hakki_bey.npy,train,433,19074,hicazkar,kosma,sofyan,melin_mahzun,muallim_ismail_hakki_bey,11
huseyni--karsilama--evfer--trakya_karsilamasi--.npy,train,611,21816,huseyni,karsilama,evfer,trakya_karsilamasi,,13
hicaz_humayun--fantezi--nimsofyan--ufuklara_yaslanmis--kaptanzade_ali_riza_bey.npy,train,406,17610,hicaz_humayun,fantezi,nimsofyan,ufuklara_yaslanmis,kaptanzade_ali_riza_bey,9
hisarbuselik--turku--curcuna--araz_uste--.npy,train,5,199,hisarbuselik,turku,curcuna,araz_uste,,12
suzidil--agirsemai--aksaksemai--beni_ey--sadullah_aga.npy,train,551,25993,suzidil,agirsemai,aksaksemai,beni_ey,sadullah_aga,33
mahur--sarki--nimsofyan--cek_kuregi_guzelim--arif_sami_toker.npy,train,351,14217,mahur,sarki,nimsofyan,cek_kuregi_guzelim,arif_sami_toker,19
sedaraban--etud--sofyan----ozer_ozel.npy,train,82,1767,sedaraban,etud,sofyan,,ozer_ozel,28
saba--sarki--aksak--bakisin_ahuya--omer_dilek.npy,train,306,13846,saba,sarki,aksak,bakisin_ahuya,omer_dilek,27
sultaniyegah--sarki--senginsemai--al_sazini--bimen_sen.npy,train,488,19991,sultaniyegah,sarki,senginsemai,al_sazini,bimen_sen,32
muhayyer--sarki--aksak--humari_yok--haci_arif_bey.npy,train,369,14304,muhayyer,sarki,aksak,humari_yok,haci_arif_bey,20
kurdilihicazkar--sarki--kapali_curcuna--bitmez_tukenmez--selahattin_icli.npy,train,328,15333,kurdilihicazkar,sarki,kapali_curcuna,bitmez_tukenmez,selahattin_icli,18
acemkurdi--turku--duyek--ham_meyveyi--.npy,train,474,22395,acemkurdi,turku,duyek,ham_meyveyi,,1
segah--turku--iki_bir--ay_giz--kars.npy,train,195,6215,segah,turku,iki_bir,ay_giz,kars,29
mahur--sazsemaisi--aksaksemai----gazi_giray_han.npy,train,494,29145,mahur,sazsemaisi,aksaksemai,,gazi_giray_han,19
mahur--tavsanca--aksak--nazar_etti--tanburi_mustafa_cavus.npy,train,405,17264,mahur,tavsanca,aksak,nazar_etti,tanburi_mustafa_cavus,19
nisaburek--sarki--musemmen--iftirakinla_efendim--cevdet_cagla.npy,train,331,14404,nisaburek,sarki,musemmen,iftirakinla_efendim,cevdet_cagla,25
huzzam--sarki--duyek--omrumuzun_son--selahattin_altinbas.npy,train,332,12133,huzzam,sarki,duyek,omrumuzun_son,selahattin_altinbas,14
isfahan--sarki--curcuna--sevdigim_vaslini--.npy,train,502,20620,isfahan,sarki,curcuna,sevdigim_vaslini,,15
kurdilihicazkar--sarki--aksak--nazarin_fikrime--leyla_saz.npy,train,382,17234,kurdilihicazkar,sarki,aksak,nazarin_fikrime,leyla_saz,18
rast--sarki--duyek--sensiz_kalan--irfan_ozbakir.npy,train,479,21595,rast,sarki,duyek,sensiz_kalan,irfan_ozbakir,26
rast--sarki--sofyan--karli_dagi--rifat_bey.npy,train,277,10815,rast,sarki,sofyan,karli_dagi,rifat_bey,26
saba--sarki--senginsemai--yollarda_kalan--bimen_sen.npy,train,402,19628,saba,sarki,senginsemai,yollarda_kalan,bimen_sen,27
huzzam--sarki--duyek--a_canim--tanburi_mustafa_cavus.npy,train,485,19209,huzzam,sarki,duyek,a_canim,tanburi_mustafa_cavus,14
suzinak_zirgule--sarki--aksak--beni_bizar--haci_arif_bey.npy,train,550,17829,suzinak_zirgule,sarki,aksak,beni_bizar,haci_arif_bey,35
yegah--aranagme--aksak--1--.npy,train,69,3209,yegah,aranagme,aksak,1,,38
segah--turku--aksak--cemberim_de--biga.npy,train,380,17291,segah,turku,aksak,cemberim_de,biga,29
huzzam--sarki--agiraksak--ey_sabah-i--leyla_saz.npy,train,635,27279,huzzam,sarki,agiraksak,ey_sabah-i,leyla_saz,14
rast--sarki--duyek--bana_nasil--alaeddin_yavasca.npy,train,570,25704,rast,sarki,duyek,bana_nasil,alaeddin_yavasca,26
nihavent--sarki--duyek--su_guzeller--necip_mirkelamoglu.npy,train,284,12795,nihavent,sarki,duyek,su_guzeller,necip_mirkelamoglu,23
hisarbuselik--yuruksemai--yuruksemai_ii--yine_bezm-i--dede_efendi.npy,train,502,23432,hisarbuselik,yuruksemai,yuruksemai_ii,yine_bezm-i,dede_efendi,12
hisarbuselik--beste--cenber--zahm-i_sinem--zekai_dede.npy,train,362,18011,hisarbuselik,beste,cenber,zahm-i_sinem,zekai_dede,12
hicaz--sarki--aksak--bilmiyorum--sevki_bey.npy,train,326,19627,hicaz,sarki,aksak,bilmiyorum,sevki_bey,8
buselik--turku--azeriyuruksemai--daglara_cen--.npy,train,501,10729,buselik,turku,azeriyuruksemai,daglara_cen,,4
acemkurdi--aranagme--duyek--1--.npy,train,58,2130,acemkurdi,aranagme,duyek,1,,1
suzinak--pesrev--devrikebir----nayi_emin_dede.npy,train,171,9317,suzinak,pesrev,devrikebir,,nayi_emin_dede,34
hicaz--sarki--agiraksak--derdimi_ummana--serif_icli.npy,train,777,23869,hicaz,sarki,agiraksak,derdimi_ummana,serif_icli,8
gerdaniye--turku--turkaksagi--uca_daglarin--erzurum.npy,train,213,6279,gerdaniye,turku,turkaksagi,uca_daglarin,erzurum,7
beyati--sarki--duyek--emel-i_meyl-i--sevki_bey.npy,train,455,12692,beyati,sarki,duyek,emel-i_meyl-i,sevki_bey,3
kurdilihicazkar--sarki--aksak--def-i_nalis--tanburi_cemil_bey.npy,train,454,22794,kurdilihicazkar,sarki,aksak,def-i_nalis,tanburi_cemil_bey,18
ussak--kanto--sofyan--telgirafin_tellerine--.npy,train,420,13325,ussak,kanto,sofyan,telgirafin_tellerine,,37
segah--sarki--duyek--leyla_bir--sadettin_kaynak.npy,train,453,18317,segah,sarki,duyek,leyla_bir,sadettin_kaynak,29
segah--turku--sofyan--kalaliyam--urfa.npy,train,390,16658,segah,turku,sofyan,kalaliyam,urfa,29
hicazkar--sarki--agiraksak--kirsa_bin_tel--bimen_sen.npy,train,538,25408,hicazkar,sarki,agiraksak,kirsa_bin_tel,bimen_sen,11
acemasiran--selam--agirduyek--her_ruz--huseyin_fahreddin_dede.npy,train,660,46332,acemasiran,selam,agirduyek,her_ruz,huseyin_fahreddin_dede,0
huzzam--sarki--ciftesofyan--ey_gul-i--dede_efendi.npy,train,608,16796,huzzam,sarki,ciftesofyan,ey_gul-i,dede_efendi,14
segah--rumeliturkusu--raksaksagi--sana_da--rumeli.npy,train,672,16988,segah,rumeliturkusu,raksaksagi,sana_da,rumeli,29
buselik--aranagme--semai--1--.npy,train,78,3578,buselik,aranagme,semai,1,,4
nihavent--sarki--duyek--askim_bahardi--yildirim_gurses.npy,train,495,21600,nihavent,sarki,duyek,askim_bahardi,yildirim_gurses,23
acemasiran--sarki--aksak--lutfeyle_meded--dede_efendi.npy,train,228,11994,acemasiran,sarki,aksak,lutfeyle_meded,dede_efendi,0
segah--sarki--musemmen--gozlerinden_icti--sukru_senozan.npy,train,303,18000,segah,sarki,musemmen,gozlerinden_icti,sukru_senozan,29
ussak--sarki--duyek--gun_gelir_de--sekip_ayhan_ozisik.npy,train,492,19684,ussak,sarki,duyek,gun_gelir_de,sekip_ayhan_ozisik,37
saba--sarki--senginsemai--hasretle_anarken--yesari_asim_arsoy.npy,train,420,17082,saba,sarki,senginsemai,hasretle_anarken,yesari_asim_arsoy,27
karcigar--pesrev--cifteduyek----tatyos_efendi.npy,train,911,30716,karcigar,pesrev,cifteduyek,,tatyos_efendi,16
rast--sarki--aksak--bin_can_ile--tanburi_buyuk_osman_bey.npy,train,282,10902,rast,sarki,aksak,bin_can_ile,tanburi_buyuk_osman_bey,26
tahir--turku--sofyan--gine_gordum--yozgat.npy,train,414,11434,tahir,turku,sofyan,gine_gordum,yozgat,36
huseyni--aranagme--duyek--1--.npy,train,145,4929,huseyni,aranagme,duyek,1,,13
beyati--sazsemaisi--aksaksemai--arap--misirli_udi_ibrahim_efendi.npy,train,782,23327,beyati,sazsemaisi,aksaksemai,arap,misirli_udi_ibrahim_efendi,3
huzzam--turku--aksak--arabaya_tas--istanbul.npy,train,225,8739,huzzam,turku,aksak,arabaya_tas,istanbul,14
hicaz--sarki--aksak--bir_bahar--selahattin_pinar.npy,train,309,15923,hicaz,sarki,aksak,bir_bahar,selahattin_pinar,8
nihavent--sarki--semai--bekledim_de--yesari_asim_arsoy.npy,train,326,17457,nihavent,sarki,semai,bekledim_de,yesari_asim_arsoy,23
hicaz_humayun--sarki--devrihindi--benim_yarim--ahmet_uzel.npy,train,516,24021,hicaz_humayun,sarki,devrihindi,benim_yarim,ahmet_uzel,9
ussak--sarki--duyek--hem_bakarsin--ugur_uzunhekim.npy,train,573,24897,ussak,sarki,duyek,hem_bakarsin,ugur_uzunhekim,37
sevkefza--seyir--sofyan--1--sefik_gurmeric.npy,train,87,6380,sevkefza,seyir,sofyan,1,sefik_gurmeric,31
hisarbuselik--sazsemaisi--aksaksemai----tanburi_buyuk_osman_bey.npy,train,584,24365,hisarbuselik,sazsemaisi,aksaksemai,,tanburi_buyuk_osman_bey,12
suzidil--seyir--sofyan--1--sefik_gurmeric.npy,train,112,7190,suzidil,seyir,sofyan,1,sefik_gurmeric,33
hicaz--aranagme--aydin--1--.npy,train,64,2989,hicaz,aranagme,aydin,1,,8
mahur--agirsemai--aksaksemai--cihani_lal-i--itri.npy,train,249,9897,mahur,agirsemai,aksaksemai,cihani_lal-i,itri,19
nisaburek--seyir--devrihindi--1--erol_bingol.npy,train,82,5590,nisaburek,seyir,devrihindi,1,erol_bingol,25
huseyni--yuruksemai--yuruksemai--dok_dideden--tabi_mustafa_efendi.npy,train,304,18714,huseyni,yuruksemai,yuruksemai,dok_dideden,tabi_mustafa_efendi,13
segah--sarki--aksak--benim_sen--ahmet_rasim_bey.npy,train,608,17996,segah,sarki,aksak,benim_sen,ahmet_rasim_bey,29
hicazkar--sarki--duyek--birer_birer--omer_sami_gupgup.npy,train,390,18662,hicazkar,sarki,duyek,birer_birer,omer_sami_gupgup,11
hicaz--durak--durakevferi--allah_emrin--.npy,train,196,12363,hicaz,durak,durakevferi,allah_emrin,,8
ussak--yuruksemai--yuruksemai--ol_sim-beden--tabi_mustafa_efendi.npy,train,641,34089,ussak,yuruksemai,yuruksemai,ol_sim-beden,tabi_mustafa_efendi,37
rast--sarki--turkaksagi--esti_nesim-i_nevbahar--haci_arif_bey.npy,train,630,29080,rast,sarki,turkaksagi,esti_nesim-i_nevbahar,haci_arif_bey,26
karcigar--kocekce--oynak--bulbul_olsam--.npy,train,751,23126,karcigar,kocekce,oynak,bulbul_olsam,,16
hicazkar--sarki--aksak--nolur_bir--mildan_niyazi_bey.npy,train,297,16193,hicazkar,sarki,aksak,nolur_bir,mildan_niyazi_bey,11
acemkurdi--sarki--devrihindi--bir_vefasiz--selanikli_ahmed_bey.npy,train,367,14930,acemkurdi,sarki,devrihindi,bir_vefasiz,selanikli_ahmed_bey,1
huzzam--sarki--agiraksak--bekledim_yillarca--rakim_elkutlu.npy,train,501,21143,huzzam,sarki,agiraksak,bekledim_yillarca,rakim_elkutlu,14
segah--sarki--senginsemai--ruhunda_olen--sadi_isilay.npy,train,571,23590,segah,sarki,senginsemai,ruhunda_olen,sadi_isilay,29
huseyni--nefes--devrihindi--iptidadan_yol--.npy,train,222,13244,huseyni,nefes,devrihindi,iptidadan_yol,,13
hicaz--sarki--kapali_curcuna--nicin_bulbul--rifat_bey.npy,train,488,23996,hicaz,sarki,kapali_curcuna,nicin_bulbul,rifat_bey,8
rast--sarki--yuruksemai_ii--yuzundur_cihani--dede_efendi.npy,train,216,12841,rast,sarki,yuruksemai_ii,yuzundur_cihani,dede_efendi,26
acemasiran--aranagme--senginsemai--1--.npy,train,162,6502,acemasiran,aranagme,senginsemai,1,,0
ussak--turku--sofyan--uzun_ince--asik_veysel.npy,train,265,6606,ussak,turku,sofyan,uzun_ince,asik_veysel,37
kurdilihicazkar--sarki--kapali_curcuna--gurub_etti--haci_arif_bey.npy,train,284,11819,kurdilihicazkar,sarki,kapali_curcuna,gurub_etti,haci_arif_bey,18
muhayyer--beste--darbifetih--hengam-i_safadir--zekai_dede.npy,train,409,25213,muhayyer,beste,darbifetih,hengam-i_safadir,zekai_dede,20
nihavent--sarki--sofyan--semalardan_gunes--misirli_udi_ibrahim_efendi.npy,train,433,15883,nihavent,sarki,sofyan,semalardan_gunes,misirli_udi_ibrahim_efendi,23
rast--sarki--duyek--uftadenim_ey--dede_efendi.npy,train,414,15923,rast,sarki,duyek,uftadenim_ey,dede_efendi,26
ussak--kurthavasi--sofyan--karsida_kurt--.npy,train,128,5863,ussak,kurthavasi,sofyan,karsida_kurt,,37
ussak--kupe--duyek--sanma_ussakin--ahmet_avni_konuk.npy,train,97,6733,ussak,kupe,duyek,sanma_ussakin,ahmet_avni_konuk,37
nihavent--sarki--yuruksemai_ii--vucud_ikliminin--haci_arif_bey.npy,train,186,9630,nihavent,sarki,yuruksemai_ii,vucud_ikliminin,haci_arif_bey,23
hicaz_uzzal--kupe--duyek--nagme-i_uzzali--ahmet_avni_konuk.npy,train,88,6726,hicaz_uzzal,kupe,duyek,nagme-i_uzzali,ahmet_avni_konuk,10
sultaniyegah--seyir--sofyan--1--sefik_gurmeric.npy,train,101,6380,sultaniyegah,seyir,sofyan,1,sefik_gurmeric,32
rast--sarki--agiraksak--muy-i_julidem--sakir_aga.npy,train,367,17914,rast,sarki,agiraksak,muy-i_julidem,sakir_aga,26
hicaz_humayun--yuruksemai--yuruksemai--nideyim_sahn_i--sadullah_aga.npy,train,236,13012,hicaz_humayun,yuruksemai,yuruksemai,nideyim_sahn_i,sadullah_aga,9
huzzam--sarki--agiraksak--neseyab-i_lutfun--musullu_hafiz_osman_efendi.npy,train,628,21830,huzzam,sarki,agiraksak,neseyab-i_lutfun,musullu_hafiz_osman_efendi,14
nisaburek--pesrev--duyek----fahri_kopuz.npy,train,964,36020,nisaburek,pesrev,duyek,,fahri_kopuz,25
beyati--sarki--agiraksak--ne_bahar--rakim_elkutlu.npy,train,511,22978,beyati,sarki,agiraksak,ne_bahar,rakim_elkutlu,3
sehnaz--sarki--aydin--ey_dilber-i--rahmi_bey.npy,train,676,19177,sehnaz,sarki,aydin,ey_dilber-i,rahmi_bey,30
ussak--turku--duyek--bahceye_indim_ki--.npy,train,440,17590,ussak,turku,duyek,bahceye_indim_ki,,37
kurdilihicazkar--sarki--agiraksak--koparan_sinemi--bimen_sen.npy,train,578,23020,kurdilihicazkar,sarki,agiraksak,koparan_sinemi,bimen_sen,18
hicaz--sarki--senginsemai--yillar_ne_cabuk--bimen_sen.npy,train,518,22146,hicaz,sarki,senginsemai,yillar_ne_cabuk,bimen_sen,8
nihavent--fantezi--nimsofyan--yemeni_baglamis--ali_ulvi_baradan.npy,train,320,11350,nihavent,fantezi,nimsofyan,yemeni_baglamis,ali_ulvi_baradan,23
kurdi--kupe--musemmen--asik-i--ahmet_avni_konuk.npy,train,57,3994,kurdi,kupe,musemmen,asik-i,ahmet_avni_konuk,17
huseyni--sarki--agiraksak--firkat-i_canan--civan_aga.npy,train,403,19095,huseyni,sarki,agiraksak,firkat-i_canan,civan_aga,13
yegah--sarki--agirduyek--yok_mu--hatipzade_ibrahim_efendi.npy,train,491,29325,yegah,sarki,agirduyek,yok_mu,hatipzade_ibrahim_efendi,38
hicaz--sarki--agiraksak--bak_ne--haci_arif_bey.npy,train,538,19511,hicaz,sarki,agiraksak,bak_ne,haci_arif_bey,8
ussak--sarki--duyek--bahari_beklerken--selcuk_tekay.npy,train,987,33590,ussak,sarki,duyek,bahari_beklerken,selcuk_tekay,37
huseyni--pesrev--devrikebir----kul_mehmet.npy,train,551,33178,huseyni,pesrev,devrikebir,,kul_mehmet,13
muhayyer--turku--raksan--sogudun_yapragi--.npy,train,476,14996,muhayyer,turku,raksan,sogudun_yapragi,,20
muhayyer--sarki--aksak--aglamaktan_dideden--rifat_bey.npy,train,220,11200,muhayyer,sarki,aksak,aglamaktan_dideden,rifat_bey,20
sedaraban--aranagme--devrihindi--1--.npy,train,106,5082,sedaraban,aranagme,devrihindi,1,,28
mahur--sarki--aksak--gonul_adli--dellalzade_haci_ismail_efendi.npy,train,612,28583,mahur,sarki,aksak,gonul_adli,dellalzade_haci_ismail_efendi,19
hicaz--sarki--turkaksagi--saydeyledi_bu--haci_arif_bey.npy,train,430,16679,hicaz,sarki,turkaksagi,saydeyledi_bu,haci_arif_bey,8
acemasiran--pesrev--duyek--son_pesrev--huseyin_fahreddin_dede.npy,train,235,7996,acemasiran,pesrev,duyek,son_pesrev,huseyin_fahreddin_dede,0
neva--sazsemaisi--aksaksemai----kantemiroglu.npy,train,480,14974,neva,sazsemaisi,aksaksemai,,kantemiroglu,22
rast--seyir--senginsemai--1--erol_bingol.npy,train,85,4790,rast,seyir,senginsemai,1,erol_bingol,26
suzinak_zirgule--sarki--sofyan--gecti_alam-i--klarnet_ibrahim_efendi.npy,train,455,10512,suzinak_zirgule,sarki,sofyan,gecti_alam-i,klarnet_ibrahim_efendi,35
ferahfeza--pesrev--hafif--son_pesrev--zeki_mehmet_aga.npy,train,246,12812,ferahfeza,pesrev,hafif,son_pesrev,zeki_mehmet_aga,6
hicaz--ninni--yuruksofyan--dere_dibi--.npy,train,124,8780,hicaz,ninni,yuruksofyan,dere_dibi,,8
hicaz--sarki--curcuna--ruya_gibi--avni_anil.npy,train,489,33328,hicaz,sarki,curcuna,ruya_gibi,avni_anil,8
buselik--aranagme--yuruksemai_ii--1--.npy,train,80,3436,buselik,aranagme,yuruksemai_ii,1,,4
huzzam--sarki--turkaksagi--meftun_olali--haci_arif_bey.npy,train,552,22033,huzzam,sarki,turkaksagi,meftun_olali,haci_arif_bey,14
muhayyer--seyir--semai--1--rauf_yekta.npy,train,75,4792,muhayyer,seyir,semai,1,rauf_yekta,20
sevkefza--pesrev--muhammes----numan_aga.npy,train,537,27414,sevkefza,pesrev,muhammes,,numan_aga,31
karcigar--zeybek--oynak----.npy,train,220,7194,karcigar,zeybek,oynak,,,16
isfahan--yuruksemai--yuruksemai--o_guzler--dellalzade_haci_ismail_efendi.npy,train,429,23819,isfahan,yuruksemai,yuruksemai,o_guzler,dellalzade_haci_ismail_efendi,15
acemkurdi--sarki--kapali_curcuna--sana_eller--faruk_kayacikli.npy,train,410,25325,acemkurdi,sarki,kapali_curcuna,sana_eller,faruk_kayacikli,1
karcigar--turku--aksak--cayira_serdim--.npy,train,526,11932,karcigar,turku,aksak,cayira_serdim,,16
kurdilihicazkar--sarki--musemmen--gozedir_yumnile--muallim_ismail_hakki_bey.npy,train,441,18136,kurdilihicazkar,sarki,musemmen,gozedir_yumnile,muallim_ismail_hakki_bey,18
kurdilihicazkar--seyir--devrihindi--1--erol_bingol.npy,train,76,2795,kurdilihicazkar,seyir,devrihindi,1,erol_bingol,18
suzidil--sarki--turkaksagi--vadeyle_vaslin--eyyubi_mehmet_bey.npy,train,397,13993,suzidil,sarki,turkaksagi,vadeyle_vaslin,eyyubi_mehmet_bey,33
neva--pesrev--nimberefsan----serif_celebi.npy,train,474,27628,neva,pesrev,nimberefsan,,serif_celebi,22
hicaz_uzzal--sarki--turkaksagi--kendine_nicin--medeni_aziz_efendi.npy,train,299,14109,hicaz_uzzal,sarki,turkaksagi,kendine_nicin,medeni_aziz_efendi,10
mahur--pesrev--duyek----gazi_giray_han.npy,train,730,24936,mahur,pesrev,duyek,,gazi_giray_han,19
karcigar--sarki--nimsofyan--kocyigitler--sadettin_kaynak.npy,train,459,22390,karcigar,sarki,nimsofyan,kocyigitler,sadettin_kaynak,16
nihavent--seyir--sofyan--1--sefik_gurmeric.npy,train,104,6380,nihavent,seyir,sofyan,1,sefik_gurmeric,23
saba--pesrev--fahte----hasan_esen.npy,train,380,22055,saba,pesrev,fahte,,hasan_esen,27
beyati--pesrev--hafif----seyfettin_osmanoglu.npy,train,906,42658,beyati,pesrev,hafif,,seyfettin_osmanoglu,3
mahur--aranagme--musemmen--1--.npy,train,118,5327,mahur,aranagme,musemmen,1,,19
huseyni--sarki--sofyan--zeytin_gozlum--selahattin_icli.npy,train,525,22852,huseyni,sarki,sofyan,zeytin_gozlum,selahattin_icli,13
hicazkar--fantezi--duyek--aldi_beni--corlulu.npy,train,420,18657,hicazkar,fantezi,duyek,aldi_beni,corlulu,11
muhayyer--sarki--aksak--yadimda_o--sukru_tunar.npy,train,521,23112,muhayyer,sarki,aksak,yadimda_o,sukru_tunar,20
suzinak--seyir--sofyan--1--erol_bingol.npy,train,54,3190,suzinak,seyir,sofyan,1,erol_bingol,34
muhayyerkurdi--kupe--musemmen--bir--ahmet_avni_konuk.npy,train,76,3990,muhayyerkurdi,kupe,musemmen,bir,ahmet_avni_konuk,21
rast--sarki--turkaksagi--asude_fikrim--hafiz_yusuf_efendi.npy,train,224,7330,rast,sarki,turkaksagi,asude_fikrim,hafiz_yusuf_efendi,26
hicaz--turku--sofyan--su_yaltadan--kirim.npy,train,512,23988,hicaz,turku,sofyan,su_yaltadan,kirim,8
mahur--sarki--duyek--dudagimda_acan--erol_sayan.npy,train,486,22583,mahur,sarki,duyek,dudagimda_acan,erol_sayan,19
ussak--ilahi--dolap--benim_adim--.npy,train,72,4795,ussak,ilahi,dolap,benim_adim,,37
mahur--sarki--aksak--alamam_dogrusu--serif_icli.npy,train,520,15524,mahur,sarki,aksak,alamam_dogrusu,serif_icli,19
huseyni--turku--aksak--leylak_takivermis--bahri_altintas.npy,train,430,13716,huseyni,turku,aksak,leylak_takivermis,bahri_altintas,13
hicaz--sarki--senginsemai--derdimi_arz--enderuni_ali_bey.npy,train,431,19639,hicaz,sarki,senginsemai,derdimi_arz,enderuni_ali_bey,8
hicazkar--sarki--oynak--cicekler_derleyeyim--muzaffer_ilkar.npy,train,418,11609,hicazkar,sarki,oynak,cicekler_derleyeyim,muzaffer_ilkar,11
sedaraban--seyir--sofyan--1--sefik_gurmeric.npy,train,83,5990,sedaraban,seyir,sofyan,1,sefik_gurmeric,28
saba--aranagme--senginsemai--1--.npy,train,90,3991,saba,aranagme,senginsemai,1,,27
segah--turku--nimsofyan--acilir_gonca--erol_sayan.npy,train,326,8997,segah,turku,nimsofyan,acilir_gonca,erol_sayan,29
mahur--sarki--duyek--senle_durmak--kanuni_haci_arif_bey.npy,train,524,17590,mahur,sarki,duyek,senle_durmak,kanuni_haci_arif_bey,19
huseyni--sarki--turkaksagi--hicran_oku--sevki_bey.npy,train,592,25489,huseyni,sarki,turkaksagi,hicran_oku,sevki_bey,13
nisaburek--kupe--duyek--fasl-i--ahmet_avni_konuk.npy,train,70,6726,nisaburek,kupe,duyek,fasl-i,ahmet_avni_konuk,25
tahir--sarki--aksak--efem_simdi--lavtaci_hristo.npy,train,269,9612,tahir,sarki,aksak,efem_simdi,lavtaci_hristo,36
kurdilihicazkar--sarki--senginsemai--her_tel--kaptanzade_ali_riza_bey.npy,train,557,21412,kurdilihicazkar,sarki,senginsemai,her_tel,kaptanzade_ali_riza_bey,18
rast--sarki--yuruksemai--unutulmus_birer--gultekin_ceki.npy,train,445,19658,rast,sarki,yuruksemai,unutulmus_birer,gultekin_ceki,26
hicaz_humayun--beste--hafif--olmada_diller--abdulhalim_aga.npy,train,832,44520,hicaz_humayun,beste,hafif,olmada_diller,abdulhalim_aga,9
suzinak--mersiye--devrirevan--ehl-i_aska--.npy,train,204,11190,suzinak,mersiye,devrirevan,ehl-i_aska,,34
ussak--yuruksemai--yuruksemai--dila_cunem--diyarbakirli_mahmut_celebi.npy,train,358,22110,ussak,yuruksemai,yuruksemai,dila_cunem,diyarbakirli_mahmut_celebi,37
hicazkar--sarki--semai--yoktur_zaman--latif_aga.npy,train,404,19193,hicazkar,sarki,semai,yoktur_zaman,latif_aga,11
hicaz_humayun--beste--agircenber--dusmesin_miskin--zaharya.npy,train,1056,61424,hicaz_humayun,beste,agircenber,dusmesin_miskin,zaharya,9
huseyni--turku--sofyan--yaylanin_cimenine--trabzon.npy,train,842,21853,huseyni,turku,sofyan,yaylanin_cimenine,trabzon,13
huzzam--sarki--aksak--sevdim_yine--tanburi_mustafa_cavus.npy,train,335,10218,huzzam,sarki,aksak,sevdim_yine,tanburi_mustafa_cavus,14
acemasiran--sarki--duyek--gonul_seni--sadettin_kaynak.npy,train,293,15068,acemasiran,sarki,duyek,gonul_seni,sadettin_kaynak,0
nihavent--sarki--aksak--koklasam_saclarini--artaki_candan.npy,train,466,18023,nihavent,sarki,aksak,koklasam_saclarini,artaki_candan,23
tahir--turku--senginsemai--gele_gele--urfa.npy,train,507,17839,tahir,turku,senginsemai,gele_gele,urfa,36
karcigar--sarki--duyek--kemend-i_zulfu--afet_misirliyan.npy,train,737,30995,karcigar,sarki,duyek,kemend-i_zulfu,afet_misirliyan,16
huseyni--sarki--aksak--ezelden_asinanim--serif_icli.npy,train,440,17695,huseyni,sarki,aksak,ezelden_asinanim,serif_icli,13
muhayyer--sarki--senginsemai--gezdim_yurudum--lemi_atli.npy,train,534,23990,muhayyer,sarki,senginsemai,gezdim_yurudum,lemi_atli,20
ussak--sarki--aksak--zeybeklerle_gezer--sevki_bey.npy,train,399,14984,ussak,sarki,aksak,zeybeklerle_gezer,sevki_bey,37
karcigar--sazsemaisi--aksaksemai----kanuni_omer_efendi.npy,train,378,17145,karcigar,sazsemaisi,aksaksemai,,kanuni_omer_efendi,16
suzinak_zirgule--kupe--devrirevanihindi--perdebazim_gerci--ahmet_avni_konuk.npy,train,133,6581,suzinak_zirgule,kupe,devrirevanihindi,perdebazim_gerci,ahmet_avni_konuk,35
ussak--beste--zencir--bahar_geldi--hafiz_post.npy,train,564,43539,ussak,beste,zencir,bahar_geldi,hafiz_post,37
buselik--seyir--turkaksagi--1--erol_bingol.npy,train,48,3988,buselik,seyir,turkaksagi,1,erol_bingol,4
sehnaz--sarki--aksak--bir_nevcivane--iii_selim.npy,train,614,16524,sehnaz,sarki,aksak,bir_nevcivane,iii_selim,30
hicazkar--sarki--devrihindi--lezzet_almis--ahmet_mithat_gupgupoglu.npy,train,296,13640,hicazkar,sarki,devrihindi,lezzet_almis,ahmet_mithat_gupgupoglu,11
hicaz--sarki--agiraksak--cevr-i_hicrin--bulbuli_salih_efendi.npy,train,656,24479,hicaz,sarki,agiraksak,cevr-i_hicrin,bulbuli_salih_efendi,8
karcigar--sazsemaisi--aksaksemai----ahmet_mukerrem_akinci.npy,train,1077,33145,karcigar,sazsemaisi,aksaksemai,,ahmet_mukerrem_akinci,16
huzzam--aranagme--duyek--1--.npy,train,112,4929,huzzam,aranagme,duyek,1,,14
hicaz_humayun--sazsemaisi--aksaksemai----veli_dede.npy,train,161,6658,hicaz_humayun,sazsemaisi,aksaksemai,,veli_dede,9
saba--sarki--turkaksagi--dus_ben_gibi--serif_icli.npy,train,504,19828,saba,sarki,turkaksagi,dus_ben_gibi,serif_icli,27
evic--aranagme--sofyan--1--.npy,train,86,2486,evic,aranagme,sofyan,1,,5
nihavent--sarki--agiraksak--nar-i_askinla--rifat_bey.npy,train,501,22769,nihavent,sarki,agiraksak,nar-i_askinla,rifat_bey,23
segah--zeybek--agiraksak--antalya_zeybegi--antalya.npy,train,332,11042,segah,zeybek,agiraksak,antalya_zeybegi,antalya,29
evic--rumeliturkusu--curcuna--calin_davullari--rumeli.npy,train,888,34281,evic,rumeliturkusu,curcuna,calin_davullari,rumeli,5
beyati--kanto--sofyan--karga_da_seni--.npy,train,346,9167,beyati,kanto,sofyan,karga_da_seni,,3
mahur--sarki--duyek--saba_tarf-i--enderunlu_hafiz_husnu_efendi.npy,train,403,16011,mahur,sarki,duyek,saba_tarf-i,enderunlu_hafiz_husnu_efendi,19
muhayyer--sarki--aksaksemai--gun_kavustu--udi_nevres_bey.npy,train,301,11883,muhayyer,sarki,aksaksemai,gun_kavustu,udi_nevres_bey,20
hicazkar--aranagme--aksak--1--muallim_ismail_hakki_bey.npy,train,419,12460,hicazkar,aranagme,aksak,1,muallim_ismail_hakki_bey,11
saba--sugul--duyek--in_nilte--zekai_dede.npy,train,434,14766,saba,sugul,duyek,in_nilte,zekai_dede,27
saba--sarki--agirduyek--gus_eyle--dede_efendi.npy,train,292,15972,saba,sarki,agirduyek,gus_eyle,dede_efendi,27
acemasiran--sarki--kapali_curcuna--gam_cekme--arif_sami_toker.npy,train,607,31015,acemasiran,sarki,kapali_curcuna,gam_cekme,arif_sami_toker,0
segah--turku--sofyan--keten_koynek--kirsehir-mucur.npy,train,200,5050,segah,turku,sofyan,keten_koynek,kirsehir-mucur,29
hisarbuselik--sarki--kapali_curcuna--bir_hadise--servet_yesari.npy,train,453,18040,hisarbuselik,sarki,kapali_curcuna,bir_hadise,servet_yesari,12
nihavent--sarki--aksak--suzis-i_askinla--musa_sureyya_bey.npy,train,519,25914,nihavent,sarki,aksak,suzis-i_askinla,musa_sureyya_bey,23
mahur--sarki--agiraksak--sen_gul--tanburi_cemil_bey.npy,train,482,26039,mahur,sarki,agiraksak,sen_gul,tanburi_cemil_bey,19
mahur--sarki--sofyan--ne_dogan--munir_nurettin_selcuk.npy,train,259,13640,mahur,sarki,sofyan,ne_dogan,munir_nurettin_selcuk,19
hicaz--sarki--curcuna--aksam_erdi--rahmi_bey.npy,train,422,18120,hicaz,sarki,curcuna,aksam_erdi,rahmi_bey,8
karcigar--kupe--duyek--bir_sada-yi--ahmet_avni_konuk.npy,train,97,6739,karcigar,kupe,duyek,bir_sada-yi,ahmet_avni_konuk,16
hicaz_humayun--aranagme--curcuna--1--.npy,train,53,1870,hicaz_humayun,aranagme,curcuna,1,,9
hicaz--sarki--senginsemai--agyar_ile--bimen_sen.npy,train,391,17991,hicaz,sarki,senginsemai,agyar_ile,bimen_sen,8
evic--sarki--aksaksemai--nazirin_yok--tanburi_cemil_bey.npy,train,415,15671,evic,sarki,aksaksemai,nazirin_yok,tanburi_cemil_bey,5
acemasiran--mars--nimsofyan--korkma_sonmez--ali_rifat_cagatay.npy,train,140,7422,acemasiran,mars,nimsofyan,korkma_sonmez,ali_rifat_cagatay,0
hicaz_humayun--turku--aksak--estergon_kalasi--.npy,train,427,16984,hicaz_humayun,turku,aksak,estergon_kalasi,,9
acemasiran--sarki--aksak--gordum_seni--irfan_dogrusoz.npy,train,433,16204,acemasiran,sarki,aksak,gordum_seni,irfan_dogrusoz,0
huzzam--sarki--semai--omrumuzun_son--avni_anil.npy,train,426,22422,huzzam,sarki,semai,omrumuzun_son,avni_anil,14
ussak--sarki--aksak--ducar-i_hicr-i--sevki_bey.npy,train,337,18515,ussak,sarki,aksak,ducar-i_hicr-i,sevki_bey,37
huzzam--turku--aksak--duriyemin_gugumleri--.npy,train,320,11822,huzzam,turku,aksak,duriyemin_gugumleri,,14
hicaz--turku--aksak--pencere_acildi--.npy,train,250,8172,hicaz,turku,aksak,pencere_acildi,,8
huseyni--oyunhavasi--nimsofyan--cecen_kizi--tanburi_cemil_bey.npy,train,269,6453,huseyni,oyunhavasi,nimsofyan,cecen_kizi,tanburi_cemil_bey,13
saba--sarki--duyek--gule_sorma--erol_sayan.npy,train,684,26006,saba,sarki,duyek,gule_sorma,erol_sayan,27
ussak--turku--yuruksemai_ii--cilveloy--artvin.npy,train,105,4408,ussak,turku,yuruksemai_ii,cilveloy,artvin,37
kurdilihicazkar--sarki--duyek--gittin_biraktin--emin_ongan.npy,train,397,25595,kurdilihicazkar,sarki,duyek,gittin_biraktin,emin_ongan,18
buselik--sarki--duyek--keremkani_efendim--tanburi_mustafa_cavus.npy,train,428,16247,buselik,sarki,duyek,keremkani_efendim,tanburi_mustafa_cavus,4
nihavent--sarki--semai--bahcemde_acilmaz--munir_nurettin_selcuk.npy,train,384,22804,nihavent,sarki,semai,bahcemde_acilmaz,munir_nurettin_selcuk,23
huseyni--sarki--kapali_curcuna--nedir_bu--sevki_bey.npy,train,371,16238,huseyni,sarki,kapali_curcuna,nedir_bu,sevki_bey,13
nihavent--sarki--duyek--yillari_durduracak--necdet_tokatlioglu.npy,train,438,19761,nihavent,sarki,duyek,yillari_durduracak,necdet_tokatlioglu,23
hicaz--sarki--duyek--sarkilardan_fal--erdogan_berker.npy,train,414,20696,hicaz,sarki,duyek,sarkilardan_fal,erdogan_berker,8
beyati--sarki--agiraksak--bir_katre--sevki_bey.npy,train,506,24484,beyati,sarki,agiraksak,bir_katre,sevki_bey,3
karcigar--aranagme--curcuna--1--.npy,train,132,5709,karcigar,aranagme,curcuna,1,,16
saba--sarki--agiraksak--mey_icerken--sevki_bey.npy,train,330,14486,saba,sarki,agiraksak,mey_icerken,sevki_bey,27
huzzam--sarki--agirduyek--bag-i_husnunde--dede_salih_efendi.npy,train,464,28900,huzzam,sarki,agirduyek,bag-i_husnunde,dede_salih_efendi,14
neva--sarki--yuruksemai_ii--yine_baglandi--zekai_dede.npy,train,690,24020,neva,sarki,yuruksemai_ii,yine_baglandi,zekai_dede,22
segah--turku--aksak--bir_gemim--ankara.npy,train,602,21185,segah,turku,aksak,bir_gemim,ankara,29
hicaz_humayun--turku--curcuna--hishisi_hancer--gaziantep.npy,train,266,15991,hicaz_humayun,turku,curcuna,hishisi_hancer,gaziantep,9
sehnaz--aranagme--devrihindi--1--.npy,train,262,9325,sehnaz,aranagme,devrihindi,1,,30
hicaz--zeybek--agiraksak--harmandali--ege.npy,train,402,17179,hicaz,zeybek,agiraksak,harmandali,ege,8
segah--ilahi--yuruksemai_ii--sol_cennetin--.npy,train,138,9595,segah,ilahi,yuruksemai_ii,sol_cennetin,,29
segah--turku--aksak--boyda_bosun--istanbul.npy,train,358,16606,segah,turku,aksak,boyda_bosun,istanbul,29
bestenigar--kupe--agirevfer--kim_olursa--ahmet_avni_konuk.npy,train,103,5994,bestenigar,kupe,agirevfer,kim_olursa,ahmet_avni_konuk,2
nihavent--fantezi--nimsofyan--benim_gonlum--kaptanzade_ali_riza_bey.npy,train,500,23267,nihavent,fantezi,nimsofyan,benim_gonlum,kaptanzade_ali_riza_bey,23
muhayyerkurdi--sarki--sofyan--mevsimler_yas--yildirim_gurses.npy,train,556,33767,muhayyerkurdi,sarki,sofyan,mevsimler_yas,yildirim_gurses,21
huzzam--turku--nimsofyan--kopruler_yaptirdim--.npy,train,394,10686,huzzam,turku,nimsofyan,kopruler_yaptirdim,,14
beyati--sazsemaisi--aksaksemai----nayi_osman_dede.npy,train,619,25392,beyati,sazsemaisi,aksaksemai,,nayi_osman_dede,3
mahur--sarki--duyek--ben_guzele--sadettin_kaynak.npy,train,589,18556,mahur,sarki,duyek,ben_guzele,sadettin_kaynak,19
karcigar--sarki--duyek--kirpigi_oyali--sadettin_kaynak.npy,train,198,8917,karcigar,sarki,duyek,kirpigi_oyali,sadettin_kaynak,16
hicaz_uzzal--seyir--duyek--1--sefik_gurmeric.npy,train,71,3990,hicaz_uzzal,seyir,duyek,1,sefik_gurmeric,10
suzinak--pesrev--cenber----tatyos_efendi.npy,train,882,31991,suzinak,pesrev,cenber,,tatyos_efendi,34
hicazkar--sarki--curcuna--ben_sana--corlulu_asik.npy,train,394,21821,hicazkar,sarki,curcuna,ben_sana,corlulu_asik,11
beyati--sarki--duyek--seni_ne_cok--erol_sayan.npy,train,541,26390,beyati,sarki,duyek,seni_ne_cok,erol_sayan,3
hicaz--sarki--kapali_curcuna--anlatilmaz_bin--erdogan_yildizel.npy,train,387,19328,hicaz,sarki,kapali_curcuna,anlatilmaz_bin,erdogan_yildizel,8
tahir--turku--aksak--islamoglu--afyon.npy,train,782,22162,tahir,turku,aksak,islamoglu,afyon,36
ussak--tevsihilahi--evsat--bir_ismi_mustafa--dede_efendi.npy,train,150,7783,ussak,tevsihilahi,evsat,bir_ismi_mustafa,dede_efendi,37
suzinak--sarki--curcuna--pek_revadir--ahmet_rasim_bey.npy,train,702,35750,suzinak,sarki,curcuna,pek_revadir,ahmet_rasim_bey,34
ussak--sarki--agir_aksaksemai--pur-atesim--dede_efendi.npy,train,630,21735,ussak,sarki,agir_aksaksemai,pur-atesim,dede_efendi,37
suzidil--sarki--aksak--her_bir--tanburi_ali_efendi.npy,train,445,16785,suzidil,sarki,aksak,her_bir,tanburi_ali_efendi,33
hicaz--sarki--sofyan--enginde_yavas--sadettin_kaynak.npy,train,389,19369,hicaz,sarki,sofyan,enginde_yavas,sadettin_kaynak,8
hicaz--sarki--curcuna--unutulmus_degilsin--irfan_ozbakir.npy,train,360,21807,hicaz,sarki,curcuna,unutulmus_degilsin,irfan_ozbakir,8
beyati--sarki--agiraksak--gul_hazin--rahmi_bey.npy,train,587,21915,beyati,sarki,agiraksak,gul_hazin,rahmi_bey,3
muhayyer--turku--nimsofyan--uc_kardestik--diyarbakir.npy,train,428,16381,muhayyer,turku,nimsofyan,uc_kardestik,diyarbakir,20
muhayyer--etud--sofyan----hasan_esen.npy,train,93,6380,muhayyer,etud,sofyan,,hasan_esen,20
acemasiran--fantezi--yuruksemai_ii--ey_benim--resat_erer.npy,train,490,31985,acemasiran,fantezi,yuruksemai_ii,ey_benim,resat_erer,0
kurdilihicazkar--sarki--musemmen--mahmur_bakisi--sekerci_cemil_bey.npy,train,419,16461,kurdilihicazkar,sarki,musemmen,mahmur_bakisi,sekerci_cemil_bey,18
hicaz--turku--nimsofyan--pencereden_kus--.npy,train,163,4362,hicaz,turku,nimsofyan,pencereden_kus,,8
rast--agirsemai--aksaksemai--cekmis_yuzune--tascizade_recep_celebi.npy,train,428,24710,rast,agirsemai,aksaksemai,cekmis_yuzune,tascizade_recep_celebi,26
hicaz_humayun--ilahi--sofyan--gelin_gidelim--dede_efendi.npy,train,416,23264,hicaz_humayun,ilahi,sofyan,gelin_gidelim,dede_efendi,9
sultaniyegah--sarki--duyek--kacinci_fasl-i--cevdet_cagla.npy,train,445,17134,sultaniyegah,sarki,duyek,kacinci_fasl-i,cevdet_cagla,32
sehnaz--divan--sofyan--vardim_ki--nevres_pasa.npy,train,746,35627,sehnaz,divan,sofyan,vardim_ki,nevres_pasa,30
kurdi--ornek_oz--sofyan--1--ruhi_ayangil.npy,train,23,1590,kurdi,ornek_oz,sofyan,1,ruhi_ayangil,17
suzinak--sarki--curcuna--sen_bezmimize--hasan_ali_yucel.npy,train,538,20982,suzinak,sarki,curcuna,sen_bezmimize,hasan_ali_yucel,34
nisaburek--sarki--kapali_curcuna--titrer_yuregim--emin_ongan.npy,train,433,19625,nisaburek,sarki,kapali_curcuna,titrer_yuregim,emin_ongan,25
yegah--beste--zencir--gonul_ki--dellalzade_haci_ismail_efendi.npy,train,734,37816,yegah,beste,zencir,gonul_ki,dellalzade_haci_ismail_efendi,38
rast--sazsemaisi--aksaksemai----kantemiroglu.npy,train,627,24994,rast,sazsemaisi,aksaksemai,,kantemiroglu,26
huseyni--seyir--sofyan--1--sefik_gurmeric.npy,train,73,4790,huseyni,seyir,sofyan,1,sefik_gurmeric,13
buselik--nakis--yuruksemai--cefasi_asika--dellalzade_haci_ismail_efendi.npy,train,461,21739,buselik,nakis,yuruksemai,cefasi_asika,dellalzade_haci_ismail_efendi,4
acemasiran--sarki--agiraksak--bir_teselli--serif_icli.npy,train,479,20869,acemasiran,sarki,agiraksak,bir_teselli,serif_icli,0
ussak--sarki--aksak--aman_felek--dede_efendi.npy,train,371,17993,ussak,sarki,aksak,aman_felek,dede_efendi,37
segah--sarki--semai--kus_olup--neveser_kokdes.npy,train,381,24593,segah,sarki,semai,kus_olup,neveser_kokdes,29
yegah--sarki--duyek--meclisi_vaslinda--ali_rifat_cagatay.npy,train,452,17707,yegah,sarki,duyek,meclisi_vaslinda,ali_rifat_cagatay,38
nihavent--sarki--devrihindi--yar_senden--munir_nurettin_selcuk.npy,train,433,31201,nihavent,sarki,devrihindi,yar_senden,munir_nurettin_selcuk,23
acemasiran--sarki--aksak--oldu_gonul--dede_efendi.npy,train,199,10168,acemasiran,sarki,aksak,oldu_gonul,dede_efendi,0
saba--sarki--aksak--bir_nigah--zeki_arif_ataergin.npy,train,567,17705,saba,sarki,aksak,bir_nigah,zeki_arif_ataergin,27
kurdilihicazkar--sarki--aksak--her_gece--bimen_sen.npy,train,396,16179,kurdilihicazkar,sarki,aksak,her_gece,bimen_sen,18
nihavent--sarki--duyek--doymadim_sana--nevzat_akay.npy,train,302,15264,nihavent,sarki,duyek,doymadim_sana,nevzat_akay,23
hicaz--sarki--curcuna--acaba_sen_misin--bimen_sen.npy,train,259,13612,hicaz,sarki,curcuna,acaba_sen_misin,bimen_sen,8
tahir--seyir--turkaksagi--1--erol_bingol.npy,train,37,1993,tahir,seyir,turkaksagi,1,erol_bingol,36
hicaz_humayun--turku--sofyan--bulbulun_gogsu--urfa.npy,train,291,9436,hicaz_humayun,turku,sofyan,bulbulun_gogsu,urfa,9
kurdilihicazkar--sarki--curcuna--meftunun_oldum--ahmet_mithat_gupgupoglu.npy,train,547,20601,kurdilihicazkar,sarki,curcuna,meftunun_oldum,ahmet_mithat_gupgupoglu,18
hicazkar--sarki--sofyan--bir_halet--haci_arif_bey.npy,train,756,26658,hicazkar,sarki,sofyan,bir_halet,haci_arif_bey,11
tahir--turku--yuruksemai--cay_icinde--urfa.npy,train,490,17625,tahir,turku,yuruksemai,cay_icinde,urfa,36
muhayyer--sarki--nimsofyan--yenilendi_derdim--arif_sami_toker.npy,train,373,8794,muhayyer,sarki,nimsofyan,yenilendi_derdim,arif_sami_toker,20
mahur--sarki--nimsofyan--otomobil_ucar--munir_nurettin_selcuk.npy,train,292,10478,mahur,sarki,nimsofyan,otomobil_ucar,munir_nurettin_selcuk,19
suzinak_zirgule--sarki--yuruksemai_ii--nihal-i_gulsen-i--emin_ongan.npy,train,370,13709,suzinak_zirgule,sarki,yuruksemai_ii,nihal-i_gulsen-i,emin_ongan,35
neva--kar--nimsakil--ey_gulbun-i--itri.npy,train,1463,70026,neva,kar,nimsakil,ey_gulbun-i,itri,22
huseyni--turku--aksak--bursanin_ufak--bursa.npy,train,380,18584,huseyni,turku,aksak,bursanin_ufak,bursa,13
rast--sarki--kapali_curcuna--nedendir_bu--sevki_bey.npy,train,403,17775,rast,sarki,kapali_curcuna,nedendir_bu,sevki_bey,26
beyati--sarki--agirduyek--her_dem--dede_efendi.npy,train,430,20918,beyati,sarki,agirduyek,her_dem,dede_efendi,3
saba--sarki--duyek--gordum_seni--nikogos_aga.npy,train,286,8898,saba,sarki,duyek,gordum_seni,nikogos_aga,27
isfahan--turku--aksak--feslegen_ektim--tanburi_mustafa_cavus.npy,train,696,19593,isfahan,turku,aksak,feslegen_ektim,tanburi_mustafa_cavus,15
sedaraban--pesrev--fahte----tanburi_cemil_bey.npy,train,606,28330,sedaraban,pesrev,fahte,,tanburi_cemil_bey,28
huseyni--turku--sofyan--sabahin_seher--.npy,train,127,4886,huseyni,turku,sofyan,sabahin_seher,,13
saba--turku--sofyan--mendilimin_yesili--.npy,train,662,19611,saba,turku,sofyan,mendilimin_yesili,,27
suzinak_zirgule--sarki--senginsemai--hal-i_dilimi--sekerci_cemil_bey.npy,train,658,19089,suzinak_zirgule,sarki,senginsemai,hal-i_dilimi,sekerci_cemil_bey,35
huzzam--sarki--turkaksagi--ummidini_kirpiklerine--selahaddin_pinar.npy,train,460,14807,huzzam,sarki,turkaksagi,ummidini_kirpiklerine,selahaddin_pinar,14
beyati--pesrev--darbifetih----tanburi_isak.npy,train,1154,59994,beyati,pesrev,darbifetih,,tanburi_isak,3
acemkurdi--sarki--semai--yillar_sonra--yildirim_gurses.npy,train,417,20454,acemkurdi,sarki,semai,yillar_sonra,yildirim_gurses,1
ussak--sarki--aksak--bu_aksam--tatyos_efendi.npy,train,374,12597,ussak,sarki,aksak,bu_aksam,tatyos_efendi,37
hicaz--sarki--semai--sirma_sacli--misirli_udi_ibrahim_efendi.npy,train,661,22683,hicaz,sarki,semai,sirma_sacli,misirli_udi_ibrahim_efendi,8
muhayyer--turku--sofyan--el_vurup--tokat-zile.npy,train,820,20249,muhayyer,turku,sofyan,el_vurup,tokat-zile,20
suzinak_zirgule--sarki--duyek--dokunma_kalbime--gavsi_baykara.npy,train,468,17349,suzinak_zirgule,sarki,duyek,dokunma_kalbime,gavsi_baykara,35
acemkurdi--sarki--yuruksemai_ii--fikrimin_ince--muallim_ismail_hakki_bey.npy,train,280,11072,acemkurdi,sarki,yuruksemai_ii,fikrimin_ince,muallim_ismail_hakki_bey,1
nihavent--sarki--yuruksemai--tez_gecse_de--sadettin_kaynak.npy,train,474,31991,nihavent,sarki,yuruksemai,tez_gecse_de,sadettin_kaynak,23
nihavent--sarki--turkaksagi--korfezdeki_dalgin--osman_nihat_akin.npy,train,407,16495,nihavent,sarki,turkaksagi,korfezdeki_dalgin,osman_nihat_akin,23
hicazkar--kocekce--devrituran--dag_basinda--muallim_ismail_hakki_bey.npy,train,351,16630,hicazkar,kocekce,devrituran,dag_basinda,muallim_ismail_hakki_bey,11
hicazkar--sarki--duyek--yuzun_gullerden--sadettin_kaynak.npy,train,493,17987,hicazkar,sarki,duyek,yuzun_gullerden,sadettin_kaynak,11
suzidil--sarki--senginsemai--ey_gonca--semseddin_ziya_bey.npy,train,368,11991,suzidil,sarki,senginsemai,ey_gonca,semseddin_ziya_bey,33
saba--sarki--aksak--goz_actim--omer_dilek.npy,train,493,28269,saba,sarki,aksak,goz_actim,omer_dilek,27
mahur--sarki--duyek--hosgeldin_elimize--sadettin_kaynak.npy,train,1274,52890,mahur,sarki,duyek,hosgeldin_elimize,sadettin_kaynak,19
acemasiran--sarki--semai--ey_cesm-i--nikogos_aga.npy,train,250,10956,acemasiran,sarki,semai,ey_cesm-i,nikogos_aga,0
beyati--mehter--yuruksemai_ii----zurnazen_dagi_ahmet_celebi.npy,train,860,30437,beyati,mehter,yuruksemai_ii,,zurnazen_dagi_ahmet_celebi,3
mahur--sarki--musemmen--aman_saki--lemi_atli.npy,train,287,13472,mahur,sarki,musemmen,aman_saki,lemi_atli,19
ussak--turku--nimsofyan--yine_gam--.npy,train,450,16002,ussak,turku,nimsofyan,yine_gam,,37
saba--sarki--agiraksak--camlar_altinda--bimen_sen.npy,train,676,28037,saba,sarki,agiraksak,camlar_altinda,bimen_sen,27
muhayyer--zeybek--aksak--serenler--burdur.npy,train,134,3174,muhayyer,zeybek,aksak,serenler,burdur,20
acemasiran--aranagme--aksak--1--.npy,train,65,2729,acemasiran,aranagme,aksak,1,,0
kurdi--beste--muhammes--kametin_servi--hafiz_rifat_molla.npy,train,265,17135,kurdi,beste,muhammes,kametin_servi,hafiz_rifat_molla,17
ussak--sarki--curcuna--yad_ile--sevki_bey.npy,train,418,19459,ussak,sarki,curcuna,yad_ile,sevki_bey,37
kurdilihicazkar--sarki--duyek--baga_girdim--manok_aga.npy,train,470,14691,kurdilihicazkar,sarki,duyek,baga_girdim,manok_aga,18
hicaz--sarki--aksak--beni_sev--misirli_udi_ibrahim_efendi.npy,train,300,11443,hicaz,sarki,aksak,beni_sev,misirli_udi_ibrahim_efendi,8
saba--ornek_oz--sofyan--3--ruhi_ayangil.npy,train,28,1590,saba,ornek_oz,sofyan,3,ruhi_ayangil,27
buselik--sarki--sofyan--aldin_aklim--rifat_bey.npy,train,632,23990,buselik,sarki,sofyan,aldin_aklim,rifat_bey,4
huzzam--sarki--duyek--zannetme_ki--kenan_savkli.npy,train,689,26457,huzzam,sarki,duyek,zannetme_ki,kenan_savkli,14
huzzam--sarki--curcuna--mahzun_gonul--kemani_salih_efendi.npy,train,508,18637,huzzam,sarki,curcuna,mahzun_gonul,kemani_salih_efendi,14
rast--sarki--duyek--omrumce_hep--irfan_ozbakir.npy,train,394,14748,rast,sarki,duyek,omrumce_hep,irfan_ozbakir,26
ussak--turku--nimsofyan--sabahtan_kalktim--.npy,train,452,11426,ussak,turku,nimsofyan,sabahtan_kalktim,,37
ferahfeza--sazsemaisi--aksaksemai----serif_muhittin_targan.npy,train,854,28793,ferahfeza,sazsemaisi,aksaksemai,,serif_muhittin_targan,6
tahir--turku--musemmen_ii--gonul_gurbet--gaziantep.npy,train,408,12008,tahir,turku,musemmen_ii,gonul_gurbet,gaziantep,36
segah--sarki--duyek--donulmez_aksamin--munir_nurettin_selcuk.npy,train,415,21948,segah,sarki,duyek,donulmez_aksamin,munir_nurettin_selcuk,29
buselik--seyir--sofyan--1--sefik_gurmeric.npy,train,73,5180,buselik,seyir,sofyan,1,sefik_gurmeric,4
rast--seyir--semai--1--rauf_yekta.npy,train,69,4792,rast,seyir,semai,1,rauf_yekta,26
nihavent--sarki--sofyan--ne_dert--sadettin_kaynak.npy,train,515,27195,nihavent,sarki,sofyan,ne_dert,sadettin_kaynak,23
beyati--kupe--duyek--mutriba--ahmet_avni_konuk.npy,train,83,6726,beyati,kupe,duyek,mutriba,ahmet_avni_konuk,3
suzinak--sarki--senginsemai--sensiz_geceler--musa_sureyya_bey.npy,train,479,17991,suzinak,sarki,senginsemai,sensiz_geceler,musa_sureyya_bey,34
hicaz--sarki--curcuna--gonul_yarasindan--selahattin_pinar.npy,train,792,38452,hicaz,sarki,curcuna,gonul_yarasindan,selahattin_pinar,8
suzinak_zirgule--nakis--yuruksemai_ii--cana_firak-i--dede_efendi.npy,train,794,38231,suzinak_zirgule,nakis,yuruksemai_ii,cana_firak-i,dede_efendi,35
hicazkar--sarki--sofyan--sarsam_seni--sadettin_kaynak.npy,train,638,24292,hicazkar,sarki,sofyan,sarsam_seni,sadettin_kaynak,11
huzzam--sarki--aksaksemaievferi--kerem_eyle--medeni_aziz_efendi.npy,train,268,10032,huzzam,sarki,aksaksemaievferi,kerem_eyle,medeni_aziz_efendi,14
ussak--turku--nimsofyan--kadifeden_kesesi--.npy,train,467,12766,ussak,turku,nimsofyan,kadifeden_kesesi,,37
hicaz--turku--sofyan--bahce_duvarini--neset_ertas.npy,train,284,8194,hicaz,turku,sofyan,bahce_duvarini,neset_ertas,8
ussak--sarki--aksak--gitti_de--dede_efendi.npy,train,396,12018,ussak,sarki,aksak,gitti_de,dede_efendi,37
suzinak--kupe--devrirevanihindi--nagmei_hungarey--ahmet_avni_konuk.npy,train,123,6603,suzinak,kupe,devrirevanihindi,nagmei_hungarey,ahmet_avni_konuk,34
huzzam--turku--sofyan--aliverin_baglamami--.npy,train,710,23697,huzzam,turku,sofyan,aliverin_baglamami,,14
hicaz--sarki--duyek--kederden_mi--nasibin_mehmet_yuru.npy,train,529,16384,hicaz,sarki,duyek,kederden_mi,nasibin_mehmet_yuru,8
segah--yuruksemai--yuruksemai--tuti_i_mucize--itri.npy,train,397,21720,segah,yuruksemai,yuruksemai,tuti_i_mucize,itri,29
ussak--sarki--duyek--mehtapli_gecelerde--sevim_sengul.npy,train,562,24491,ussak,sarki,duyek,mehtapli_gecelerde,sevim_sengul,37
mahur--seyir--sofyan--1--erol_bingol.npy,train,100,6380,mahur,seyir,sofyan,1,erol_bingol,19
beyati--beste--nimdevir--degil_cam-i_mey--yahya_nazim_celebi.npy,train,893,37787,beyati,beste,nimdevir,degil_cam-i_mey,yahya_nazim_celebi,3
tahir--turku--nimsofyan--bagda_gulu--ankara.npy,train,510,12412,tahir,turku,nimsofyan,bagda_gulu,ankara,36
suzinak_zirgule--sarki--duyek--kuzucagim_ne--haci_faik_bey.npy,train,520,16018,suzinak_zirgule,sarki,duyek,kuzucagim_ne,haci_faik_bey,35
nihavent--sarki--aksak--gel_guzelim--faiz_kapanci.npy,train,343,12049,nihavent,sarki,aksak,gel_guzelim,faiz_kapanci,23
isfahan--seyir--sofyan--1--erol_bingol.npy,train,54,3190,isfahan,seyir,sofyan,1,erol_bingol,15
ussak--turku--devrisureyyasofyani--su_dereden--.npy,train,74,2744,ussak,turku,devrisureyyasofyani,su_dereden,,37
hicaz_humayun--ilahi--turkmen--hak_hak--.npy,train,100,2791,hicaz_humayun,ilahi,turkmen,hak_hak,,9
segah--sarki--murekkepsofyan--dustu_enginlere--refik_fersan.npy,train,234,15980,segah,sarki,murekkepsofyan,dustu_enginlere,refik_fersan,29
nihavent--sarki--aksak--kiz_sen--faize_ergin.npy,train,436,17498,nihavent,sarki,aksak,kiz_sen,faize_ergin,23
hicaz--sarki--aksak--ne_gunah--alaeddin_yavasca.npy,train,539,20756,hicaz,sarki,aksak,ne_gunah,alaeddin_yavasca,8
nihavent--fantezi--semai--ne_bildim--alaeddin_yavasca.npy,train,344,13602,nihavent,fantezi,semai,ne_bildim,alaeddin_yavasca,23
beyati--sarki--sofyan--acilan_bir--ertugrul_yalcinkaya.npy,train,392,17029,beyati,sarki,sofyan,acilan_bir,ertugrul_yalcinkaya,3
mahur--sarki--duyek--petek_petek--erol_sayan.npy,train,536,15998,mahur,sarki,duyek,petek_petek,erol_sayan,19
muhayyer--sarki--yuruksemai--ben_sana_asik--dede_efendi.npy,train,351,27585,muhayyer,sarki,yuruksemai,ben_sana_asik,dede_efendi,20
hicazkar--sarki--curcuna--usandirdi_felek--ahmet_mukerrem_akinci.npy,train,261,15594,hicazkar,sarki,curcuna,usandirdi_felek,ahmet_mukerrem_akinci,11
beyati--aranagme--agiraksak--1--.npy,train,186,6248,beyati,aranagme,agiraksak,1,,3
huseyni--kupe--duyek--pesden--ahmet_avni_konuk.npy,train,114,6736,huseyni,kupe,duyek,pesden,ahmet_avni_konuk,13
suzidil--agirsemai--aksaksemai--kani_yad-i--tanburi_ali_efendi.npy,train,667,24002,suzidil,agirsemai,aksaksemai,kani_yad-i,tanburi_ali_efendi,33
karcigar--sarki--aksak--aldin_dil-i--enderuni_ali_bey.npy,train,299,10751,karcigar,sarki,aksak,aldin_dil-i,enderuni_ali_bey,16
beyati--turku--devrihindi--bir_cift--yozgat.npy,train,306,13990,beyati,turku,devrihindi,bir_cift,yozgat,3
rast--seyir--duyek--1--sefik_gurmeric.npy,train,100,6380,rast,seyir,duyek,1,sefik_gurmeric,26
sehnaz--sarki--aksak--firsat_bulsam--tanburi_mustafa_cavus.npy,train,682,19422,sehnaz,sarki,aksak,firsat_bulsam,tanburi_mustafa_cavus,30
huseyni--sarki--agiraksak--ben_ezelden--misirli_udi_ibrahim_efendi.npy,train,538,21782,huseyni,sarki,agiraksak,ben_ezelden,misirli_udi_ibrahim_efendi,13
muhayyer--sarki--aksak--hala_gonlum--tanburi_mustafa_cavus.npy,train,269,12697,muhayyer,sarki,aksak,hala_gonlum,tanburi_mustafa_cavus,20
nihavent--turku--azeriyuruksemai--aman_avci--.npy,train,387,10309,nihavent,turku,azeriyuruksemai,aman_avci,,23
huzzam--agirsemai--aksaksemai--kurban_olayim--haci_faik_bey.npy,train,422,20022,huzzam,agirsemai,aksaksemai,kurban_olayim,haci_faik_bey,14
buselik--sarki--duyek--sevgim_bitti_mi--arif_sami_toker.npy,train,871,44431,buselik,sarki,duyek,sevgim_bitti_mi,arif_sami_toker,4
nihavent--sarki--sofyan--sahilde_o--yesari_asim_arsoy.npy,train,447,17484,nihavent,sarki,sofyan,sahilde_o,yesari_asim_arsoy,23
saba--sarki--aksak--gitti_de--denizoglu_ali_bey.npy,train,250,13945,saba,sarki,aksak,gitti_de,denizoglu_ali_bey,27
hisarbuselik--seyir--sofyan--1--sefik_gurmeric.npy,train,97,6390,hisarbuselik,seyir,sofyan,1,sefik_gurmeric,12
saba--sarki--duyek--seni_herkesten--yesari_asim_arsoy.npy,train,389,17091,saba,sarki,duyek,seni_herkesten,yesari_asim_arsoy,27
ussak--turku--musemmen--su_kislanin--adana.npy,train,300,11631,ussak,turku,musemmen,su_kislanin,adana,37
mahur--sarki--kapali_curcuna--esir_ettin--rahmi_bey.npy,train,393,19043,mahur,sarki,kapali_curcuna,esir_ettin,rahmi_bey,19
nihavent--sarki--semai--kacsam_birakip--mehves_hanim.npy,train,375,15278,nihavent,sarki,semai,kacsam_birakip,mehves_hanim,23
gerdaniye--turku--nimsofyan--al_almanin--malatya.npy,train,252,6150,gerdaniye,turku,nimsofyan,al_almanin,malatya,7
muhayyer--turku--sofyan--binip_de--denizli.npy,train,403,15484,muhayyer,turku,sofyan,binip_de,denizli,20
huzzam--sarki--aksak--adanin_yesil_camlari--sukru_tunar.npy,train,424,15740,huzzam,sarki,aksak,adanin_yesil_camlari,sukru_tunar,14
rast--sarki--duyek--ben_kuskunum--baki_duyarlar.npy,train,504,21816,rast,sarki,duyek,ben_kuskunum,baki_duyarlar,26
hicazkar--sarki--turkaksagi--gonlumu_bir--tahir_aga.npy,train,528,31993,hicazkar,sarki,turkaksagi,gonlumu_bir,tahir_aga,11
hicaz_uzzal--sarki--yuruksemai--ulfet_etsem--sevki_bey.npy,train,381,15539,hicaz_uzzal,sarki,yuruksemai,ulfet_etsem,sevki_bey,10
rast--sugul--duyek--ya_men--tanburi_ali_efendi.npy,train,62,3095,rast,sugul,duyek,ya_men,tanburi_ali_efendi,26
ussak--sarki--duyek--her_mevsim--semahat_ozdenses.npy,train,350,16727,ussak,sarki,duyek,her_mevsim,semahat_ozdenses,37
nisaburek--yuruksemai--yuruksemai--ey_gul--yusuf_ziya_pasa.npy,train,349,14761,nisaburek,yuruksemai,yuruksemai,ey_gul,yusuf_ziya_pasa,25
sehnaz--ilahi--evsat--yuruk_degirmenler--dede_efendi.npy,train,415,15580,sehnaz,ilahi,evsat,yuruk_degirmenler,dede_efendi,30
mahur--sarki--curcuna--zahiri_hale--haci_arif_bey.npy,train,342,16056,mahur,sarki,curcuna,zahiri_hale,haci_arif_bey,19
ussak--seyir--sofyan--1--sefik_gurmeric.npy,train,105,6380,ussak,seyir,sofyan,1,sefik_gurmeric,37
rast--sazsemaisi--aksaksemai----benli_hasan_aga.npy,train,724,30507,rast,sazsemaisi,aksaksemai,,benli_hasan_aga,26
suzinak_zirgule--turku--oynak--uzun_da_kavak--izmir.npy,train,642,21681,suzinak_zirgule,turku,oynak,uzun_da_kavak,izmir,35
hicaz_humayun--seyir--sofyan--1--sefik_gurmeric.npy,train,55,3990,hicaz_humayun,seyir,sofyan,1,sefik_gurmeric,9
evic--sarki--agiraksak--bulbul_asa--dellalzade_haci_ismail_efendi.npy,train,494,18007,evic,sarki,agiraksak,bulbul_asa,dellalzade_haci_ismail_efendi,5
hicazkar--seyir--sofyan--1--sefik_gurmeric.npy,train,72,4790,hicazkar,seyir,sofyan,1,sefik_gurmeric,11
nihavent--sarki--sofyan--gonlumle_oturdum--sekip_memduh_bey.npy,train,298,12790,nihavent,sarki,sofyan,gonlumle_oturdum,sekip_memduh_bey,23
nikriz--sirto--nimsofyan----refik_fersan.npy,train,848,20630,nikriz,sirto,nimsofyan,,refik_fersan,24
muhayyerkurdi--sazsemaisi--aksaksemai----sadi_isilay.npy,train,490,18193,muhayyerkurdi,sazsemaisi,aksaksemai,,sadi_isilay,21
segah--sarki--agiraksak--bensiz_ey--bimen_sen.npy,train,615,23872,segah,sarki,agiraksak,bensiz_ey,bimen_sen,29
karcigar--mandra--devrituran--karadeniz_oyunhavasi--.npy,train,244,7301,karcigar,mandra,devrituran,karadeniz_oyunhavasi,,16
neva--pesrev--devrikebir----tanburi_cemil_bey.npy,train,731,37237,neva,pesrev,devrikebir,,tanburi_cemil_bey,22
nihavent--sarki--duyek--gizli_ask--zeynettin_maras.npy,train,532,27425,nihavent,sarki,duyek,gizli_ask,zeynettin_maras,23
nihavent--sarki--duyek--unutturamaz_seni--ekrem_guyer.npy,train,441,17033,nihavent,sarki,duyek,unutturamaz_seni,ekrem_guyer,23
nisaburek--aranagme--duyek--1--.npy,train,72,2458,nisaburek,aranagme,duyek,1,,25
ussak--aranagme--aksak--1--.npy,train,110,2566,ussak,aranagme,aksak,1,,37
nihavent--kasaphavasi--duyek----.npy,train,120,5325,nihavent,kasaphavasi,duyek,,,23
ussak--turku--sofyan--kalenin_burcu_muyam--.npy,train,412,12796,ussak,turku,sofyan,kalenin_burcu_muyam,,37
yegah--kupe--yuruksemai_ii--cevr-i_peyderpeyle--ahmet_avni_konuk.npy,train,84,4785,yegah,kupe,yuruksemai_ii,cevr-i_peyderpeyle,ahmet_avni_konuk,38
rast--turku--sofyan--adananin_yollari--.npy,train,518,22775,rast,turku,sofyan,adananin_yollari,,26
kurdilihicazkar--sarki--aksak--safalar_getirdiniz--avni_anil.npy,train,824,20245,kurdilihicazkar,sarki,aksak,safalar_getirdiniz,avni_anil,18
huseyni--seyir--duyek--1--erol_bingol.npy,train,64,3190,huseyni,seyir,duyek,1,erol_bingol,13
rast--sarki--duyek--senin_askinla_cakoldum--basmaci_abdi_efendi.npy,train,263,12851,rast,sarki,duyek,senin_askinla_cakoldum,basmaci_abdi_efendi,26
segah--turku--aksak--izmirin_kavaklari--.npy,train,504,19745,segah,turku,aksak,izmirin_kavaklari,,29
saba--tavsanca--semai--gelmis_degil--sakir_aga.npy,train,207,11869,saba,tavsanca,semai,gelmis_degil,sakir_aga,27
kurdilihicazkar--sarki--duyek--avuclarimda_hala--yusuf_nalkesen.npy,train,421,23254,kurdilihicazkar,sarki,duyek,avuclarimda_hala,yusuf_nalkesen,18
hicaz--turku--evfer--suruverin_cezveler--istanbul.npy,train,324,11363,hicaz,turku,evfer,suruverin_cezveler,istanbul,8
saba--pesrev--duyek----tabi_mustafa_efendi.npy,train,492,21626,saba,pesrev,duyek,,tabi_mustafa_efendi,27
segah--ilahi--sofyan--sordum_sari--.npy,train,252,12790,segah,ilahi,sofyan,sordum_sari,,29
sultaniyegah--sarki--sofyan--andikca_gecen--lemi_atli.npy,train,617,29158,sultaniyegah,sarki,sofyan,andikca_gecen,lemi_atli,32
acemkurdi--sarki--kapali_curcuna--zehretme_hayati--zeki_muren.npy,train,346,18396,acemkurdi,sarki,kapali_curcuna,zehretme_hayati,zeki_muren,1
kurdi--pesrev--devrikebir----sehzade_korkut.npy,train,411,26718,kurdi,pesrev,devrikebir,,sehzade_korkut,17
hicaz--turku--yuruksemai_ii--bitliste_bes--.npy,train,252,7734,hicaz,turku,yuruksemai_ii,bitliste_bes,,8
huzzam--sarki--aksak--indirip_yerlere--cinucen_tanrikorur.npy,train,392,13954,huzzam,sarki,aksak,indirip_yerlere,cinucen_tanrikorur,14
nikriz--turku--oynak--yoruk_de--.npy,train,374,14065,nikriz,turku,oynak,yoruk_de,,24
kurdilihicazkar--sarki--agiraksak--kalb-i_sevdazedeler--selanikli_ahmed_bey.npy,train,692,29230,kurdilihicazkar,sarki,agiraksak,kalb-i_sevdazedeler,selanikli_ahmed_bey,18
gerdaniye--turku--sofyan--odasina_girdim--.npy,train,298,8252,gerdaniye,turku,sofyan,odasina_girdim,,7
huzzam--sarki--aksak--zamani_var_ki--klarnet_ibrahim_efendi.npy,train,434,19359,huzzam,sarki,aksak,zamani_var_ki,klarnet_ibrahim_efendi,14
ussak--sarki--turkaksagi--hala_aciyor--serif_icli.npy,train,449,15845,ussak,sarki,turkaksagi,hala_aciyor,serif_icli,37
kurdilihicazkar--aranagme--turkaksagi--1--.npy,train,119,2993,kurdilihicazkar,aranagme,turkaksagi,1,,18
nikriz--turku--sofyan--kahve_yemenden--.npy,train,604,17164,nikriz,turku,sofyan,kahve_yemenden,,24
karcigar--aranagme--agiraksak--1--.npy,train,95,3259,karcigar,aranagme,agiraksak,1,,16
rast--sarki--aksak--ay_gulsun--ismail_baha_surelsan.npy,train,256,11065,rast,sarki,aksak,ay_gulsun,ismail_baha_surelsan,26
sevkefza--seyir--sofyan--2--sefik_gurmeric.npy,train,87,6380,sevkefza,seyir,sofyan,2,sefik_gurmeric,31
huseyni--turku--aksak--yuksek_yuksek--.npy,train,448,19990,huseyni,turku,aksak,yuksek_yuksek,,13
sedaraban--seyir--sofyan--1--erol_bingol.npy,train,54,3190,sedaraban,seyir,sofyan,1,erol_bingol,28
hicaz--sarki--nimsofyan--yar_saclari--yesari_asim_arsoy.npy,train,632,15143,hicaz,sarki,nimsofyan,yar_saclari,yesari_asim_arsoy,8
huseyni--sarki--curcuna--edali_bir--ali_rifat_cagatay.npy,train,198,10588,huseyni,sarki,curcuna,edali_bir,ali_rifat_cagatay,13
sehnaz--sarki--aksaksemai--ey_verd-i_rana--dede_efendi.npy,train,639,21781,sehnaz,sarki,aksaksemai,ey_verd-i_rana,dede_efendi,30
beyati--yuruksemai--senginsemai--gelse_nesim-i--iv_murad.npy,train,213,20981,beyati,yuruksemai,senginsemai,gelse_nesim-i,iv_murad,3
ussak--sarki--curcuna--hastasin_zannim--sevki_bey.npy,train,340,17179,ussak,sarki,curcuna,hastasin_zannim,sevki_bey,37
segah--sarki--nimsofyan--gel_gitme--kaptanzade_ali_riza_bey.npy,train,216,7072,segah,sarki,nimsofyan,gel_gitme,kaptanzade_ali_riza_bey,29
gerdaniye--turku--aksak--salina_salina--denizli.npy,train,416,19050,gerdaniye,turku,aksak,salina_salina,denizli,7
hicaz--fantezi--duyek--sevemez_kimse--suat_sayin.npy,train,402,19544,hicaz,fantezi,duyek,sevemez_kimse,suat_sayin,8
saba--sarki--aksak--sen_sinemde--necip_mirkelamoglu.npy,train,360,10696,saba,sarki,aksak,sen_sinemde,necip_mirkelamoglu,27
gerdaniye--turku--sofyan--kaleden_kaleye--adiyaman.npy,train,302,10282,gerdaniye,turku,sofyan,kaleden_kaleye,adiyaman,7
tahir--turku--sofyan--hele_yar--diyarbakir.npy,train,422,11583,tahir,turku,sofyan,hele_yar,diyarbakir,36
mahur--sarki--evsat--sabah_olsun--ibrahim_aga.npy,train,836,31195,mahur,sarki,evsat,sabah_olsun,ibrahim_aga,19
nihavent--sarki--aksak--camlica_yolunda--nuri_halil_poyraz.npy,train,256,10380,nihavent,sarki,aksak,camlica_yolunda,nuri_halil_poyraz,23
acemasiran--seyir--semai--1--rauf_yekta.npy,train,67,4785,acemasiran,seyir,semai,1,rauf_yekta,0
ussak--oyunhavasi--ikizaksak--ata_bari--artvin.npy,train,140,6569,ussak,oyunhavasi,ikizaksak,ata_bari,artvin,37
mahur--turku--sofyan--niksarin_fidanlari--tokat.npy,train,400,9166,mahur,turku,sofyan,niksarin_fidanlari,tokat,19
hicaz--sarki--duyek--yalan_degil--yusuf_nalkesen.npy,train,400,25968,hicaz,sarki,duyek,yalan_degil,yusuf_nalkesen,8
gerdaniye--turku--kapali_curcuna--celik_pazari--erzurum.npy,train,696,25999,gerdaniye,turku,kapali_curcuna,celik_pazari,erzurum,7
huseyni--pesrev--muhammes----lavtaci_andon.npy,train,614,27425,huseyni,pesrev,muhammes,,lavtaci_andon,13
huseyni--sarki--yuruksemai--senden_bilirim--tanburi_ali_efendi.npy,train,441,18740,huseyni,sarki,yuruksemai,senden_bilirim,tanburi_ali_efendi,13
kurdilihicazkar--sarki--semai--canandan_uzak--neveser_kokdes.npy,train,348,21960,kurdilihicazkar,sarki,semai,canandan_uzak,neveser_kokdes,18
huzzam--sarki--curcuna--guzel_gun--haci_arif_bey.npy,train,279,11941,huzzam,sarki,curcuna,guzel_gun,haci_arif_bey,14
ferahfeza--beste--firengifer--ey_kasi--dede_efendi.npy,train,751,34212,ferahfeza,beste,firengifer,ey_kasi,dede_efendi,6
kurdi--kupe--musemmen--seyr-i--ahmet_avni_konuk.npy,train,75,3990,kurdi,kupe,musemmen,seyr-i,ahmet_avni_konuk,17
hicaz--sarki--aksak--bir_an--omer_sami_gupgup.npy,train,314,12638,hicaz,sarki,aksak,bir_an,omer_sami_gupgup,8
huseyni--turku--sofyan--cikayim_gideyim--.npy,train,344,15329,huseyni,turku,sofyan,cikayim_gideyim,,13
suzinak_zirgule--sarki--aksak--hasretle_yanan--emin_ongan.npy,train,349,17741,suzinak_zirgule,sarki,aksak,hasretle_yanan,emin_ongan,35
beyati--yuruksemai--yuruksemai--gul_yuzlulerin--tabi_mustafa_efendi.npy,train,424,21214,beyati,yuruksemai,yuruksemai,gul_yuzlulerin,tabi_mustafa_efendi,3
beyati--sarki--aksak--benzemez_kimse--fehmi_tokay.npy,train,448,15253,beyati,sarki,aksak,benzemez_kimse,fehmi_tokay,3
rast--sarki--curcuna--anlatayim_halimi--tanburi_ali_efendi.npy,train,246,13037,rast,sarki,curcuna,anlatayim_halimi,tanburi_ali_efendi,26
nisaburek--sarki--agiraksak--ey_nihal-i--akin_ozkan.npy,train,508,22914,nisaburek,sarki,agiraksak,ey_nihal-i,akin_ozkan,25
mahur--sarki--aksak--servinazi_seyret--rahmi_bey.npy,train,518,12699,mahur,sarki,aksak,servinazi_seyret,rahmi_bey,19
kurdi--sarki--duyek--ayni_bedende--mahmut_ogul.npy,train,582,24468,kurdi,sarki,duyek,ayni_bedende,mahmut_ogul,17
rast--sarki--curcuna--nihansin_dideden--haci_faik_bey.npy,train,302,14337,rast,sarki,curcuna,nihansin_dideden,haci_faik_bey,26
suzinak--agirsemai--aksaksemai--kapilir_her--kucuk_mehmet_aga.npy,train,467,17051,suzinak,agirsemai,aksaksemai,kapilir_her,kucuk_mehmet_aga,34
acemasiran--sarki--aksak--gonlum_dusuyor--ismail_baha_surelsan.npy,train,265,6552,acemasiran,sarki,aksak,gonlum_dusuyor,ismail_baha_surelsan,0
huseyni--sarki--aksak--sevdigim_cemalin--mahmud_celaleddin_pasa.npy,train,380,16357,huseyni,sarki,aksak,sevdigim_cemalin,mahmud_celaleddin_pasa,13
nikriz--seyir--duyek--1--sefik_gurmeric.npy,train,110,6390,nikriz,seyir,duyek,1,sefik_gurmeric,24
nihavent--sarki--duyek--ak_duvaklar--omer_dilek.npy,train,472,23993,nihavent,sarki,duyek,ak_duvaklar,omer_dilek,23
ussak--turku--nimsofyan--ayva_cicek--.npy,train,436,9994,ussak,turku,nimsofyan,ayva_cicek,,37
nihavent--sarki--agiraksak--akibet_viran--numan_aga.npy,train,495,28990,nihavent,sarki,agiraksak,akibet_viran,numan_aga,23
ussak--beste--agircenber--cam-i_lalin--zaharya.npy,train,453,19130,ussak,beste,agircenber,cam-i_lalin,zaharya,37
ussak--oyunhavasi--aksak--bandirma_dortlemesi--.npy,train,478,12746,ussak,oyunhavasi,aksak,bandirma_dortlemesi,,37
hicazkar--sarki--aksak--bekledim_fecre--rakim_elkutlu.npy,train,339,16375,hicazkar,sarki,aksak,bekledim_fecre,rakim_elkutlu,11
ussak--sarki--agiraksak--kaldi_atesler--haci_karabet_efendi.npy,train,575,23700,ussak,sarki,agiraksak,kaldi_atesler,haci_karabet_efendi,37
hicazkar--seyir--devrihindi--2--erol_bingol.npy,train,80,5590,hicazkar,seyir,devrihindi,2,erol_bingol,11
muhayyerkurdi--sarki--curcuna--bakisi_cagirir--selahaddin_pinar.npy,train,658,26192,muhayyerkurdi,sarki,curcuna,bakisi_cagirir,selahaddin_pinar,21
hicaz--turku--turkaksagi--mayadagdan_kalkan--.npy,train,444,16758,hicaz,turku,turkaksagi,mayadagdan_kalkan,,8
beyati--sazsemaisi--aksaksemai----kanuni_omer_efendi.npy,train,648,27435,beyati,sazsemaisi,aksaksemai,,kanuni_omer_efendi,3
segah--sazsemaisi--aksaksemai----hizir_aga.npy,train,632,29618,segah,sazsemaisi,aksaksemai,,hizir_aga,29
karcigar--ornek_oz--nimsofyan--1--ruhi_ayangil.npy,train,42,3190,karcigar,ornek_oz,nimsofyan,1,ruhi_ayangil,16
ussak--ilahi--sofyan--askinla_cak--haci_nafiz_bey.npy,train,120,5999,ussak,ilahi,sofyan,askinla_cak,haci_nafiz_bey,37
kurdilihicazkar--sarki--sofyan--beni_kor_kuyularda--munir_nurettin_selcuk.npy,train,412,23991,kurdilihicazkar,sarki,sofyan,beni_kor_kuyularda,munir_nurettin_selcuk,18
hicaz--sarki--curcuna--severim_her--lemi_atli.npy,train,325,15825,hicaz,sarki,curcuna,severim_her,lemi_atli,8
huseyni--ilahi--nimevsat--idelim_cevlan--.npy,train,234,11633,huseyni,ilahi,nimevsat,idelim_cevlan,,13
acemasiran--pesrev--devrikebir----dede_salih_efendi.npy,train,322,17916,acemasiran,pesrev,devrikebir,,dede_salih_efendi,0
hicaz--sarki--aksak--gulsen-i_husnune--rifat_bey.npy,train,328,11871,hicaz,sarki,aksak,gulsen-i_husnune,rifat_bey,8
mahur--yuruksemai--yuruksemai--yine_zevrak-i--dede_efendi.npy,train,479,23989,mahur,yuruksemai,yuruksemai,yine_zevrak-i,dede_efendi,19
isfahan--seyir--sofyan--1--sefik_gurmeric.npy,train,88,6380,isfahan,seyir,sofyan,1,sefik_gurmeric,15
muhayyer--sarki--curcuna--yetmez_mi_sana--rahmi_bey.npy,train,369,15803,muhayyer,sarki,curcuna,yetmez_mi_sana,rahmi_bey,20
nisaburek--sazsemaisi--aksaksemai----munir_mazhar_kamsoy.npy,train,893,30590,nisaburek,sazsemaisi,aksaksemai,,munir_mazhar_kamsoy,25
huseyni--sarki--agiraksak--semi_husnun--sivelioglu_yorgaki.npy,train,317,21990,huseyni,sarki,agiraksak,semi_husnun,sivelioglu_yorgaki,13
saba--sarki--agiraksak--ince_kirpiklerinin--rakim_elkutlu.npy,train,401,16596,saba,sarki,agiraksak,ince_kirpiklerinin,rakim_elkutlu,27
bestenigar--sarki--agiraksak--kacma_mecburundan--hasim_bey.npy,train,430,18770,bestenigar,sarki,agiraksak,kacma_mecburundan,hasim_bey,2
ussak--turku--devrihindi--menteseli--konya.npy,train,572,17111,ussak,turku,devrihindi,menteseli,konya,37
nikriz--turku--devrituran--ben_giderim--.npy,train,286,6149,nikriz,turku,devrituran,ben_giderim,,24
evic--turku--agiraksak--karanfilin_moruna--canakkale.npy,train,478,13088,evic,turku,agiraksak,karanfilin_moruna,canakkale,5
muhayyer--turku--kapali_curcuna--su_icemem--diyarbakir.npy,train,496,16994,muhayyer,turku,kapali_curcuna,su_icemem,diyarbakir,20
hicaz--sarki--aksak--sen_bu_yerden--sevki_bey.npy,train,458,17302,hicaz,sarki,aksak,sen_bu_yerden,sevki_bey,8
yegah--sarki--devrihindi--sad_ol--rifat_bey.npy,train,395,18641,yegah,sarki,devrihindi,sad_ol,rifat_bey,38
rast--turku--evfer--evrese_yollari--.npy,train,154,6018,rast,turku,evfer,evrese_yollari,,26
kurdilihicazkar--seyir--sofyan--1--sefik_gurmeric.npy,train,107,6380,kurdilihicazkar,seyir,sofyan,1,sefik_gurmeric,18
mahur--sarki--aksak--su_guzele--semseddin_ziya_bey.npy,train,311,13083,mahur,sarki,aksak,su_guzele,semseddin_ziya_bey,19
huzzam--sarki--aksak--gozunun_rengini--selahattin_pinar.npy,train,369,16759,huzzam,sarki,aksak,gozunun_rengini,selahattin_pinar,14
nihavent--sazeseri--nimsofyan--kanatlarim_olsaydi--serif_muhittin_targan.npy,test,517,8795,nihavent,sazeseri,nimsofyan,kanatlarim_olsaydi,serif_muhittin_targan,23
segah--ornek_oz--aksak--1--ruhi_ayangil.npy,test,25,1349,segah,ornek_oz,aksak,1,ruhi_ayangil,29
rast--sarki--azeriyuruksemai--ben_yarali--zeki_duygulu.npy,test,380,10903,rast,sarki,azeriyuruksemai,ben_yarali,zeki_duygulu,26
mahur--pesrev--hafif----rauf_yekta.npy,test,407,19688,mahur,pesrev,hafif,,rauf_yekta,19
rast--sarki--duyek--ne_sarkilarda--omer_dilek.npy,test,248,14658,rast,sarki,duyek,ne_sarkilarda,omer_dilek,26
hicaz--seyir--duyek--1--sefik_gurmeric.npy,test,87,4790,hicaz,seyir,duyek,1,sefik_gurmeric,8
huseyni--turku--sofyan--kopruden_gecti--kirsehir.npy,test,757,30925,huseyni,turku,sofyan,kopruden_gecti,kirsehir,13
huseyni--sarki--aksak--bir_damlacik--omer_dilek.npy,test,446,22727,huseyni,sarki,aksak,bir_damlacik,omer_dilek,13
huzzam--sazsemaisi--aksaksemai----udi_nevres_bey.npy,test,711,33107,huzzam,sazsemaisi,aksaksemai,,udi_nevres_bey,14
tahir--turku--devrituran--asagidan_gelir--sivas.npy,test,572,17837,tahir,turku,devrituran,asagidan_gelir,sivas,36
rast--pesrev--cifteduyek--du-sems--farabi.npy,test,399,25850,rast,pesrev,cifteduyek,du-sems,farabi,26
beyati--sarki--duyek--ruhuma_sundugun--sadettin_kaynak.npy,test,240,12301,beyati,sarki,duyek,ruhuma_sundugun,sadettin_kaynak,3
saba--turku--aksak--daracik_sokaklari--istanbul.npy,test,380,15875,saba,turku,aksak,daracik_sokaklari,istanbul,27
nikriz--nakis--yuruksemai--meclis-i_meyde--kassamzade_mehmet_efendi.npy,test,596,43597,nikriz,nakis,yuruksemai,meclis-i_meyde,kassamzade_mehmet_efendi,24
yegah--sarki--aksaksemai--benim_afet-i--dellalzade_haci_ismail_efendi.npy,test,182,6780,yegah,sarki,aksaksemai,benim_afet-i,dellalzade_haci_ismail_efendi,38
saba--sazsemaisi--aksaksemai----neyzen_aziz_dede.npy,test,521,20345,saba,sazsemaisi,aksaksemai,,neyzen_aziz_dede,27
rast--yuruksemai--yuruksemai_ii--gelse_o--hafiz_post.npy,test,465,21260,rast,yuruksemai,yuruksemai_ii,gelse_o,hafiz_post,26
saba--sarki--kapali_curcuna--hicranimi_hic--yesari_asim_arsoy.npy,test,339,14392,saba,sarki,kapali_curcuna,hicranimi_hic,yesari_asim_arsoy,27
buselik--sarki--semai--dil_bestenim--vecdi_seyhun.npy,test,382,21321,buselik,sarki,semai,dil_bestenim,vecdi_seyhun,4
tahir--turku--aksak--gimildan--manisa.npy,test,386,10796,tahir,turku,aksak,gimildan,manisa,36
hicazkar--sarki--aksak--ey_gul--tahir_aga.npy,test,411,20954,hicazkar,sarki,aksak,ey_gul,tahir_aga,11
rast--sarki--senginsemai--bilmem_ki--selanikli_ahmed_bey.npy,test,389,17451,rast,sarki,senginsemai,bilmem_ki,selanikli_ahmed_bey,26
acemasiran--sarki--agiraksak--ne_kadar--artaki_candan.npy,test,302,16224,acemasiran,sarki,agiraksak,ne_kadar,artaki_candan,0
huzzam--sarki--semai--dil-hun_olurum--bimen_sen.npy,test,349,16559,huzzam,sarki,semai,dil-hun_olurum,bimen_sen,14
hicaz--sarki--semai--sana_dun--munir_nurettin_selcuk.npy,test,483,29095,hicaz,sarki,semai,sana_dun,munir_nurettin_selcuk,8
ussak--sarki--aksak--muntazirdir_sana--dellalzade_haci_ismail_efendi.npy,test,582,42286,ussak,sarki,aksak,muntazirdir_sana,dellalzade_haci_ismail_efendi,37
huzzam--sarki--duyek--nicin_nalendesin--nikogos_aga.npy,test,382,14576,huzzam,sarki,duyek,nicin_nalendesin,nikogos_aga,14
ussak--ornek_oz--semai--1--ruhi_ayangil.npy,test,21,1590,ussak,ornek_oz,semai,1,ruhi_ayangil,37
huseyni--sazsemaisi--aksaksemai----lavtaci_andon.npy,test,639,21717,huseyni,sazsemaisi,aksaksemai,,lavtaci_andon,13
ussak--sarki--duyek--dalinda_solarken--arif_sami_toker.npy,test,299,15825,ussak,sarki,duyek,dalinda_solarken,arif_sami_toker,37
buselik--sarki--sofyan--ol_meh--medeni_aziz_efendi.npy,test,571,15704,buselik,sarki,sofyan,ol_meh,medeni_aziz_efendi,4
evic--karce--nimhafif--geldi_cevher--ebubekir_aga.npy,test,330,21317,evic,karce,nimhafif,geldi_cevher,ebubekir_aga,5
segah--sarki--curcuna--olmaz_ilac--haci_arif_bey.npy,test,478,20583,segah,sarki,curcuna,olmaz_ilac,haci_arif_bey,29
beyati--sarki--aksaksemai--aglatma_beni--dede_efendi.npy,test,362,13349,beyati,sarki,aksaksemai,aglatma_beni,dede_efendi,3
hicaz_humayun--sarki--agiraksak--nitti_bana--sivelioglu_yorgaki.npy,test,452,22429,hicaz_humayun,sarki,agiraksak,nitti_bana,sivelioglu_yorgaki,9
beyati--sarki--sarkidevrirevani--meyleyledi_gonlum--tanburi_isak.npy,test,295,15013,beyati,sarki,sarkidevrirevani,meyleyledi_gonlum,tanburi_isak,3
hicaz--aranagme--evfer--1--.npy,test,58,5395,hicaz,aranagme,evfer,1,,8
segah--turku--turkaksagi--terazi--macka.npy,test,358,11425,segah,turku,turkaksagi,terazi,macka,29
nihavent--turku--nimsofyan--uskudara_gider--.npy,test,437,11337,nihavent,turku,nimsofyan,uskudara_gider,,23
muhayyerkurdi--sarki--duyek--unutulmus_ne--avni_anil.npy,test,366,20780,muhayyerkurdi,sarki,duyek,unutulmus_ne,avni_anil,21
hicazkar--sarki--duyek--cozmek_elinde--sadettin_kaynak.npy,test,528,22115,hicazkar,sarki,duyek,cozmek_elinde,sadettin_kaynak,11
ussak--sarki--muasser--dilber_sana--erol_basara.npy,test,214,8411,ussak,sarki,muasser,dilber_sana,erol_basara,37
suzinak--sarki--curcuna--gozumden_gitmiyor--haci_arif_bey.npy,test,347,16769,suzinak,sarki,curcuna,gozumden_gitmiyor,haci_arif_bey,34
rast--aranagme--musemmen--1--.npy,test,108,5327,rast,aranagme,musemmen,1,,26
kurdilihicazkar--longa--nimsofyan----kemani_sebuh.npy,test,428,10792,kurdilihicazkar,longa,nimsofyan,,kemani_sebuh,18
huseyni--ilahi--agirduyek--allah_allah--ali_ufki.npy,test,168,10100,huseyni,ilahi,agirduyek,allah_allah,ali_ufki,13
neva--turku--nimsofyan--ankaranin_tasina--ankara.npy,test,284,11784,neva,turku,nimsofyan,ankaranin_tasina,ankara,22
segah--turku--nimsofyan--ermenegin_keklikleri--konya.npy,test,716,14459,segah,turku,nimsofyan,ermenegin_keklikleri,konya,29
huseyni--turku--sofyan--hey_onbesli--tokat.npy,test,424,12323,huseyni,turku,sofyan,hey_onbesli,tokat,13
saba--miraciye--serbest--pes_heman--nayi_osman_dede.npy,test,1243,73940,saba,miraciye,serbest,pes_heman,nayi_osman_dede,27
saba--sarki--aksak--can_verme--emin_ongan.npy,test,312,16583,saba,sarki,aksak,can_verme,emin_ongan,27
acemkurdi--sarki--semai--asikim_ben--necdet_tokatlioglu.npy,test,336,20433,acemkurdi,sarki,semai,asikim_ben,necdet_tokatlioglu,1
nihavent--turku--aksak--evlerinin_onu--muzaffer_sarisozen.npy,test,590,21615,nihavent,turku,aksak,evlerinin_onu,muzaffer_sarisozen,23
hicaz--ilahi--sofyan--daglar_ile--kutbi_dede.npy,test,268,14537,hicaz,ilahi,sofyan,daglar_ile,kutbi_dede,8
nihavent--sarki--duyek--gokyuzunde--teoman_alpay.npy,test,303,17136,nihavent,sarki,duyek,gokyuzunde,teoman_alpay,23
tahir--turku--sofyan--karanfil_ocak--nevsehir.npy,test,424,11350,tahir,turku,sofyan,karanfil_ocak,nevsehir,36
kurdilihicazkar--sarki--nimsofyan--huzun--selahattin_icli.npy,test,698,24341,kurdilihicazkar,sarki,nimsofyan,huzun,selahattin_icli,18
suzinak_zirgule--sarki--yuruksemai--husn_alemini--haci_arif_bey.npy,test,352,13107,suzinak_zirgule,sarki,yuruksemai,husn_alemini,haci_arif_bey,35
nihavent--aranagme--agiraksak--1--.npy,test,106,7188,nihavent,aranagme,agiraksak,1,,23
rast--sarki--yuruksemai--fitneler_gizlemis--mahmud_celaleddin_pasa.npy,test,402,14393,rast,sarki,yuruksemai,fitneler_gizlemis,mahmud_celaleddin_pasa,26
ussak--turku--aksak--yangin_olur--.npy,test,210,8993,ussak,turku,aksak,yangin_olur,,37
acemkurdi--aranagme--aksak--1--.npy,test,74,4481,acemkurdi,aranagme,aksak,1,,1
hicaz--turku--sofyan--ela_gozlerine--sadettin_kaynak.npy,test,716,22353,hicaz,turku,sofyan,ela_gozlerine,sadettin_kaynak,8
rast--sarki--senginsemai--sevda_ile_dillendi--munir_nurettin_selcuk.npy,test,326,15749,rast,sarki,senginsemai,sevda_ile_dillendi,munir_nurettin_selcuk,26
muhayyer--divan--nimsofyan--ok_gibi--.npy,test,642,21363,muhayyer,divan,nimsofyan,ok_gibi,,20
hicaz--turku--sofyan--mektebin_bacalari--mus.npy,test,502,16107,hicaz,turku,sofyan,mektebin_bacalari,mus,8
huseyni--divan--sofyan----.npy,test,924,20852,huseyni,divan,sofyan,,,13
karcigar--sarki--agiraksak--husnune_edvar-i--lemi_atli.npy,test,527,22350,karcigar,sarki,agiraksak,husnune_edvar-i,lemi_atli,16
acemkurdi--sarki--senginsemai--ruzgar_uyumus--refik_fersan.npy,test,271,16766,acemkurdi,sarki,senginsemai,ruzgar_uyumus,refik_fersan,1
suzidil--sarki--agiraksak--bir_nigah_ile--nikogos_aga.npy,test,519,18938,suzidil,sarki,agiraksak,bir_nigah_ile,nikogos_aga,33
segah--ornek_oz--duyek--1--ruhi_ayangil.npy,test,21,2271,segah,ornek_oz,duyek,1,ruhi_ayangil,29
hicaz--sarki--duyek--bogazici_sen--alaeddin_yavasca.npy,test,282,14146,hicaz,sarki,duyek,bogazici_sen,alaeddin_yavasca,8
hicazkar--kocekce--aksak--bekliyorum_salinarak--muallim_ismail_hakki_bey.npy,test,416,16614,hicazkar,kocekce,aksak,bekliyorum_salinarak,muallim_ismail_hakki_bey,11
ferahfeza--seyir--sofyan--2--sefik_gurmeric.npy,test,118,7980,ferahfeza,seyir,sofyan,2,sefik_gurmeric,6
ussak--turku--aksak--sari_gulum--.npy,test,472,17349,ussak,turku,aksak,sari_gulum,,37
hisarbuselik--sarki--agiraksak--vuslata_nail--zekai_dede.npy,test,438,14865,hisarbuselik,sarki,agiraksak,vuslata_nail,zekai_dede,12
huseyni--turku--curcuna--sari_gelin--erzurum.npy,test,123,7324,huseyni,turku,curcuna,sari_gelin,erzurum,13
saba--sarki--curcuna--suzdukce_guzel--cevdet_cagla.npy,test,445,24283,saba,sarki,curcuna,suzdukce_guzel,cevdet_cagla,27
nihavent--sazsemaisi--senginsemai----erzurumlu_hasib_dede.npy,test,522,22681,nihavent,sazsemaisi,senginsemai,,erzurumlu_hasib_dede,23
evic--aranagme--senginsemai--1--.npy,test,110,3991,evic,aranagme,senginsemai,1,,5
nihavent--sarki--duyek--askimin_ilk--arif_sami_toker.npy,test,366,16309,nihavent,sarki,duyek,askimin_ilk,arif_sami_toker,23
kurdilihicazkar--sazsemaisi--aksaksemai----yalcin_tura.npy,test,571,20604,kurdilihicazkar,sazsemaisi,aksaksemai,,yalcin_tura,18
hicaz--fantezi--yuruksemai_ii--gamze_gamze--sezen_aksu.npy,test,499,23093,hicaz,fantezi,yuruksemai_ii,gamze_gamze,sezen_aksu,8
hicazkar--sarki--aksak--acil_ey_gonce--haci_arif_bey.npy,test,379,12408,hicazkar,sarki,aksak,acil_ey_gonce,haci_arif_bey,11
tahir--turku--raksan--top_yatagin--aydin.npy,test,458,18203,tahir,turku,raksan,top_yatagin,aydin,36
karcigar--sarki--turkaksagi--bilmem_ki_safa--leon_hanciyan.npy,test,490,17926,karcigar,sarki,turkaksagi,bilmem_ki_safa,leon_hanciyan,16
segah--turku--semai--baharin_gulsen--kars.npy,test,473,18885,segah,turku,semai,baharin_gulsen,kars,29
huzzam--yuruksemai--yuruksemai--reh-i_askinda--dede_efendi.npy,test,852,41580,huzzam,yuruksemai,yuruksemai,reh-i_askinda,dede_efendi,14
hicaz--sarki--devrihindi--baglanip_zulf--sevki_bey.npy,test,440,18143,hicaz,sarki,devrihindi,baglanip_zulf,sevki_bey,8
muhayyerkurdi--seyir--turkaksagi--1--erol_bingol.npy,test,75,3992,muhayyerkurdi,seyir,turkaksagi,1,erol_bingol,21
hisarbuselik--sarki--aksak--eyle_kerem--numan_aga.npy,test,531,16974,hisarbuselik,sarki,aksak,eyle_kerem,numan_aga,12
sehnaz--sarki--aksak--gonul_durmaz--dede_efendi.npy,test,576,17152,sehnaz,sarki,aksak,gonul_durmaz,dede_efendi,30
huseyni--sarki--sofyan--tez_gecse_de--selahattin_inal.npy,test,498,18458,huseyni,sarki,sofyan,tez_gecse_de,selahattin_inal,13
segah--turku--nimsofyan--zeytinyagli_yiyemem--.npy,test,420,11207,segah,turku,nimsofyan,zeytinyagli_yiyemem,,29
bestenigar--sarki--kapali_curcuna--ben_seni--dede_efendi.npy,test,345,14389,bestenigar,sarki,kapali_curcuna,ben_seni,dede_efendi,2
kurdilihicazkar--sarki--senginsemai--artik_ne--artaki_candan.npy,test,602,19190,kurdilihicazkar,sarki,senginsemai,artik_ne,artaki_candan,18
hicaz--sarki--turkaksagi--ey_cerhi_sitemger--medeni_aziz_efendi.npy,test,498,21263,hicaz,sarki,turkaksagi,ey_cerhi_sitemger,medeni_aziz_efendi,8
kurdi--seyir--sofyan--1--sefik_gurmeric.npy,test,53,3190,kurdi,seyir,sofyan,1,sefik_gurmeric,17
huzzam--sarki--senginsemai--acmam_acamam--nasibin_mehmet_yuru.npy,test,571,20173,huzzam,sarki,senginsemai,acmam_acamam,nasibin_mehmet_yuru,14
buselik--sarki--curcuna--benim_gonlum--osman_nuri_ozpekel.npy,test,386,16662,buselik,sarki,curcuna,benim_gonlum,osman_nuri_ozpekel,4
sehnaz--aranagme--sofyan--1--.npy,test,154,3552,sehnaz,aranagme,sofyan,1,,30
rast--sarki--senginsemai--hafizin_kabri--munir_nurettin_selcuk.npy,test,344,19403,rast,sarki,senginsemai,hafizin_kabri,munir_nurettin_selcuk,26
kurdilihicazkar--sarki--aksak--gidelim_goksuya--lavtaci_hristo.npy,test,560,20461,kurdilihicazkar,sarki,aksak,gidelim_goksuya,lavtaci_hristo,18
kurdilihicazkar--sarki--senginsemai--derdin_ne--nasibin_mehmet_yuru.npy,test,588,22491,kurdilihicazkar,sarki,senginsemai,derdin_ne,nasibin_mehmet_yuru,18
rast--medhal--hafif--musahabet_i_musikiye--refik_fersan.npy,test,491,28915,rast,medhal,hafif,musahabet_i_musikiye,refik_fersan,26
evic--turku--aksak--ey_benim--.npy,test,344,14996,evic,turku,aksak,ey_benim,,5
nikriz--kupe--devrirevanihindi--halka-i_mecliste--ahmet_avni_konuk.npy,test,123,6588,nikriz,kupe,devrirevanihindi,halka-i_mecliste,ahmet_avni_konuk,24
hicaz--turku--nimsofyan--daglar_daglar--.npy,test,672,21535,hicaz,turku,nimsofyan,daglar_daglar,,8
sehnaz--sarki--sofyan--gel_meclise--muallim_ismail_hakki_bey.npy,test,551,16011,sehnaz,sarki,sofyan,gel_meclise,muallim_ismail_hakki_bey,30
bestenigar--sarki--kapali_curcuna--cok_surmedi--enderunlu_hafiz_husnu_efendi.npy,test,611,24834,bestenigar,sarki,kapali_curcuna,cok_surmedi,enderunlu_hafiz_husnu_efendi,2
nisaburek--sarki--aksak--artik_demir--ferit_sidal.npy,test,301,14138,nisaburek,sarki,aksak,artik_demir,ferit_sidal,25
sehnaz--longa--sofyan----santuri_ethem_efendi.npy,test,501,7678,sehnaz,longa,sofyan,,santuri_ethem_efendi,30
hicaz--turku--devrihindi--cayelinden_oteye--rize.npy,test,252,8435,hicaz,turku,devrihindi,cayelinden_oteye,rize,8
hicazkar--sarki--devrihindi--gonlumu_ducar--sevki_bey.npy,test,224,11816,hicazkar,sarki,devrihindi,gonlumu_ducar,sevki_bey,11
huzzam--sarki--aksak--ey_husn--ahmet_irsoy.npy,test,455,17142,huzzam,sarki,aksak,ey_husn,ahmet_irsoy,14
neva--sarki--aksak--muntazirim_tesrifine--tanburi_mustafa_cavus.npy,test,306,15731,neva,sarki,aksak,muntazirim_tesrifine,tanburi_mustafa_cavus,22
hicaz_humayun--sarki--curcuna--ates-i_suzan-i--haci_faik_bey.npy,test,363,17580,hicaz_humayun,sarki,curcuna,ates-i_suzan-i,haci_faik_bey,9
hicaz--agirsemai--agirsenginsemai--guller_kizarir--ibrahim_aga.npy,test,598,30448,hicaz,agirsemai,agirsenginsemai,guller_kizarir,ibrahim_aga,8
hicaz--sarki--duyek--anilsin_yar--semseddin_ziya_bey.npy,test,476,18521,hicaz,sarki,duyek,anilsin_yar,semseddin_ziya_bey,8
hicaz--sarki--devrisureyya--kuru_dallar--ismet_burkay.npy,test,369,17714,hicaz,sarki,devrisureyya,kuru_dallar,ismet_burkay,8
evic--karsilama--yuruksemai_ii--on_kerre--.npy,test,172,7150,evic,karsilama,yuruksemai_ii,on_kerre,,5
bestenigar--pesrev--fahte----tatyos_efendi.npy,test,615,26671,bestenigar,pesrev,fahte,,tatyos_efendi,2
tahir--turku--nimsofyan--basinda_altin--diyarbakir.npy,test,488,12384,tahir,turku,nimsofyan,basinda_altin,diyarbakir,36
nisaburek--sarki--yuruksemai_ii--mest-i_nazim--yusuf_ziya_pasa.npy,test,256,14395,nisaburek,sarki,yuruksemai_ii,mest-i_nazim,yusuf_ziya_pasa,25
rast--sarki--musemmen--vuslatindan_gayri--haci_arif_bey.npy,test,417,20047,rast,sarki,musemmen,vuslatindan_gayri,haci_arif_bey,26
acemasiran--sarki--raksaksagi--bana_tavr-i--sakir_aga.npy,test,272,9527,acemasiran,sarki,raksaksagi,bana_tavr-i,sakir_aga,0
muhayyerkurdi--sarki--duyek--ruzgar_soyluyor--sekip_ayhan_ozisik.npy,test,448,22943,muhayyerkurdi,sarki,duyek,ruzgar_soyluyor,sekip_ayhan_ozisik,21
huzzam--sarki--aksak--gonlum_seher--sadettin_kaynak.npy,test,729,22838,huzzam,sarki,aksak,gonlum_seher,sadettin_kaynak,14
nihavent--etud--sofyan----ozer_ozel.npy,test,82,1767,nihavent,etud,sofyan,,ozer_ozel,23
muhayyer--seyir--sofyan--1--erol_bingol.npy,test,59,3190,muhayyer,seyir,sofyan,1,erol_bingol,20
huseyni--rumeliturkusu--aksak--akzadeler_giyer--rumeli.npy,test,558,20126,huseyni,rumeliturkusu,aksak,akzadeler_giyer,rumeli,13
karcigar--aranagme--devrihindi--1--.npy,test,86,4658,karcigar,aranagme,devrihindi,1,,16
segah--yuruksemai--yuruksemai--etti_o--ebubekir_aga.npy,test,395,16936,segah,yuruksemai,yuruksemai,etti_o,ebubekir_aga,29
beyati--turku--3334--kirmizi_gul--erzurum.npy,test,397,16181,beyati,turku,3334,kirmizi_gul,erzurum,3
huzzam--kanto--aksak--bana_bir--lavtaci_hristo.npy,test,302,13218,huzzam,kanto,aksak,bana_bir,lavtaci_hristo,14
muhayyer--turku--raksaksagi--istanbuldan_uskudara--.npy,test,465,14995,muhayyer,turku,raksaksagi,istanbuldan_uskudara,,20
ussak--ilahi--sofyan--seyyah_olup--.npy,test,350,15264,ussak,ilahi,sofyan,seyyah_olup,,37
ussak--sazsemaisi--aksaksemai----neyzen_aziz_dede.npy,test,650,27519,ussak,sazsemaisi,aksaksemai,,neyzen_aziz_dede,37
ussak--sazsemaisi--aksaksemai----corci.npy,test,774,37885,ussak,sazsemaisi,aksaksemai,,corci,37
ussak--fantezi--sofyan--soyle_sevgili--munir_nurettin_selcuk.npy,test,394,22672,ussak,fantezi,sofyan,soyle_sevgili,munir_nurettin_selcuk,37
hicaz--seyir--duyek--1--erol_bingol.npy,test,58,3190,hicaz,seyir,duyek,1,erol_bingol,8
evic--sarki--turkaksagi--kalbimde_acilmis--isak_varon.npy,test,536,22078,evic,sarki,turkaksagi,kalbimde_acilmis,isak_varon,5
kurdilihicazkar--sarki--agiraksak--soyle_ey--rahmi_bey.npy,test,350,18023,kurdilihicazkar,sarki,agiraksak,soyle_ey,rahmi_bey,18
gerdaniye--turku--musemmen_ii--dost_eline--malatya.npy,test,392,13597,gerdaniye,turku,musemmen_ii,dost_eline,malatya,7
segah--turku--iki_bir--pencereden_tas--kars.npy,test,364,11196,segah,turku,iki_bir,pencereden_tas,kars,29
segah--kupe--darb--verse--ahmet_avni_konuk.npy,test,104,6847,segah,kupe,darb,verse,ahmet_avni_konuk,29
segah--sarki--agiraksak--hatir-i_nasadi--tanburi_cemil_bey.npy,test,559,24337,segah,sarki,agiraksak,hatir-i_nasadi,tanburi_cemil_bey,29
hicazkar--seyir--semai--1--rauf_yekta.npy,test,75,4792,hicazkar,seyir,semai,1,rauf_yekta,11
isfahan--sarki--agiraksak--asiyan-i_murg-i--udi_nevres_bey.npy,test,591,23813,isfahan,sarki,agiraksak,asiyan-i_murg-i,udi_nevres_bey,15
neva--seyir--sofyan--1--sefik_gurmeric.npy,test,120,7990,neva,seyir,sofyan,1,sefik_gurmeric,22
beyati--sarki--yuruksemai_ii--uzulme_bir--omer_sami_gupgup.npy,test,238,11514,beyati,sarki,yuruksemai_ii,uzulme_bir,omer_sami_gupgup,3
rast--sarki--aksak--sen_nazla_gezerken--kazim_nami_erdolen.npy,test,395,14395,rast,sarki,aksak,sen_nazla_gezerken,kazim_nami_erdolen,26
huseyni--sarki--devrihindi--dil-rubasin_sevdigim--hafiz_mehmet_esref_efendi.npy,test,474,17267,huseyni,sarki,devrihindi,dil-rubasin_sevdigim,hafiz_mehmet_esref_efendi,13
muhayyerkurdi--aranagme--nimsofyan--1--.npy,test,63,2394,muhayyerkurdi,aranagme,nimsofyan,1,,21
muhayyerkurdi--sarki--duyek--senden_bana--teoman_alpay.npy,test,314,23453,muhayyerkurdi,sarki,duyek,senden_bana,teoman_alpay,21
kurdilihicazkar--sarki--devrihindi--sen_beni--mahmud_celaleddin_pasa.npy,test,486,18335,kurdilihicazkar,sarki,devrihindi,sen_beni,mahmud_celaleddin_pasa,18
acemasiran--sarki--duyek--ruhumda_derin--kemal_gurses.npy,test,456,17854,acemasiran,sarki,duyek,ruhumda_derin,kemal_gurses,0
huzzam--sarki--senginsemai--hal-i_dil-i--haci_arif_bey.npy,test,184,10275,huzzam,sarki,senginsemai,hal-i_dil-i,haci_arif_bey,14
hicazkar--sarki--kapali_curcuna--mani_oluyor--tatyos_efendi.npy,test,360,15995,hicazkar,sarki,kapali_curcuna,mani_oluyor,tatyos_efendi,11
kurdilihicazkar--sarki--aksak--muntazir_tesrifine--haci_arif_bey.npy,test,512,13496,kurdilihicazkar,sarki,aksak,muntazir_tesrifine,haci_arif_bey,18
ussak--sarki--devrihindi--bezm-i_gamda--mustafa_coskun.npy,test,432,18746,ussak,sarki,devrihindi,bezm-i_gamda,mustafa_coskun,37
hicazkar--sarki--katikofti--dus_olma--ahmet_mithat_gupgupoglu.npy,test,407,15109,hicazkar,sarki,katikofti,dus_olma,ahmet_mithat_gupgupoglu,11
rast--sarki--agiraksak--cevr_olur--serif_icli.npy,test,463,17789,rast,sarki,agiraksak,cevr_olur,serif_icli,26
acemasiran--sarki--sofyan--gonul_sana--sadettin_kaynak.npy,test,1060,36381,acemasiran,sarki,sofyan,gonul_sana,sadettin_kaynak,0
ferahfeza--sarki--aydin--mehtapta_guzel--muallim_ismail_hakki_bey.npy,test,348,17990,ferahfeza,sarki,aydin,mehtapta_guzel,muallim_ismail_hakki_bey,6
sedaraban--sazsemaisi--aksaksemai----tanburi_cemil_bey.npy,test,709,26805,sedaraban,sazsemaisi,aksaksemai,,tanburi_cemil_bey,28
ussak--turku--turkaksagi--drama_koprusu--.npy,test,288,19980,ussak,turku,turkaksagi,drama_koprusu,,37
huseyni--sarki--musemmen--hem_cemalin--zeki_duygulu.npy,test,511,16646,huseyni,sarki,musemmen,hem_cemalin,zeki_duygulu,13
